codigo_ibge,grupo_dcnt,obitos,internacoes,obitos_hospitalares,municipio,populacao_censo2022,taxa_urbanizacao_pct,pib_per_capita,taxa_mortalidade_100k,taxa_internacao_100k,taxa_letalidade_pct
4200051,Cardiovascular,12.0,0.0,0.0,Abdon Batista,2598.0,45.15011547344111,42463.04849884527,461.8937644341801,0.0,
4200051,Câncer,2.0,0.0,0.0,Abdon Batista,2598.0,45.15011547344111,42463.04849884527,76.98229407236335,0.0,
4200051,Diabetes,1.0,0.0,0.0,Abdon Batista,2598.0,45.15011547344111,42463.04849884527,38.49114703618167,0.0,
4200101,Cardiovascular,85.0,266.0,7.0,Abelardo Luz,17392.0,65.44388224471021,58561.7525298988,488.7304507819688,1529.438822447102,2.631578947368421
4200101,Câncer,92.0,55.0,13.0,Abelardo Luz,17392.0,65.44388224471021,58561.7525298988,528.9788408463661,316.2373505059798,23.636363636363637
4200101,Diabetes,34.0,81.0,4.0,Abelardo Luz,17392.0,65.44388224471021,58561.7525298988,195.4921803127875,465.7313707451702,4.938271604938271
4200101,Respiratória crônica,31.0,331.0,11.0,Abelardo Luz,17392.0,65.44388224471021,58561.7525298988,178.24287028518862,1903.1738730450782,3.3232628398791544
4200200,Cardiovascular,66.0,47.0,4.0,Agrolândia,10990.0,75.19563239308462,40951.04640582348,600.5459508644221,427.66151046405827,8.51063829787234
4200200,Câncer,45.0,5.0,2.0,Agrolândia,10990.0,75.19563239308462,40951.04640582348,409.4631483166515,45.49590536851684,40.0
4200200,Diabetes,21.0,6.0,0.0,Agrolândia,10990.0,75.19563239308462,40951.04640582348,191.0828025477707,54.5950864422202,0.0
4200200,Respiratória crônica,13.0,1.0,0.0,Agrolândia,10990.0,75.19563239308462,40951.04640582348,118.28935395814376,9.099181073703367,0.0
4200309,Cardiovascular,15.0,0.0,0.0,Agronômica,6055.0,59.30635838150289,38772.74979355904,247.7291494632535,0.0,
4200309,Câncer,8.0,0.0,0.0,Agronômica,6055.0,59.30635838150289,38772.74979355904,132.12221304706853,0.0,
4200309,Diabetes,3.0,0.0,0.0,Agronômica,6055.0,59.30635838150289,38772.74979355904,49.545829892650694,0.0,
4200309,Respiratória crônica,3.0,0.0,0.0,Agronômica,6055.0,59.30635838150289,38772.74979355904,49.545829892650694,0.0,
4200408,Cardiovascular,40.0,136.0,6.0,Água Doce,6508.0,53.99508297480025,116052.0897357099,614.6281499692685,2089.735709895513,4.411764705882353
4200408,Câncer,23.0,8.0,1.0,Água Doce,6508.0,53.99508297480025,116052.0897357099,353.41118623232944,122.9256299938537,12.5
4200408,Diabetes,3.0,87.0,0.0,Água Doce,6508.0,53.99508297480025,116052.0897357099,46.097111247695146,1336.8162261831592,0.0
4200408,Respiratória crônica,5.0,260.0,1.0,Água Doce,6508.0,53.99508297480025,116052.0897357099,76.82851874615857,3995.0829748002457,0.38461538461538464
4200507,Cardiovascular,14.0,0.0,0.0,Águas de Chapecó,6036.0,59.36050364479788,26479.953611663357,231.94168323392978,0.0,
4200507,Câncer,10.0,0.0,0.0,Águas de Chapecó,6036.0,59.36050364479788,26479.953611663357,165.67263088137838,0.0,
4200507,Diabetes,5.0,0.0,0.0,Águas de Chapecó,6036.0,59.36050364479788,26479.953611663357,82.83631544068919,0.0,
4200507,Respiratória crônica,3.0,0.0,0.0,Águas de Chapecó,6036.0,59.36050364479788,26479.953611663357,49.70178926441351,0.0,
4200556,Cardiovascular,21.0,0.0,0.0,Águas Frias,2839.0,45.96688974991194,72904.19161676646,739.6970764353646,0.0,
4200556,Câncer,5.0,0.0,0.0,Águas Frias,2839.0,45.96688974991194,72904.19161676646,176.11835153222964,0.0,
4200556,Diabetes,3.0,0.0,0.0,Águas Frias,2839.0,45.96688974991194,72904.19161676646,105.67101091933779,0.0,
4200556,Respiratória crônica,3.0,0.0,0.0,Águas Frias,2839.0,45.96688974991194,72904.19161676646,105.67101091933779,0.0,
4200606,Cardiovascular,47.0,0.0,0.0,Águas Mornas,6743.0,54.36749221414801,31353.40352958624,697.0191309506155,0.0,
4200606,Câncer,7.0,0.0,0.0,Águas Mornas,6743.0,54.36749221414801,31353.40352958624,103.81135992881507,0.0,
4200606,Diabetes,2.0,0.0,0.0,Águas Mornas,6743.0,54.36749221414801,31353.40352958624,29.660388551090016,0.0,
4200705,Cardiovascular,67.0,89.0,3.0,Alfredo Wagner,10481.0,38.34557771205038,33593.45482301307,639.2519797729224,849.1556149222403,3.3707865168539324
4200705,Câncer,38.0,12.0,3.0,Alfredo Wagner,10481.0,38.34557771205038,33593.45482301307,362.56082434882165,114.49289189962789,25.0
4200705,Diabetes,29.0,21.0,0.0,Alfredo Wagner,10481.0,38.34557771205038,33593.45482301307,276.69115542410077,200.36256082434883,0.0
4200705,Respiratória crônica,15.0,76.0,2.0,Alfredo Wagner,10481.0,38.34557771205038,33593.45482301307,143.11611487453487,725.1216486976433,2.631578947368421
4200754,Cardiovascular,17.0,0.0,0.0,Alto Bela Vista,1856.0,35.668103448275865,44211.74568965517,915.9482758620688,0.0,
4200754,Câncer,8.0,0.0,0.0,Alto Bela Vista,1856.0,35.668103448275865,44211.74568965517,431.0344827586207,0.0,
4200754,Diabetes,4.0,0.0,0.0,Alto Bela Vista,1856.0,35.668103448275865,44211.74568965517,215.51724137931035,0.0,
4200804,Cardiovascular,26.0,0.0,0.0,Anchieta,5943.0,57.95053003533569,37278.31061753324,437.4894834258792,0.0,
4200804,Câncer,24.0,0.0,0.0,Anchieta,5943.0,57.95053003533569,37278.31061753324,403.8364462392731,0.0,
4200804,Diabetes,10.0,0.0,0.0,Anchieta,5943.0,57.95053003533569,37278.31061753324,168.26518593303044,0.0,
4200804,Respiratória crônica,11.0,0.0,0.0,Anchieta,5943.0,57.95053003533569,37278.31061753324,185.0917045263335,0.0,
4200903,Cardiovascular,91.0,487.0,31.0,Angelina,5358.0,20.4180664427025,27525.00933184024,1698.39492347891,9089.212392683838,6.365503080082135
4200903,Câncer,22.0,0.0,0.0,Angelina,5358.0,20.4180664427025,27525.00933184024,410.60097051138484,0.0,
4200903,Diabetes,10.0,79.0,5.0,Angelina,5358.0,20.4180664427025,27525.00933184024,186.6368047779022,1474.4307577454274,6.329113924050633
4200903,Respiratória crônica,15.0,27.0,1.0,Angelina,5358.0,20.4180664427025,27525.00933184024,279.9552071668533,503.91937290033593,3.7037037037037033
4201000,Cardiovascular,102.0,248.0,21.0,Anita Garibaldi,8285.0,57.39287869643936,25853.711526855765,1231.1406155703078,2993.361496680748,8.46774193548387
4201000,Câncer,38.0,56.0,8.0,Anita Garibaldi,8285.0,57.39287869643936,25853.711526855765,458.6602293301147,675.9203379601689,14.285714285714285
4201000,Diabetes,11.0,32.0,0.0,Anita Garibaldi,8285.0,57.39287869643936,25853.711526855765,132.7700663850332,386.24019312009654,0.0
4201000,Respiratória crônica,23.0,487.0,2.0,Anita Garibaldi,8285.0,57.39287869643936,25853.711526855765,277.6101388050694,5878.09293904647,0.41067761806981523
4201109,Cardiovascular,39.0,226.0,2.0,Anitápolis,3593.0,39.96660172557751,26209.29585304759,1085.4439187308656,6290.008349568606,0.8849557522123894
4201109,Câncer,14.0,0.0,0.0,Anitápolis,3593.0,39.96660172557751,26209.29585304759,389.6465349290287,0.0,
4201109,Diabetes,6.0,63.0,0.0,Anitápolis,3593.0,39.96660172557751,26209.29585304759,166.99137211244084,1753.409407180629,0.0
4201109,Respiratória crônica,3.0,118.0,0.0,Anitápolis,3593.0,39.96660172557751,26209.29585304759,83.49568605622042,3284.16365154467,0.0
4201208,Cardiovascular,46.0,0.0,0.0,Antônio Carlos,11224.0,56.88702779757661,72963.0256593015,409.8360655737705,0.0,
4201208,Câncer,13.0,0.0,0.0,Antônio Carlos,11224.0,56.88702779757661,72963.0256593015,115.8232359230221,0.0,
4201208,Diabetes,6.0,0.0,0.0,Antônio Carlos,11224.0,56.88702779757661,72963.0256593015,53.456878118317896,0.0,
4201208,Respiratória crônica,2.0,0.0,0.0,Antônio Carlos,11224.0,56.88702779757661,72963.0256593015,17.818959372772632,0.0,
4201257,Cardiovascular,35.0,0.0,0.0,Apiúna,9811.0,47.73213739679952,49301.29446539599,356.74243196412186,0.0,
4201257,Câncer,22.0,0.0,0.0,Apiúna,9811.0,47.73213739679952,49301.29446539599,224.23810009173377,0.0,
4201257,Diabetes,17.0,0.0,0.0,Apiúna,9811.0,47.73213739679952,49301.29446539599,173.27489552543062,0.0,
4201257,Respiratória crônica,9.0,0.0,0.0,Apiúna,9811.0,47.73213739679952,49301.29446539599,91.73376821934563,0.0,
4201273,Cardiovascular,23.0,93.0,3.0,Arabutã,4378.0,42.09684787574235,79208.31429876656,525.3540429419826,2124.2576518958426,3.225806451612903
4201273,Câncer,23.0,5.0,1.0,Arabutã,4378.0,42.09684787574235,79208.31429876656,525.3540429419826,114.20740063956144,20.0
4201273,Diabetes,6.0,8.0,1.0,Arabutã,4378.0,42.09684787574235,79208.31429876656,137.04888076747375,182.7318410232983,12.5
4201273,Respiratória crônica,4.0,6.0,2.0,Arabutã,4378.0,42.09684787574235,79208.31429876656,91.36592051164915,137.04888076747375,33.33333333333333
4201307,Cardiovascular,163.0,0.0,0.0,Araquari,45283.0,93.5582889826204,176354.5259810525,359.9584833160347,0.0,
4201307,Câncer,41.0,0.0,0.0,Araquari,45283.0,93.5582889826204,176354.5259810525,90.54170439237683,0.0,
4201307,Diabetes,26.0,0.0,0.0,Araquari,45283.0,93.5582889826204,176354.5259810525,57.41669059028774,0.0,
4201307,Respiratória crônica,19.0,0.0,0.0,Araquari,45283.0,93.5582889826204,176354.5259810525,41.95835081597951,0.0,
4201406,Cardiovascular,869.0,2456.0,225.0,Araranguá,71922.0,92.30416284308,37454.31161536108,1208.253385612191,3414.810489141014,9.161237785016286
4201406,Câncer,339.0,220.0,70.0,Araranguá,71922.0,92.30416284308,37454.31161536108,471.3439559522817,305.8869330663775,31.818181818181817
4201406,Diabetes,139.0,457.0,8.0,Araranguá,71922.0,92.30416284308,37454.31161536108,193.26492589193847,635.4105836878841,1.75054704595186
4201406,Respiratória crônica,147.0,511.0,48.0,Araranguá,71922.0,92.30416284308,37454.31161536108,204.38808709435222,710.4919218041767,9.393346379647749
4201505,Cardiovascular,86.0,374.0,16.0,Armazém,8834.0,64.54607199456645,32397.32850350917,973.5114330993888,4233.642743943853,4.27807486631016
4201505,Câncer,40.0,26.0,8.0,Armazém,8834.0,64.54607199456645,32397.32850350917,452.7960153950645,294.31741000679193,30.76923076923077
4201505,Diabetes,33.0,173.0,4.0,Armazém,8834.0,64.54607199456645,32397.32850350917,373.55671270092824,1958.3427665836539,2.312138728323699
4201505,Respiratória crônica,13.0,126.0,2.0,Armazém,8834.0,64.54607199456645,32397.32850350917,147.15870500339597,1426.3074484944534,1.5873015873015872
4201604,Cardiovascular,17.0,106.0,1.0,Arroio Trinta,3556.0,70.80989876265467,38540.21372328459,478.0652418447694,2980.8773903262095,0.9433962264150944
4201604,Câncer,11.0,42.0,1.0,Arroio Trinta,3556.0,70.80989876265467,38540.21372328459,309.3363329583802,1181.1023622047244,2.380952380952381
4201604,Diabetes,3.0,45.0,0.0,Arroio Trinta,3556.0,70.80989876265467,38540.21372328459,84.3644544431946,1265.4668166479191,0.0
4201604,Respiratória crônica,7.0,80.0,1.0,Arroio Trinta,3556.0,70.80989876265467,38540.21372328459,196.8503937007874,2249.718785151856,1.25
4201653,Cardiovascular,11.0,0.0,0.0,Arvoredo,2510.0,36.01593625498008,73374.10358565737,438.24701195219126,0.0,
4201653,Câncer,5.0,0.0,0.0,Arvoredo,2510.0,36.01593625498008,73374.10358565737,199.20318725099602,0.0,
4201653,Diabetes,1.0,0.0,0.0,Arvoredo,2510.0,36.01593625498008,73374.10358565737,39.8406374501992,0.0,
4201653,Respiratória crônica,1.0,0.0,0.0,Arvoredo,2510.0,36.01593625498008,73374.10358565737,39.8406374501992,0.0,
4201703,Cardiovascular,27.0,0.0,0.0,Ascurra,8319.0,93.26842168529872,33120.687582642146,324.5582401730977,0.0,
4201703,Câncer,17.0,0.0,0.0,Ascurra,8319.0,93.26842168529872,33120.687582642146,204.3514845534319,0.0,
4201703,Diabetes,6.0,0.0,0.0,Ascurra,8319.0,93.26842168529872,33120.687582642146,72.1240533717995,0.0,
4201703,Respiratória crônica,4.0,0.0,0.0,Ascurra,8319.0,93.26842168529872,33120.687582642146,48.08270224786633,0.0,
4201802,Cardiovascular,8.0,0.0,0.0,Atalanta,3227.0,49.11682677409359,43445.92500774714,247.9082739386427,0.0,
4201802,Câncer,10.0,0.0,0.0,Atalanta,3227.0,49.11682677409359,43445.92500774714,309.88534242330337,0.0,
4201802,Diabetes,3.0,0.0,0.0,Atalanta,3227.0,49.11682677409359,43445.92500774714,92.96560272699101,0.0,
4201802,Respiratória crônica,2.0,0.0,0.0,Atalanta,3227.0,49.11682677409359,43445.92500774714,61.97706848466068,0.0,
4201901,Cardiovascular,28.0,0.0,0.0,Aurora,6780.0,43.28908554572271,60221.82890855457,412.9793510324484,0.0,
4201901,Câncer,8.0,0.0,0.0,Aurora,6780.0,43.28908554572271,60221.82890855457,117.99410029498524,0.0,
4201901,Diabetes,2.0,0.0,0.0,Aurora,6780.0,43.28908554572271,60221.82890855457,29.49852507374631,0.0,
4201901,Respiratória crônica,3.0,0.0,0.0,Aurora,6780.0,43.28908554572271,60221.82890855457,44.24778761061947,0.0,
4201950,Cardiovascular,113.0,0.0,0.0,Balneário Arroio do Silva,15820.0,99.17193426042984,15922.75600505689,714.2857142857142,0.0,
4201950,Câncer,14.0,0.0,0.0,Balneário Arroio do Silva,15820.0,99.17193426042984,15922.75600505689,88.49557522123894,0.0,
4201950,Diabetes,6.0,0.0,0.0,Balneário Arroio do Silva,15820.0,99.17193426042984,15922.75600505689,37.92667509481669,0.0,
4201950,Respiratória crônica,2.0,0.0,0.0,Balneário Arroio do Silva,15820.0,99.17193426042984,15922.75600505689,12.642225031605562,0.0,
4202008,Cardiovascular,1400.0,3068.0,413.0,Balneário Camboriú,139155.0,100.0,57355.5747188387,1006.0723653479932,2204.735726348317,13.461538461538462
4202008,Câncer,1197.0,144.0,45.0,Balneário Camboriú,139155.0,100.0,57355.5747188387,860.1918723725341,103.48172900722216,31.25
4202008,Diabetes,311.0,506.0,21.0,Balneário Camboriú,139155.0,100.0,57355.5747188387,223.49178973087564,363.62329776148897,4.150197628458498
4202008,Respiratória crônica,286.0,447.0,41.0,Balneário Camboriú,139155.0,100.0,57355.5747188387,205.5262117782329,321.22453379325214,9.172259507829978
4202057,Cardiovascular,95.0,0.0,0.0,Balneário Barra do Sul,14912.0,94.4943669527897,18921.405579399143,637.0708154506439,0.0,
4202057,Câncer,39.0,0.0,0.0,Balneário Barra do Sul,14912.0,94.4943669527897,18921.405579399143,261.5343347639485,0.0,
4202057,Diabetes,27.0,0.0,0.0,Balneário Barra do Sul,14912.0,94.4943669527897,18921.405579399143,181.06223175965664,0.0,
4202057,Respiratória crônica,8.0,0.0,0.0,Balneário Barra do Sul,14912.0,94.4943669527897,18921.405579399143,53.648068669527895,0.0,
4202073,Cardiovascular,62.0,0.0,0.0,Balneário Gaivota,15669.0,91.63954304678028,16523.326313102305,395.6857489310103,0.0,
4202073,Câncer,19.0,0.0,0.0,Balneário Gaivota,15669.0,91.63954304678028,16523.326313102305,121.25853596272896,0.0,
4202073,Diabetes,11.0,0.0,0.0,Balneário Gaivota,15669.0,91.63954304678028,16523.326313102305,70.2023102942115,0.0,
4202073,Respiratória crônica,6.0,0.0,0.0,Balneário Gaivota,15669.0,91.63954304678028,16523.326313102305,38.29216925138809,0.0,
4202081,Cardiovascular,10.0,0.0,0.0,Bandeirante,3144.0,47.01017811704835,34483.46055979644,318.06615776081424,0.0,
4202081,Câncer,6.0,0.0,0.0,Bandeirante,3144.0,47.01017811704835,34483.46055979644,190.83969465648855,0.0,
4202081,Diabetes,1.0,0.0,0.0,Bandeirante,3144.0,47.01017811704835,34483.46055979644,31.806615776081426,0.0,
4202081,Respiratória crônica,1.0,0.0,0.0,Bandeirante,3144.0,47.01017811704835,34483.46055979644,31.806615776081426,0.0,
4202099,Cardiovascular,3.0,0.0,0.0,Barra Bonita,1668.0,23.321342925659472,33461.03117505995,179.85611510791367,0.0,
4202099,Câncer,1.0,0.0,0.0,Barra Bonita,1668.0,23.321342925659472,33461.03117505995,59.95203836930455,0.0,
4202099,Diabetes,1.0,0.0,0.0,Barra Bonita,1668.0,23.321342925659472,33461.03117505995,59.95203836930455,0.0,
4202099,Respiratória crônica,1.0,0.0,0.0,Barra Bonita,1668.0,23.321342925659472,33461.03117505995,59.95203836930455,0.0,
4202107,Cardiovascular,158.0,0.0,0.0,Barra Velha,45369.0,95.1993652053164,56300.64581542463,348.2554166942185,0.0,
4202107,Câncer,57.0,0.0,0.0,Barra Velha,45369.0,95.1993652053164,56300.64581542463,125.63644779474971,0.0,
4202107,Diabetes,45.0,0.0,0.0,Barra Velha,45369.0,95.1993652053164,56300.64581542463,99.18666931164452,0.0,
4202107,Respiratória crônica,17.0,0.0,0.0,Barra Velha,45369.0,95.1993652053164,56300.64581542463,37.47051951773237,0.0,
4202131,Cardiovascular,18.0,0.0,0.0,Bela Vista do Toldo,5872.0,21.747275204359678,36017.37057220708,306.53950953678475,0.0,
4202131,Câncer,14.0,0.0,0.0,Bela Vista do Toldo,5872.0,21.747275204359678,36017.37057220708,238.41961852861036,0.0,
4202131,Diabetes,2.0,0.0,0.0,Bela Vista do Toldo,5872.0,21.747275204359678,36017.37057220708,34.05994550408719,0.0,
4202131,Respiratória crônica,1.0,0.0,0.0,Bela Vista do Toldo,5872.0,21.747275204359678,36017.37057220708,17.029972752043594,0.0,
4202156,Cardiovascular,3.0,0.0,0.0,Belmonte,2658.0,57.674943566591416,27734.76297968397,112.8668171557562,0.0,
4202156,Câncer,2.0,0.0,0.0,Belmonte,2658.0,57.674943566591416,27734.76297968397,75.24454477050413,0.0,
4202156,Diabetes,1.0,0.0,0.0,Belmonte,2658.0,57.674943566591416,27734.76297968397,37.62227238525207,0.0,
4202156,Respiratória crônica,1.0,0.0,0.0,Belmonte,2658.0,57.674943566591416,27734.76297968397,37.62227238525207,0.0,
4202206,Cardiovascular,67.0,0.0,0.0,Benedito Novo,10520.0,55.53231939163498,43982.889733840304,636.8821292775665,0.0,
4202206,Câncer,20.0,0.0,0.0,Benedito Novo,10520.0,55.53231939163498,43982.889733840304,190.11406844106463,0.0,
4202206,Diabetes,8.0,0.0,0.0,Benedito Novo,10520.0,55.53231939163498,43982.889733840304,76.04562737642586,0.0,
4202206,Respiratória crônica,8.0,0.0,0.0,Benedito Novo,10520.0,55.53231939163498,43982.889733840304,76.04562737642586,0.0,
4202305,Cardiovascular,450.0,973.0,32.0,Biguaçu,76773.0,92.2342490198377,38696.20830239798,586.1435660974562,1267.3726440284995,3.28879753340185
4202305,Câncer,126.0,2.0,1.0,Biguaçu,76773.0,92.2342490198377,38696.20830239798,164.1201985072877,2.605082515988694,50.0
4202305,Diabetes,50.0,31.0,5.0,Biguaçu,76773.0,92.2342490198377,38696.20830239798,65.12706289971734,40.37877899782475,16.129032258064516
4202305,Respiratória crônica,53.0,43.0,7.0,Biguaçu,76773.0,92.2342490198377,38696.20830239798,69.03468667370039,56.00927409375692,16.27906976744186
4202404,Cardiovascular,3056.0,17978.0,1144.0,Blumenau,361261.0,97.32492574620564,63088.15233307775,845.9257987992061,4976.457464270984,6.363332962509734
4202404,Câncer,3293.0,14459.0,746.0,Blumenau,361261.0,97.32492574620564,63088.15233307775,911.5293375149822,4002.3694780228143,5.159416280517324
4202404,Diabetes,477.0,1076.0,22.0,Blumenau,361261.0,97.32492574620564,63088.15233307775,132.0375019722583,297.8456019332283,2.0446096654275094
4202404,Respiratória crônica,391.0,1481.0,85.0,Blumenau,361261.0,97.32492574620564,63088.15233307775,108.23199847201884,409.95291492854193,5.739365293720459
4202438,Cardiovascular,26.0,0.0,0.0,Bocaina do Sul,3515.0,36.50071123755334,37499.85775248933,739.6870554765292,0.0,
4202438,Câncer,10.0,0.0,0.0,Bocaina do Sul,3515.0,36.50071123755334,37499.85775248933,284.4950213371266,0.0,
4202438,Diabetes,4.0,0.0,0.0,Bocaina do Sul,3515.0,36.50071123755334,37499.85775248933,113.79800853485065,0.0,
4202438,Respiratória crônica,2.0,0.0,0.0,Bocaina do Sul,3515.0,36.50071123755334,37499.85775248933,56.899004267425326,0.0,
4202453,Cardiovascular,59.0,0.0,0.0,Bombinhas,25058.0,99.98004629260116,38548.40769414957,235.45374730624948,0.0,
4202453,Câncer,53.0,0.0,0.0,Bombinhas,25058.0,99.98004629260116,38548.40769414957,211.50929842764788,0.0,
4202453,Diabetes,24.0,0.0,0.0,Bombinhas,25058.0,99.98004629260116,38548.40769414957,95.77779551440658,0.0,
4202453,Respiratória crônica,15.0,0.0,0.0,Bombinhas,25058.0,99.98004629260116,38548.40769414957,59.861122196504105,0.0,
4202503,Cardiovascular,26.0,0.0,0.0,Bom Jardim da Serra,4026.0,55.9612518628912,67255.09190263289,645.8022851465474,0.0,
4202503,Câncer,7.0,0.0,0.0,Bom Jardim da Serra,4026.0,55.9612518628912,67255.09190263289,173.86984600099353,0.0,
4202503,Diabetes,2.0,0.0,0.0,Bom Jardim da Serra,4026.0,55.9612518628912,67255.09190263289,49.67709885742673,0.0,
4202503,Respiratória crônica,6.0,0.0,0.0,Bom Jardim da Serra,4026.0,55.9612518628912,67255.09190263289,149.03129657228018,0.0,
4202537,Cardiovascular,2.0,0.0,0.0,Bom Jesus,2777.0,64.81814908174289,64913.575801224346,72.02016564638099,0.0,
4202537,Câncer,9.0,0.0,0.0,Bom Jesus,2777.0,64.81814908174289,64913.575801224346,324.09074540871444,0.0,
4202537,Diabetes,1.0,0.0,0.0,Bom Jesus,2777.0,64.81814908174289,64913.575801224346,36.010082823190494,0.0,
4202537,Respiratória crônica,3.0,0.0,0.0,Bom Jesus,2777.0,64.81814908174289,64913.575801224346,108.03024846957148,0.0,
4202578,Cardiovascular,6.0,0.0,0.0,Bom Jesus do Oeste,2187.0,37.31138545953361,38309.556470050295,274.3484224965706,0.0,
4202578,Câncer,3.0,0.0,0.0,Bom Jesus do Oeste,2187.0,37.31138545953361,38309.556470050295,137.1742112482853,0.0,
4202578,Respiratória crônica,1.0,0.0,0.0,Bom Jesus do Oeste,2187.0,37.31138545953361,38309.556470050295,45.72473708276177,0.0,
4202602,Cardiovascular,72.0,328.0,6.0,Bom Retiro,8418.0,73.92492278450938,49580.06652411499,855.3100498930863,3896.412449512948,1.8292682926829267
4202602,Câncer,43.0,68.0,11.0,Bom Retiro,8418.0,73.92492278450938,49580.06652411499,510.8101686861487,807.7928248990258,16.176470588235293
4202602,Diabetes,5.0,90.0,0.0,Bom Retiro,8418.0,73.92492278450938,49580.06652411499,59.396531242575435,1069.1375623663578,0.0
4202602,Respiratória crônica,13.0,294.0,6.0,Bom Retiro,8418.0,73.92492278450938,49580.06652411499,154.43098123069612,3492.5160370634353,2.0408163265306123
4202701,Cardiovascular,22.0,0.0,0.0,Botuverá,5363.0,36.95692709304494,86686.5560320716,410.2181614767854,0.0,
4202701,Câncer,9.0,0.0,0.0,Botuverá,5363.0,36.95692709304494,86686.5560320716,167.81652060413947,0.0,
4202701,Diabetes,3.0,0.0,0.0,Botuverá,5363.0,36.95692709304494,86686.5560320716,55.93884020137983,0.0,
4202701,Respiratória crônica,1.0,0.0,0.0,Botuverá,5363.0,36.95692709304494,86686.5560320716,18.646280067126607,0.0,
4202800,Cardiovascular,252.0,571.0,43.0,Braço do Norte,33773.0,82.2491339235484,58113.167323009504,746.1581736890415,1690.6996713350902,7.530647985989491
4202800,Câncer,182.0,149.0,30.0,Braço do Norte,33773.0,82.2491339235484,58113.167323009504,538.8920143309745,441.18082491931426,20.13422818791946
4202800,Diabetes,107.0,87.0,4.0,Braço do Norte,33773.0,82.2491339235484,58113.167323009504,316.82112930447397,257.6022266307405,4.597701149425287
4202800,Respiratória crônica,51.0,289.0,7.0,Braço do Norte,33773.0,82.2491339235484,58113.167323009504,151.0082018180203,855.7131436354484,2.422145328719723
4202859,Cardiovascular,17.0,0.0,0.0,Braço do Trombudo,4026.0,61.42573273720815,64338.54942871336,422.25534028812723,0.0,
4202859,Câncer,5.0,0.0,0.0,Braço do Trombudo,4026.0,61.42573273720815,64338.54942871336,124.19274714356682,0.0,
4202859,Diabetes,6.0,0.0,0.0,Braço do Trombudo,4026.0,61.42573273720815,64338.54942871336,149.03129657228018,0.0,
4202859,Respiratória crônica,3.0,0.0,0.0,Braço do Trombudo,4026.0,61.42573273720815,64338.54942871336,74.51564828614009,0.0,
4202875,Cardiovascular,7.0,0.0,0.0,Brunópolis,2489.0,39.33306548814785,45410.204901566896,281.2374447569305,0.0,
4202875,Câncer,2.0,0.0,0.0,Brunópolis,2489.0,39.33306548814785,45410.204901566896,80.35355564483729,0.0,
4202875,Diabetes,1.0,0.0,0.0,Brunópolis,2489.0,39.33306548814785,45410.204901566896,40.17677782241864,0.0,
4202875,Respiratória crônica,2.0,0.0,0.0,Brunópolis,2489.0,39.33306548814785,45410.204901566896,80.35355564483729,0.0,
4202909,Cardiovascular,1023.0,4262.0,357.0,Brusque,141385.0,98.26077731018142,70157.7041411748,723.55624712664,3014.4640520564417,8.376349131862975
4202909,Câncer,738.0,722.0,123.0,Brusque,141385.0,98.26077731018142,70157.7041411748,521.9789935283092,510.662375782438,17.03601108033241
4202909,Diabetes,182.0,402.0,31.0,Brusque,141385.0,98.26077731018142,70157.7041411748,128.72652685928492,284.330020865014,7.711442786069651
4202909,Respiratória crônica,169.0,745.0,52.0,Brusque,141385.0,98.26077731018142,70157.7041411748,119.53177494076458,526.9300137921279,6.97986577181208
4203006,Cardiovascular,850.0,3012.0,302.0,Caçador,73720.0,91.51519262072708,66767.30873575692,1153.0113944655452,4085.729788388497,10.0265604249668
4203006,Câncer,393.0,246.0,41.0,Caçador,73720.0,91.51519262072708,66767.30873575692,533.0982094411286,333.6950623982637,16.666666666666664
4203006,Diabetes,198.0,201.0,13.0,Caçador,73720.0,91.51519262072708,66767.30873575692,268.5838307107976,272.6532826912642,6.467661691542288
4203006,Respiratória crônica,155.0,106.0,18.0,Caçador,73720.0,91.51519262072708,66767.30873575692,210.2550189907759,143.78730330982094,16.9811320754717
4203105,Cardiovascular,52.0,52.0,13.0,Caibi,6304.0,66.18020304568529,53825.98350253808,824.8730964467005,824.8730964467005,25.0
4203105,Câncer,26.0,34.0,5.0,Caibi,6304.0,66.18020304568529,53825.98350253808,412.43654822335026,539.3401015228426,14.705882352941178
4203105,Diabetes,13.0,12.0,1.0,Caibi,6304.0,66.18020304568529,53825.98350253808,206.21827411167513,190.35532994923858,8.333333333333332
4203105,Respiratória crônica,5.0,151.0,7.0,Caibi,6304.0,66.18020304568529,53825.98350253808,79.31472081218274,2395.3045685279185,4.635761589403973
4203154,Cardiovascular,10.0,0.0,0.0,Calmon,3443.0,66.71507406331688,30727.272727272728,290.4443799012489,0.0,
4203154,Câncer,7.0,0.0,0.0,Calmon,3443.0,66.71507406331688,30727.272727272728,203.31106593087424,0.0,
4203154,Diabetes,3.0,0.0,0.0,Calmon,3443.0,66.71507406331688,30727.272727272728,87.13331397037467,0.0,
4203154,Respiratória crônica,1.0,0.0,0.0,Calmon,3443.0,66.71507406331688,30727.272727272728,29.04443799012489,0.0,
4203204,Cardiovascular,236.0,349.0,0.0,Camboriú,103074.0,96.6470690959893,24845.34412169897,228.96171682480548,338.5916914061742,0.0
4203204,Câncer,122.0,7.0,0.0,Camboriú,103074.0,96.6470690959893,24845.34412169897,118.36156547722996,6.79123736344762,0.0
4203204,Diabetes,87.0,0.0,0.0,Camboriú,103074.0,96.6470690959893,24845.34412169897,84.40537865999185,0.0,
4203204,Respiratória crônica,31.0,1.0,0.0,Camboriú,103074.0,96.6470690959893,24845.34412169897,30.07547975241089,0.9701767662068028,0.0
4203253,Cardiovascular,8.0,0.0,0.0,Capão Alto,2625.0,42.819047619047616,74165.33333333333,304.76190476190476,0.0,
4203253,Câncer,4.0,0.0,0.0,Capão Alto,2625.0,42.819047619047616,74165.33333333333,152.38095238095238,0.0,
4203253,Diabetes,2.0,0.0,0.0,Capão Alto,2625.0,42.819047619047616,74165.33333333333,76.19047619047619,0.0,
4203253,Respiratória crônica,1.0,0.0,0.0,Capão Alto,2625.0,42.819047619047616,74165.33333333333,38.095238095238095,0.0,
4203303,Cardiovascular,82.0,225.0,9.0,Campo Alegre,12501.0,58.23534117270618,61650.42796576274,655.9475241980641,1799.8560115190785,4.0
4203303,Câncer,66.0,22.0,7.0,Campo Alegre,12501.0,58.23534117270618,61650.42796576274,527.9577633789297,175.9859211263099,31.818181818181817
4203303,Diabetes,24.0,20.0,0.0,Campo Alegre,12501.0,58.23534117270618,61650.42796576274,191.9846412287017,159.9872010239181,0.0
4203303,Respiratória crônica,23.0,42.0,5.0,Campo Alegre,12501.0,58.23534117270618,61650.42796576274,183.9852811775058,335.973122150228,11.904761904761903
4203402,Cardiovascular,53.0,187.0,5.0,Campo Belo do Sul,7257.0,65.13710899820863,42015.84676863718,730.3293371916769,2576.8223783932754,2.6737967914438503
4203402,Câncer,40.0,40.0,6.0,Campo Belo do Sul,7257.0,65.13710899820863,42015.84676863718,551.191952597492,551.191952597492,15.0
4203402,Diabetes,15.0,125.0,2.0,Campo Belo do Sul,7257.0,65.13710899820863,42015.84676863718,206.69698222405952,1722.474851867163,1.6
4203402,Respiratória crônica,22.0,193.0,6.0,Campo Belo do Sul,7257.0,65.13710899820863,42015.84676863718,303.15557392862064,2659.501171282899,3.1088082901554404
4203501,Cardiovascular,112.0,311.0,21.0,Campo Erê,9623.0,79.76722435830823,50615.92019120856,1163.8782084589006,3231.8403824171255,6.752411575562702
4203501,Câncer,81.0,43.0,8.0,Campo Erê,9623.0,79.76722435830823,50615.92019120856,841.7333471890264,446.8460978904708,18.6046511627907
4203501,Diabetes,26.0,120.0,2.0,Campo Erê,9623.0,79.76722435830823,50615.92019120856,270.18601267795907,1247.0123662059648,1.6666666666666667
4203501,Respiratória crônica,33.0,315.0,9.0,Campo Erê,9623.0,79.76722435830823,50615.92019120856,342.92840070664033,3273.4074612906575,2.857142857142857
4203600,Cardiovascular,282.0,955.0,75.0,Campos Novos,36932.0,83.85681793566555,87434.28463121412,763.5654716776779,2585.8334235892994,7.853403141361256
4203600,Câncer,217.0,104.0,36.0,Campos Novos,36932.0,83.85681793566555,87434.28463121412,587.5663381349507,281.5986136683635,34.61538461538461
4203600,Diabetes,77.0,143.0,8.0,Campos Novos,36932.0,83.85681793566555,87434.28463121412,208.4912812736922,387.1980937939998,5.594405594405594
4203600,Respiratória crônica,78.0,258.0,19.0,Campos Novos,36932.0,83.85681793566555,87434.28463121412,211.1989602512726,698.5811762157479,7.3643410852713185
4203709,Cardiovascular,78.0,38.0,2.0,Canelinha,12821.0,73.94898993838234,28389.1272131659,608.3768816784963,296.38873722798536,5.263157894736842
4203709,Câncer,42.0,9.0,5.0,Canelinha,12821.0,73.94898993838234,28389.1272131659,327.58755167303644,70.19733250136495,55.55555555555556
4203709,Diabetes,13.0,13.0,0.0,Canelinha,12821.0,73.94898993838234,28389.1272131659,101.39614694641604,101.39614694641604,0.0
4203709,Respiratória crônica,9.0,17.0,0.0,Canelinha,12821.0,73.94898993838234,28389.1272131659,70.19733250136495,132.5949613914671,0.0
4203808,Cardiovascular,531.0,1199.0,126.0,Canoinhas,55016.0,79.580485676894,43952.75919732441,965.1737676312346,2179.3660026174202,10.508757297748124
4203808,Câncer,336.0,194.0,77.0,Canoinhas,55016.0,79.580485676894,43952.75919732441,610.7314235858659,352.6246909989821,39.69072164948454
4203808,Diabetes,110.0,169.0,3.0,Canoinhas,55016.0,79.580485676894,43952.75919732441,199.94183510251563,307.18336483931944,1.7751479289940828
4203808,Respiratória crônica,153.0,389.0,57.0,Canoinhas,55016.0,79.580485676894,43952.75919732441,278.1009160971354,707.0670350443507,14.652956298200515
4203907,Cardiovascular,184.0,347.0,23.0,Capinzal,23314.0,87.24371622201252,54930.42806897144,789.2253581538989,1488.3760830402332,6.628242074927954
4203907,Câncer,136.0,113.0,34.0,Capinzal,23314.0,87.24371622201252,54930.42806897144,583.3404821137515,484.687312344514,30.08849557522124
4203907,Diabetes,20.0,57.0,2.0,Capinzal,23314.0,87.24371622201252,54930.42806897144,85.78536501672815,244.4882902976752,3.508771929824561
4203907,Respiratória crônica,37.0,233.0,15.0,Capinzal,23314.0,87.24371622201252,54930.42806897144,158.70292528094706,999.3995024448828,6.437768240343347
4203956,Cardiovascular,76.0,0.0,0.0,Capivari de Baixo,23975.0,98.118873826903,24693.01355578728,316.9968717413973,0.0,
4203956,Câncer,21.0,0.0,0.0,Capivari de Baixo,23975.0,98.118873826903,24693.01355578728,87.5912408759124,0.0,
4203956,Diabetes,3.0,0.0,0.0,Capivari de Baixo,23975.0,98.118873826903,24693.01355578728,12.513034410844629,0.0,
4203956,Respiratória crônica,2.0,0.0,0.0,Capivari de Baixo,23975.0,98.118873826903,24693.01355578728,8.342022940563087,0.0,
4204004,Cardiovascular,28.0,0.0,0.0,Catanduvas,10566.0,88.97406776452773,59211.43289797464,265.00094643195155,0.0,
4204004,Câncer,21.0,0.0,0.0,Catanduvas,10566.0,88.97406776452773,59211.43289797464,198.75070982396363,0.0,
4204004,Diabetes,5.0,0.0,0.0,Catanduvas,10566.0,88.97406776452773,59211.43289797464,47.321597577134206,0.0,
4204004,Respiratória crônica,6.0,0.0,0.0,Catanduvas,10566.0,88.97406776452773,59211.43289797464,56.78591709256104,0.0,
4204103,Cardiovascular,36.0,91.0,1.0,Caxambu do Sul,4614.0,56.78370177719982,46172.7351538795,780.2340702210663,1972.2583441699176,1.098901098901099
4204103,Câncer,38.0,10.0,2.0,Caxambu do Sul,4614.0,56.78370177719982,46172.7351538795,823.5804074555699,216.7316861725184,20.0
4204103,Diabetes,8.0,11.0,0.0,Caxambu do Sul,4614.0,56.78370177719982,46172.7351538795,173.38534893801474,238.40485478977027,0.0
4204103,Respiratória crônica,10.0,99.0,4.0,Caxambu do Sul,4614.0,56.78370177719982,46172.7351538795,216.7316861725184,2145.6436931079324,4.040404040404041
4204152,Cardiovascular,8.0,0.0,0.0,Celso Ramos,2805.0,44.02852049910874,29743.67201426025,285.204991087344,0.0,
4204152,Câncer,2.0,0.0,0.0,Celso Ramos,2805.0,44.02852049910874,29743.67201426025,71.301247771836,0.0,
4204152,Diabetes,1.0,0.0,0.0,Celso Ramos,2805.0,44.02852049910874,29743.67201426025,35.650623885918,0.0,
4204152,Respiratória crônica,2.0,0.0,0.0,Celso Ramos,2805.0,44.02852049910874,29743.67201426025,71.301247771836,0.0,
4204178,Cardiovascular,5.0,0.0,0.0,Cerro Negro,3317.0,30.50949653301176,32155.562255049743,150.7386192342478,0.0,
4204178,Câncer,2.0,0.0,0.0,Cerro Negro,3317.0,30.50949653301176,32155.562255049743,60.295447693699124,0.0,
4204178,Diabetes,2.0,0.0,0.0,Cerro Negro,3317.0,30.50949653301176,32155.562255049743,60.295447693699124,0.0,
4204178,Respiratória crônica,3.0,0.0,0.0,Cerro Negro,3317.0,30.50949653301176,32155.562255049743,90.44317154054869,0.0,
4204194,Cardiovascular,11.0,0.0,0.0,Chapadão do Lageado,2950.0,20.610169491525426,37644.40677966102,372.8813559322034,0.0,
4204194,Câncer,6.0,0.0,0.0,Chapadão do Lageado,2950.0,20.610169491525426,37644.40677966102,203.38983050847457,0.0,
4204194,Diabetes,2.0,0.0,0.0,Chapadão do Lageado,2950.0,20.610169491525426,37644.40677966102,67.79661016949153,0.0,
4204194,Respiratória crônica,1.0,0.0,0.0,Chapadão do Lageado,2950.0,20.610169491525426,37644.40677966102,33.898305084745765,0.0,
4204202,Cardiovascular,1630.0,4883.0,635.0,Chapecó,254785.0,95.11352709146928,61289.57356202288,639.7550876228978,1916.517848381969,13.004300634855623
4204202,Câncer,1914.0,19132.0,408.0,Chapecó,254785.0,95.11352709146928,61289.57356202288,751.2216182271327,7509.076280000784,2.132552791135271
4204202,Diabetes,255.0,537.0,30.0,Chapecó,254785.0,95.11352709146928,61289.57356202288,100.08438487352082,210.7659399101203,5.58659217877095
4204202,Respiratória crônica,271.0,493.0,41.0,Chapecó,254785.0,95.11352709146928,61289.57356202288,106.36418941460447,193.49647742214023,8.316430020283976
4204251,Cardiovascular,66.0,0.0,0.0,Cocal do Sul,17240.0,89.36194895591647,58003.07424593968,382.83062645011603,0.0,
4204251,Câncer,10.0,0.0,0.0,Cocal do Sul,17240.0,89.36194895591647,58003.07424593968,58.0046403712297,0.0,
4204251,Diabetes,3.0,0.0,0.0,Cocal do Sul,17240.0,89.36194895591647,58003.07424593968,17.401392111368907,0.0,
4204301,Cardiovascular,529.0,2976.0,263.0,Concórdia,81646.0,84.71204957989369,62669.90422065992,647.9190652328344,3645.0040418391595,8.83736559139785
4204301,Câncer,525.0,275.0,56.0,Concórdia,81646.0,84.71204957989369,62669.90422065992,643.0198662518678,336.8199299414546,20.363636363636363
4204301,Diabetes,236.0,296.0,11.0,Concórdia,81646.0,84.71204957989369,62669.90422065992,289.0527398770301,362.5407245915293,3.7162162162162162
4204301,Respiratória crônica,181.0,258.0,19.0,Concórdia,81646.0,84.71204957989369,62669.90422065992,221.6887538887392,315.9983342723464,7.3643410852713185
4204350,Cardiovascular,12.0,0.0,0.0,Cordilheira Alta,4781.0,47.75151641915917,94046.22463919682,250.99351600083665,0.0,
4204350,Câncer,3.0,0.0,0.0,Cordilheira Alta,4781.0,47.75151641915917,94046.22463919682,62.74837900020916,0.0,
4204350,Respiratória crônica,1.0,0.0,0.0,Cordilheira Alta,4781.0,47.75151641915917,94046.22463919682,20.916126333403056,0.0,
4204400,Cardiovascular,87.0,96.0,14.0,Coronel Freitas,10388.0,66.24951867539468,39226.03003465537,837.5048132460531,924.1432422025414,14.583333333333334
4204400,Câncer,45.0,69.0,15.0,Coronel Freitas,10388.0,66.24951867539468,39226.03003465537,433.1921447824413,664.2279553330767,21.73913043478261
4204400,Diabetes,16.0,58.0,2.0,Coronel Freitas,10388.0,66.24951867539468,39226.03003465537,154.02387370042356,558.3365421640354,3.4482758620689653
4204400,Respiratória crônica,13.0,89.0,5.0,Coronel Freitas,10388.0,66.24951867539468,39226.03003465537,125.14439738159413,856.7577974586061,5.617977528089887
4204459,Cardiovascular,11.0,0.0,0.0,Coronel Martins,2065.0,46.05326876513317,26357.384987893463,532.6876513317192,0.0,
4204459,Câncer,4.0,0.0,0.0,Coronel Martins,2065.0,46.05326876513317,26357.384987893463,193.7046004842615,0.0,
4204459,Diabetes,1.0,0.0,0.0,Coronel Martins,2065.0,46.05326876513317,26357.384987893463,48.426150121065376,0.0,
4204459,Respiratória crônica,3.0,0.0,0.0,Coronel Martins,2065.0,46.05326876513317,26357.384987893463,145.27845036319613,0.0,
4204509,Cardiovascular,74.0,0.0,0.0,Corupá,15267.0,78.62710421169844,54898.14632868278,484.7055741141023,0.0,
4204509,Câncer,33.0,0.0,0.0,Corupá,15267.0,78.62710421169844,54898.14632868278,216.15248575358615,0.0,
4204509,Diabetes,40.0,0.0,0.0,Corupá,15267.0,78.62710421169844,54898.14632868278,262.0030130346499,0.0,
4204509,Respiratória crônica,5.0,0.0,0.0,Corupá,15267.0,78.62710421169844,54898.14632868278,32.750376629331235,0.0,
4204558,Cardiovascular,110.0,125.0,1.0,Correia Pinto,15727.0,86.20843136008138,41329.6877980543,699.434094232848,794.8114707191454,0.8
4204558,Câncer,46.0,14.0,1.0,Correia Pinto,15727.0,86.20843136008138,41329.6877980543,292.4906212246455,89.01888472054428,7.142857142857142
4204558,Diabetes,46.0,41.0,2.0,Correia Pinto,15727.0,86.20843136008138,41329.6877980543,292.4906212246455,260.6981623958797,4.878048780487805
4204558,Respiratória crônica,23.0,61.0,0.0,Correia Pinto,15727.0,86.20843136008138,41329.6877980543,146.24531061232275,387.867997710943,0.0
4204608,Cardiovascular,3300.0,12960.0,1359.0,Criciúma,214493.0,97.6637932240213,52267.98543542213,1538.5117463040751,6042.155221848731,10.48611111111111
4204608,Câncer,2706.0,6979.0,768.0,Criciúma,214493.0,97.6637932240213,52267.98543542213,1261.5796319693416,3253.7192355927696,11.00444189711993
4204608,Diabetes,223.0,789.0,35.0,Criciúma,214493.0,97.6637932240213,52267.98543542213,103.96609679569963,367.8441720708834,4.435994930291509
4204608,Respiratória crônica,294.0,1335.0,55.0,Criciúma,214493.0,97.6637932240213,52267.98543542213,137.06741012527215,622.3979337321032,4.119850187265917
4204707,Cardiovascular,109.0,137.0,8.0,Cunha Porã,10953.0,66.43841869807359,92536.65662375603,995.1611430658266,1250.7988678900758,5.839416058394161
4204707,Câncer,69.0,55.0,17.0,Cunha Porã,10953.0,66.43841869807359,92536.65662375603,629.9643933168995,502.14553090477494,30.909090909090907
4204707,Diabetes,19.0,54.0,1.0,Cunha Porã,10953.0,66.43841869807359,92536.65662375603,173.46845613074044,493.01561216105176,1.8518518518518516
4204707,Respiratória crônica,42.0,113.0,6.0,Cunha Porã,10953.0,66.43841869807359,92536.65662375603,383.4565872363736,1031.6808180407195,5.3097345132743365
4204756,Cardiovascular,11.0,0.0,0.0,Cunhataí,1968.0,47.357723577235774,40231.70731707317,558.9430894308944,0.0,
4204756,Câncer,4.0,0.0,0.0,Cunhataí,1968.0,47.357723577235774,40231.70731707317,203.25203252032523,0.0,
4204756,Diabetes,1.0,0.0,0.0,Cunhataí,1968.0,47.357723577235774,40231.70731707317,50.81300813008131,0.0,
4204756,Respiratória crônica,2.0,0.0,0.0,Cunhataí,1968.0,47.357723577235774,40231.70731707317,101.62601626016261,0.0,
4204806,Cardiovascular,578.0,2373.0,225.0,Curitibanos,40045.0,92.91047571482083,50057.43538519166,1443.3762017730053,5925.833437382944,9.481668773704172
4204806,Câncer,341.0,111.0,32.0,Curitibanos,40045.0,92.91047571482083,50057.43538519166,851.542015232863,277.1881633162692,28.82882882882883
4204806,Diabetes,249.0,393.0,16.0,Curitibanos,40045.0,92.91047571482083,50057.43538519166,621.8004744662255,981.3959295792233,4.071246819338422
4204806,Respiratória crônica,205.0,815.0,76.0,Curitibanos,40045.0,92.91047571482083,50057.43538519166,511.9240854039206,2035.2103883131479,9.325153374233128
4204905,Cardiovascular,66.0,269.0,17.0,Descanso,8530.0,53.39976553341149,38513.48182883939,773.7397420867527,3153.575615474795,6.319702602230483
4204905,Câncer,61.0,5.0,0.0,Descanso,8530.0,53.39976553341149,38513.48182883939,715.1230949589684,58.61664712778428,0.0
4204905,Diabetes,20.0,75.0,1.0,Descanso,8530.0,53.39976553341149,38513.48182883939,234.46658851113713,879.2497069167644,1.3333333333333335
4204905,Respiratória crônica,19.0,51.0,0.0,Descanso,8530.0,53.39976553341149,38513.48182883939,222.74325908558032,597.8898007033997,0.0
4205001,Cardiovascular,235.0,399.0,35.0,Dionísio Cerqueira,15008.0,76.68576759061834,39006.92963752665,1565.8315565031983,2658.582089552239,8.771929824561402
4205001,Câncer,149.0,110.0,41.0,Dionísio Cerqueira,15008.0,76.68576759061834,39006.92963752665,992.8038379530917,732.9424307036247,37.27272727272727
4205001,Diabetes,39.0,115.0,4.0,Dionísio Cerqueira,15008.0,76.68576759061834,39006.92963752665,259.86140724946694,766.2579957356077,3.4782608695652173
4205001,Respiratória crônica,59.0,230.0,26.0,Dionísio Cerqueira,15008.0,76.68576759061834,39006.92963752665,393.12366737739876,1532.5159914712153,11.304347826086957
4205100,Cardiovascular,17.0,0.0,0.0,Dona Emma,4221.0,54.63160388533523,41859.51196398958,402.74816394219374,0.0,
4205100,Câncer,8.0,0.0,0.0,Dona Emma,4221.0,54.63160388533523,41859.51196398958,189.52854773750298,0.0,
4205100,Diabetes,11.0,0.0,0.0,Dona Emma,4221.0,54.63160388533523,41859.51196398958,260.6017531390666,0.0,
4205100,Respiratória crônica,7.0,0.0,0.0,Dona Emma,4221.0,54.63160388533523,41859.51196398958,165.8374792703151,0.0,
4205159,Cardiovascular,26.0,0.0,0.0,Doutor Pedrinho,3637.0,65.49353863073962,45397.85537530932,714.8748968930438,0.0,
4205159,Câncer,8.0,0.0,0.0,Doutor Pedrinho,3637.0,65.49353863073962,45397.85537530932,219.96150673632116,0.0,
4205159,Diabetes,4.0,0.0,0.0,Doutor Pedrinho,3637.0,65.49353863073962,45397.85537530932,109.98075336816058,0.0,
4205159,Respiratória crônica,4.0,0.0,0.0,Doutor Pedrinho,3637.0,65.49353863073962,45397.85537530932,109.98075336816058,0.0,
4205175,Cardiovascular,6.0,0.0,0.0,Entre Rios,3402.0,32.039976484420926,19946.208112874778,176.3668430335097,0.0,
4205175,Câncer,12.0,0.0,0.0,Entre Rios,3402.0,32.039976484420926,19946.208112874778,352.7336860670194,0.0,
4205175,Respiratória crônica,1.0,0.0,0.0,Entre Rios,3402.0,32.039976484420926,19946.208112874778,29.394473838918284,0.0,
4205191,Cardiovascular,5.0,0.0,0.0,Ermo,2269.0,54.95813133539004,79761.12825033054,220.36139268400177,0.0,
4205191,Câncer,2.0,0.0,0.0,Ermo,2269.0,54.95813133539004,79761.12825033054,88.14455707360071,0.0,
4205191,Respiratória crônica,1.0,0.0,0.0,Ermo,2269.0,54.95813133539004,79761.12825033054,44.072278536800354,0.0,
4205209,Cardiovascular,30.0,0.0,0.0,Erval Velho,4885.0,70.87001023541454,48945.75230296827,614.1248720573183,0.0,
4205209,Câncer,19.0,0.0,0.0,Erval Velho,4885.0,70.87001023541454,48945.75230296827,388.9457523029683,0.0,
4205209,Diabetes,10.0,0.0,0.0,Erval Velho,4885.0,70.87001023541454,48945.75230296827,204.70829068577277,0.0,
4205209,Respiratória crônica,2.0,0.0,0.0,Erval Velho,4885.0,70.87001023541454,48945.75230296827,40.941658137154555,0.0,
4205308,Cardiovascular,81.0,282.0,7.0,Faxinal dos Guedes,11192.0,83.00571837026447,71730.07505360972,723.7312365975697,2519.6568977841316,2.4822695035460995
4205308,Câncer,62.0,20.0,3.0,Faxinal dos Guedes,11192.0,83.00571837026447,71730.07505360972,553.9671193709793,178.69907076483202,15.0
4205308,Diabetes,10.0,42.0,0.0,Faxinal dos Guedes,11192.0,83.00571837026447,71730.07505360972,89.34953538241601,375.2680486061472,0.0
4205308,Respiratória crônica,3.0,83.0,2.0,Faxinal dos Guedes,11192.0,83.00571837026447,71730.07505360972,26.804860614724802,741.6011436740529,2.4096385542168677
4205357,Cardiovascular,7.0,0.0,0.0,Flor do Sertão,1783.0,26.977005047672463,44692.09197980931,392.5967470555244,0.0,
4205357,Câncer,6.0,0.0,0.0,Flor do Sertão,1783.0,26.977005047672463,44692.09197980931,336.51149747616375,0.0,
4205357,Diabetes,1.0,0.0,0.0,Flor do Sertão,1783.0,26.977005047672463,44692.09197980931,56.08524957936063,0.0,
4205357,Respiratória crônica,1.0,0.0,0.0,Flor do Sertão,1783.0,26.977005047672463,44692.09197980931,56.08524957936063,0.0,
4205407,Cardiovascular,4873.0,14774.0,1241.0,Florianópolis,537211.0,99.55622651062616,49426.437656712165,907.0923715262719,2750.1298372520296,8.399891701638012
4205407,Câncer,7010.0,16438.0,2599.0,Florianópolis,537211.0,99.55622651062616,49426.437656712165,1304.8876512208424,3059.877776143824,15.810925903394574
4205407,Diabetes,731.0,1487.0,39.0,Florianópolis,537211.0,99.55622651062616,49426.437656712165,136.07316305883535,276.7999910649633,2.6227303295225286
4205407,Respiratória crônica,634.0,3236.0,138.0,Florianópolis,537211.0,99.55622651062616,49426.437656712165,118.01694306334011,602.3703907775529,4.264524103831891
4205431,Cardiovascular,7.0,0.0,0.0,Formosa do Sul,2682.0,53.72856077554064,32482.47576435496,260.9992542878449,0.0,
4205431,Câncer,8.0,0.0,0.0,Formosa do Sul,2682.0,53.72856077554064,32482.47576435496,298.2848620432513,0.0,
4205431,Diabetes,3.0,0.0,0.0,Formosa do Sul,2682.0,53.72856077554064,32482.47576435496,111.85682326621924,0.0,
4205431,Respiratória crônica,4.0,0.0,0.0,Formosa do Sul,2682.0,53.72856077554064,32482.47576435496,149.14243102162564,0.0,
4205456,Cardiovascular,120.0,0.0,0.0,Forquilhinha,31431.0,91.51474658776368,42591.13613948013,381.788679965639,0.0,
4205456,Câncer,29.0,0.0,0.0,Forquilhinha,31431.0,91.51474658776368,42591.13613948013,92.26559765836276,0.0,
4205456,Diabetes,12.0,0.0,0.0,Forquilhinha,31431.0,91.51474658776368,42591.13613948013,38.1788679965639,0.0,
4205456,Respiratória crônica,5.0,0.0,0.0,Forquilhinha,31431.0,91.51474658776368,42591.13613948013,15.90786166523496,0.0,
4205506,Cardiovascular,187.0,599.0,22.0,Fraiburgo,33481.0,87.92150772079687,41413.69732086855,558.5257310116185,1789.0744004062005,3.672787979966611
4205506,Câncer,160.0,66.0,14.0,Fraiburgo,33481.0,87.92150772079687,41413.69732086855,477.88297840566287,197.12672859233598,21.21212121212121
4205506,Diabetes,50.0,88.0,2.0,Fraiburgo,33481.0,87.92150772079687,41413.69732086855,149.33843075176966,262.8356381231146,2.272727272727273
4205506,Respiratória crônica,38.0,241.0,12.0,Fraiburgo,33481.0,87.92150772079687,41413.69732086855,113.49720737134493,719.8112362235298,4.979253112033195
4205555,Cardiovascular,9.0,0.0,0.0,Frei Rogério,2411.0,37.99253421816673,40224.38822065533,373.2890916632103,0.0,
4205555,Câncer,4.0,0.0,0.0,Frei Rogério,2411.0,37.99253421816673,40224.38822065533,165.9062629614268,0.0,
4205605,Cardiovascular,18.0,0.0,0.0,Galvão,3210.0,70.37383177570094,38375.38940809969,560.7476635514018,0.0,
4205605,Câncer,8.0,0.0,0.0,Galvão,3210.0,70.37383177570094,38375.38940809969,249.22118380062307,0.0,
4205605,Diabetes,9.0,0.0,0.0,Galvão,3210.0,70.37383177570094,38375.38940809969,280.3738317757009,0.0,
4205605,Respiratória crônica,3.0,0.0,0.0,Galvão,3210.0,70.37383177570094,38375.38940809969,93.45794392523365,0.0,
4205704,Cardiovascular,131.0,0.0,0.0,Garopaba,29959.0,96.99923228412165,28816.749557728897,437.2642611569145,0.0,
4205704,Câncer,64.0,0.0,0.0,Garopaba,29959.0,96.99923228412165,28816.749557728897,213.6252878934544,0.0,
4205704,Diabetes,31.0,0.0,0.0,Garopaba,29959.0,96.99923228412165,28816.749557728897,103.47474882339198,0.0,
4205704,Respiratória crônica,9.0,0.0,0.0,Garopaba,29959.0,96.99923228412165,28816.749557728897,30.04105611001702,0.0,
4205803,Cardiovascular,80.0,0.0,0.0,Garuva,18545.0,76.41412779724993,95317.60582367214,431.38312213534647,0.0,
4205803,Câncer,27.0,0.0,0.0,Garuva,18545.0,76.41412779724993,95317.60582367214,145.59180372067942,0.0,
4205803,Diabetes,12.0,0.0,0.0,Garuva,18545.0,76.41412779724993,95317.60582367214,64.70746832030197,0.0,
4205803,Respiratória crônica,5.0,0.0,0.0,Garuva,18545.0,76.41412779724993,95317.60582367214,26.961445133459154,0.0,
4205902,Cardiovascular,355.0,1596.0,100.0,Gaspar,72570.0,92.2419732671903,68401.36420008268,489.1828579302742,2199.2558908639935,6.265664160401002
4205902,Câncer,205.0,177.0,20.0,Gaspar,72570.0,92.2419732671903,68401.36420008268,282.4858757062147,243.90243902439025,11.299435028248588
4205902,Diabetes,76.0,157.0,4.0,Gaspar,72570.0,92.2419732671903,68401.36420008268,104.72647099352349,216.34284139451566,2.547770700636943
4205902,Respiratória crônica,66.0,148.0,18.0,Gaspar,72570.0,92.2419732671903,68401.36420008268,90.9466721785862,203.9410224610721,12.162162162162163
4206009,Cardiovascular,58.0,0.0,0.0,Governador Celso Ramos,16915.0,97.03813183564884,32807.921962754954,342.89092521430683,0.0,
4206009,Câncer,22.0,0.0,0.0,Governador Celso Ramos,16915.0,97.03813183564884,32807.921962754954,130.06207508128878,0.0,
4206009,Diabetes,26.0,0.0,0.0,Governador Celso Ramos,16915.0,97.03813183564884,32807.921962754954,153.70972509606858,0.0,
4206009,Respiratória crônica,14.0,0.0,0.0,Governador Celso Ramos,16915.0,97.03813183564884,32807.921962754954,82.76677505172923,0.0,
4206108,Cardiovascular,36.0,0.0,0.0,Grão-Pará,6277.0,50.8841803409272,56582.28453082683,573.5223833041262,0.0,
4206108,Câncer,6.0,0.0,0.0,Grão-Pará,6277.0,50.8841803409272,56582.28453082683,95.58706388402102,0.0,
4206108,Diabetes,2.0,0.0,0.0,Grão-Pará,6277.0,50.8841803409272,56582.28453082683,31.862354628007008,0.0,
4206108,Respiratória crônica,2.0,0.0,0.0,Grão-Pará,6277.0,50.8841803409272,56582.28453082683,31.862354628007008,0.0,
4206207,Cardiovascular,60.0,0.0,0.0,Gravatal,12435.0,44.59187776437475,31399.35665460394,482.50904704463204,0.0,
4206207,Câncer,8.0,0.0,0.0,Gravatal,12435.0,44.59187776437475,31399.35665460394,64.33453960595094,0.0,
4206207,Diabetes,1.0,0.0,0.0,Gravatal,12435.0,44.59187776437475,31399.35665460394,8.041817450743867,0.0,
4206207,Respiratória crônica,2.0,0.0,0.0,Gravatal,12435.0,44.59187776437475,31399.35665460394,16.083634901487734,0.0,
4206306,Cardiovascular,82.0,0.0,0.0,Guabiruba,24543.0,93.76196878947154,54149.737195941816,334.10748482255633,0.0,
4206306,Câncer,41.0,0.0,0.0,Guabiruba,24543.0,93.76196878947154,54149.737195941816,167.05374241127817,0.0,
4206306,Diabetes,11.0,0.0,0.0,Guabiruba,24543.0,93.76196878947154,54149.737195941816,44.819296744489264,0.0,
4206306,Respiratória crônica,15.0,0.0,0.0,Guabiruba,24543.0,93.76196878947154,54149.737195941816,61.11722283339445,0.0,
4206405,Cardiovascular,95.0,473.0,30.0,Guaraciaba,10796.0,57.45646535753984,47150.24082993701,879.9555390885514,4381.252315672472,6.342494714587738
4206405,Câncer,105.0,132.0,43.0,Guaraciaba,10796.0,57.45646535753984,47150.24082993701,972.5824379399778,1222.6750648388293,32.57575757575758
4206405,Diabetes,19.0,75.0,3.0,Guaraciaba,10796.0,57.45646535753984,47150.24082993701,175.99110781771026,694.7017413856984,4.0
4206405,Respiratória crônica,24.0,273.0,15.0,Guaraciaba,10796.0,57.45646535753984,47150.24082993701,222.3045572434235,2528.7143386439425,5.4945054945054945
4206504,Cardiovascular,166.0,220.0,15.0,Guaramirim,46711.0,93.96287812292609,62263.34268159534,355.3766778703089,470.98113934619255,6.8181818181818175
4206504,Câncer,84.0,4.0,2.0,Guaramirim,46711.0,93.96287812292609,62263.34268159534,179.82916229581897,8.563293442658047,50.0
4206504,Diabetes,40.0,57.0,0.0,Guaramirim,46711.0,93.96287812292609,62263.34268159534,85.63293442658046,122.02693155787716,0.0
4206504,Respiratória crônica,41.0,136.0,10.0,Guaramirim,46711.0,93.96287812292609,62263.34268159534,87.77375778724497,291.1519770503736,7.352941176470589
4206603,Cardiovascular,36.0,225.0,5.0,Guarujá do Sul,4829.0,72.16815075585006,46392.83495547732,745.495961896873,4659.349761855457,2.2222222222222223
4206603,Câncer,52.0,78.0,11.0,Guarujá do Sul,4829.0,72.16815075585006,46392.83495547732,1076.8275005177056,1615.2412507765584,14.102564102564102
4206603,Diabetes,7.0,98.0,0.0,Guarujá do Sul,4829.0,72.16815075585006,46392.83495547732,144.9575481466142,2029.405674052599,0.0
4206603,Respiratória crônica,13.0,176.0,6.0,Guarujá do Sul,4829.0,72.16815075585006,46392.83495547732,269.2068751294264,3644.646924829157,3.4090909090909087
4206652,Cardiovascular,14.0,0.0,0.0,Guatambú,8425.0,54.51632047477744,56404.51038575668,166.1721068249258,0.0,
4206652,Câncer,3.0,0.0,0.0,Guatambú,8425.0,54.51632047477744,56404.51038575668,35.60830860534125,0.0,
4206652,Diabetes,1.0,0.0,0.0,Guatambú,8425.0,54.51632047477744,56404.51038575668,11.869436201780417,0.0,
4206702,Cardiovascular,72.0,0.0,0.0,Herval d'Oeste,21724.0,89.34358313386117,30599.106978457006,331.4306757503222,0.0,
4206702,Câncer,26.0,0.0,0.0,Herval d'Oeste,21724.0,89.34358313386117,30599.106978457006,119.68329957650525,0.0,
4206702,Diabetes,12.0,0.0,0.0,Herval d'Oeste,21724.0,89.34358313386117,30599.106978457006,55.23844595838704,0.0,
4206702,Respiratória crônica,13.0,0.0,0.0,Herval d'Oeste,21724.0,89.34358313386117,30599.106978457006,59.841649788252624,0.0,
4206751,Cardiovascular,4.0,0.0,0.0,Ibiam,2008.0,36.05577689243028,37077.19123505976,199.20318725099602,0.0,
4206751,Câncer,1.0,0.0,0.0,Ibiam,2008.0,36.05577689243028,37077.19123505976,49.800796812749006,0.0,
4206751,Diabetes,2.0,0.0,0.0,Ibiam,2008.0,36.05577689243028,37077.19123505976,99.60159362549801,0.0,
4206801,Cardiovascular,19.0,0.0,0.0,Ibicaré,3269.0,46.466809421841546,47418.78250229428,581.2174977057205,0.0,
4206801,Câncer,8.0,0.0,0.0,Ibicaré,3269.0,46.466809421841546,47418.78250229428,244.7231569287244,0.0,
4206801,Diabetes,1.0,0.0,0.0,Ibicaré,3269.0,46.466809421841546,47418.78250229428,30.59039461609055,0.0,
4206801,Respiratória crônica,5.0,0.0,0.0,Ibicaré,3269.0,46.466809421841546,47418.78250229428,152.95197308045275,0.0,
4206900,Cardiovascular,352.0,1169.0,112.0,Ibirama,19862.0,89.16524015708389,34242.32202195146,1772.2283757929713,5885.61071392609,9.580838323353294
4206900,Câncer,211.0,361.0,45.0,Ibirama,19862.0,89.16524015708389,34242.32202195146,1062.3300775349915,1817.5410331285873,12.465373961218837
4206900,Diabetes,69.0,137.0,11.0,Ibirama,19862.0,89.16524015708389,34242.32202195146,347.3970395730541,689.7593394421508,8.02919708029197
4206900,Respiratória crônica,102.0,133.0,13.0,Ibirama,19862.0,89.16524015708389,34242.32202195146,513.5434498036452,669.6203806263217,9.774436090225564
4207007,Cardiovascular,632.0,1255.0,145.0,Içara,59035.0,89.03193021089184,73378.52121622766,1070.5513678326415,2125.857542136021,11.553784860557768
4207007,Câncer,219.0,121.0,43.0,Içara,59035.0,89.03193021089184,73378.52121622766,370.966375878716,204.96315744897095,35.53719008264463
4207007,Diabetes,67.0,157.0,6.0,Içara,59035.0,89.03193021089184,73378.52121622766,113.49199627339713,265.9439315660201,3.821656050955414
4207007,Respiratória crônica,108.0,430.0,35.0,Içara,59035.0,89.03193021089184,73378.52121622766,182.94232235114762,728.38146862031,8.13953488372093
4207106,Cardiovascular,41.0,0.0,0.0,Ilhota,17046.0,67.6522351284759,72606.41792795964,240.52563651296492,0.0,
4207106,Câncer,24.0,0.0,0.0,Ilhota,17046.0,67.6522351284759,72606.41792795964,140.79549454417457,0.0,
4207106,Diabetes,6.0,0.0,0.0,Ilhota,17046.0,67.6522351284759,72606.41792795964,35.19887363604364,0.0,
4207106,Respiratória crônica,4.0,0.0,0.0,Ilhota,17046.0,67.6522351284759,72606.41792795964,23.46591575736243,0.0,
4207205,Cardiovascular,98.0,449.0,2.0,Imaruí,11881.0,33.06960693544315,23525.96582779227,824.8463934012289,3779.143169766855,0.4454342984409799
4207205,Câncer,38.0,0.0,0.0,Imaruí,11881.0,33.06960693544315,23525.96582779227,319.83839744129284,0.0,
4207205,Diabetes,18.0,54.0,1.0,Imaruí,11881.0,33.06960693544315,23525.96582779227,151.5023987879808,454.50719636394246,1.8518518518518516
4207205,Respiratória crônica,12.0,37.0,2.0,Imaruí,11881.0,33.06960693544315,23525.96582779227,101.00159919198721,311.4215975086272,5.405405405405405
4207304,Cardiovascular,514.0,1356.0,120.0,Imbituba,52579.0,97.73483710226516,53854.46661214553,977.5765990224235,2578.9763974210236,8.849557522123893
4207304,Câncer,262.0,277.0,93.0,Imbituba,52579.0,97.73483710226516,53854.46661214553,498.29779950170223,526.8262994731738,33.57400722021661
4207304,Diabetes,104.0,207.0,6.0,Imbituba,52579.0,97.73483710226516,53854.46661214553,197.79759980220237,393.6932996063067,2.898550724637681
4207304,Respiratória crônica,72.0,218.0,11.0,Imbituba,52579.0,97.73483710226516,53854.46661214553,136.9367998630632,414.61419958538573,5.045871559633028
4207403,Cardiovascular,40.0,0.0,0.0,Imbuia,5982.0,43.02908726178536,48713.13941825477,668.6726847208292,0.0,
4207403,Câncer,28.0,0.0,0.0,Imbuia,5982.0,43.02908726178536,48713.13941825477,468.0708793045804,0.0,
4207403,Diabetes,5.0,0.0,0.0,Imbuia,5982.0,43.02908726178536,48713.13941825477,83.58408559010365,0.0,
4207403,Respiratória crônica,9.0,2.0,0.0,Imbuia,5982.0,43.02908726178536,48713.13941825477,150.45135406218654,33.433634236041456,0.0
4207502,Cardiovascular,450.0,875.0,96.0,Indaial,71549.0,96.7029588114439,56514.45862276202,628.9396078212135,1222.938126319026,10.971428571428572
4207502,Câncer,249.0,88.0,25.0,Indaial,71549.0,96.7029588114439,56514.45862276202,348.0132496610714,122.99263441837061,28.40909090909091
4207502,Diabetes,78.0,116.0,3.0,Indaial,71549.0,96.7029588114439,56514.45862276202,109.01619868901034,162.12665446057946,2.586206896551724
4207502,Respiratória crônica,68.0,68.0,4.0,Indaial,71549.0,96.7029588114439,56514.45862276202,95.03976295965003,95.03976295965003,5.88235294117647
4207577,Cardiovascular,9.0,0.0,0.0,Iomerê,2877.0,41.25825512686826,95983.31595411888,312.82586027111574,0.0,
4207577,Câncer,4.0,0.0,0.0,Iomerê,2877.0,41.25825512686826,95983.31595411888,139.03371567605146,0.0,
4207577,Respiratória crônica,1.0,0.0,0.0,Iomerê,2877.0,41.25825512686826,95983.31595411888,34.758428919012864,0.0,
4207601,Cardiovascular,48.0,42.0,4.0,Ipira,4578.0,60.8344255133246,25722.58628221931,1048.4927916120578,917.4311926605506,9.523809523809524
4207601,Câncer,44.0,36.0,16.0,Ipira,4578.0,60.8344255133246,25722.58628221931,961.1183923110527,786.3695937090432,44.44444444444444
4207601,Diabetes,17.0,13.0,0.0,Ipira,4578.0,60.8344255133246,25722.58628221931,371.3411970292704,283.9667977282656,0.0
4207601,Respiratória crônica,10.0,52.0,3.0,Ipira,4578.0,60.8344255133246,25722.58628221931,218.435998252512,1135.8671909130624,5.769230769230769
4207650,Cardiovascular,97.0,266.0,18.0,Iporã do Oeste,9335.0,57.26834493840386,43847.134440278525,1039.1001606855918,2849.491162292448,6.7669172932330826
4207650,Câncer,59.0,19.0,7.0,Iporã do Oeste,9335.0,57.26834493840386,43847.134440278525,632.0299946438136,203.53508302088912,36.84210526315789
4207650,Diabetes,18.0,65.0,2.0,Iporã do Oeste,9335.0,57.26834493840386,43847.134440278525,192.822710230316,696.3042313872522,3.076923076923077
4207650,Respiratória crônica,21.0,133.0,5.0,Iporã do Oeste,9335.0,57.26834493840386,43847.134440278525,224.95982860203534,1424.745581146224,3.7593984962406015
4207684,Cardiovascular,20.0,0.0,0.0,Ipuaçu,7730.0,27.64553686934023,48919.40491591203,258.732212160414,0.0,
4207684,Câncer,14.0,0.0,0.0,Ipuaçu,7730.0,27.64553686934023,48919.40491591203,181.11254851228978,0.0,
4207684,Diabetes,2.0,0.0,0.0,Ipuaçu,7730.0,27.64553686934023,48919.40491591203,25.873221216041397,0.0,
4207684,Respiratória crônica,3.0,0.0,0.0,Ipuaçu,7730.0,27.64553686934023,48919.40491591203,38.809831824062094,0.0,
4207700,Cardiovascular,33.0,60.0,2.0,Ipumirim,7816.0,53.5568065506653,66363.35721596725,422.2108495394063,767.6560900716479,3.3333333333333335
4207700,Câncer,27.0,11.0,4.0,Ipumirim,7816.0,53.5568065506653,66363.35721596725,345.44524053224154,140.73694984646878,36.36363636363637
4207700,Diabetes,8.0,16.0,1.0,Ipumirim,7816.0,53.5568065506653,66363.35721596725,102.35414534288638,204.70829068577277,6.25
4207700,Respiratória crônica,4.0,54.0,0.0,Ipumirim,7816.0,53.5568065506653,66363.35721596725,51.17707267144319,690.8904810644831,0.0
4207759,Cardiovascular,12.0,0.0,0.0,Iraceminha,3986.0,39.76417461113898,49383.09081786252,301.0536879076769,0.0,
4207759,Câncer,13.0,0.0,0.0,Iraceminha,3986.0,39.76417461113898,49383.09081786252,326.1414952333166,0.0,
4207759,Diabetes,3.0,0.0,0.0,Iraceminha,3986.0,39.76417461113898,49383.09081786252,75.26342197691922,0.0,
4207759,Respiratória crônica,4.0,0.0,0.0,Iraceminha,3986.0,39.76417461113898,49383.09081786252,100.35122930255895,0.0,
4207809,Cardiovascular,49.0,112.0,2.0,Irani,10195.0,76.30210887690045,30572.63364394311,480.62775870524763,1098.5777341834232,1.7857142857142856
4207809,Câncer,26.0,1.0,0.0,Irani,10195.0,76.30210887690045,30572.63364394311,255.02697400686614,9.808729769494851,0.0
4207809,Diabetes,14.0,27.0,0.0,Irani,10195.0,76.30210887690045,30572.63364394311,137.3222167729279,264.83570377636096,0.0
4207809,Respiratória crônica,18.0,24.0,0.0,Irani,10195.0,76.30210887690045,30572.63364394311,176.5571358509073,235.40951446787642,0.0
4207858,Cardiovascular,6.0,0.0,0.0,Irati,2069.0,41.08264862252296,32286.61188980184,289.9951667472209,0.0,
4207858,Câncer,8.0,0.0,0.0,Irati,2069.0,41.08264862252296,32286.61188980184,386.66022232962786,0.0,
4207858,Diabetes,1.0,0.0,0.0,Irati,2069.0,41.08264862252296,32286.61188980184,48.33252779120348,0.0,
4207858,Respiratória crônica,3.0,0.0,0.0,Irati,2069.0,41.08264862252296,32286.61188980184,144.99758337361044,0.0,
4207908,Cardiovascular,88.0,645.0,19.0,Irineópolis,10285.0,38.891589693728726,51765.678172095286,855.6149732620321,6271.268838113759,2.945736434108527
4207908,Câncer,53.0,5.0,1.0,Irineópolis,10285.0,38.891589693728726,51765.678172095286,515.3135634419057,48.61448711716091,20.0
4207908,Diabetes,16.0,42.0,1.0,Irineópolis,10285.0,38.891589693728726,51765.678172095286,155.5663587749149,408.36169178415173,2.380952380952381
4207908,Respiratória crônica,21.0,159.0,6.0,Irineópolis,10285.0,38.891589693728726,51765.678172095286,204.18084589207587,1545.940690325717,3.7735849056603774
4208005,Cardiovascular,45.0,343.0,6.0,Itá,7067.0,68.77034102164991,69041.88481675393,636.7624168671289,4853.54464412056,1.749271137026239
4208005,Câncer,50.0,76.0,19.0,Itá,7067.0,68.77034102164991,69041.88481675393,707.5137965190321,1075.420970708929,25.0
4208005,Diabetes,15.0,39.0,2.0,Itá,7067.0,68.77034102164991,69041.88481675393,212.25413895570966,551.8607612848451,5.128205128205128
4208005,Respiratória crônica,6.0,77.0,5.0,Itá,7067.0,68.77034102164991,69041.88481675393,84.90165558228385,1089.5712466393095,6.493506493506493
4208104,Cardiovascular,126.0,145.0,10.0,Itaiópolis,22051.0,59.212734116366605,53221.21445739422,571.4026574758515,657.566550269829,6.896551724137931
4208104,Câncer,105.0,0.0,0.0,Itaiópolis,22051.0,59.212734116366605,53221.21445739422,476.1688812298762,0.0,
4208104,Diabetes,47.0,42.0,0.0,Itaiópolis,22051.0,59.212734116366605,53221.21445739422,213.14226112194459,190.46755249195047,0.0
4208104,Respiratória crônica,30.0,108.0,6.0,Itaiópolis,22051.0,59.212734116366605,53221.21445739422,136.04825177996463,489.7737064078727,5.555555555555555
4208203,Cardiovascular,2189.0,15500.0,1419.0,Itajaí,264054.0,96.79194407204588,192448.12046020888,828.9970990782188,5870.011437054542,9.154838709677419
4208203,Câncer,2227.0,8832.0,777.0,Itajaí,264054.0,96.79194407204588,192448.12046020888,843.3880948593849,3344.7703878752072,8.797554347826086
4208203,Diabetes,579.0,590.0,33.0,Itajaí,264054.0,96.79194407204588,192448.12046020888,219.27333045513416,223.43914502336642,5.593220338983051
4208203,Respiratória crônica,427.0,747.0,108.0,Itajaí,264054.0,96.79194407204588,192448.12046020888,161.70934733047028,282.8966802244995,14.457831325301203
4208302,Cardiovascular,280.0,473.0,11.0,Itapema,75940.0,98.63444824861732,42334.079536476165,368.7121411640769,622.8601527521728,2.3255813953488373
4208302,Câncer,165.0,24.0,5.0,Itapema,75940.0,98.63444824861732,42334.079536476165,217.27679747168818,31.603897814063732,20.833333333333336
4208302,Diabetes,87.0,17.0,0.0,Itapema,75940.0,98.63444824861732,42334.079536476165,114.56412957598103,22.38609428496181,0.0
4208302,Respiratória crônica,51.0,36.0,2.0,Itapema,75940.0,98.63444824861732,42334.079536476165,67.15828285488544,47.40584672109561,5.555555555555555
4208401,Cardiovascular,97.0,240.0,22.0,Itapiranga,16638.0,56.99603317706456,73896.0812597668,583.0027647553793,1442.4810674359899,9.166666666666666
4208401,Câncer,79.0,33.0,18.0,Itapiranga,16638.0,56.99603317706456,73896.0812597668,474.81668469768,198.34114677244858,54.54545454545454
4208401,Diabetes,26.0,47.0,3.0,Itapiranga,16638.0,56.99603317706456,73896.0812597668,156.26878230556557,282.4858757062147,6.382978723404255
4208401,Respiratória crônica,33.0,199.0,12.0,Itapiranga,16638.0,56.99603317706456,73896.0812597668,198.34114677244858,1196.057218415675,6.030150753768844
4208450,Cardiovascular,150.0,0.0,0.0,Itapoá,30750.0,96.6308943089431,64284.78048780488,487.8048780487805,0.0,
4208450,Câncer,53.0,0.0,0.0,Itapoá,30750.0,96.6308943089431,64284.78048780488,172.3577235772358,0.0,
4208450,Diabetes,36.0,0.0,0.0,Itapoá,30750.0,96.6308943089431,64284.78048780488,117.07317073170731,0.0,
4208450,Respiratória crônica,17.0,0.0,0.0,Itapoá,30750.0,96.6308943089431,64284.78048780488,55.28455284552846,0.0,
4208500,Cardiovascular,314.0,1023.0,109.0,Ituporanga,26525.0,70.3449575871819,52793.66635249765,1183.7888784165882,3856.7389255419416,10.654936461388074
4208500,Câncer,181.0,98.0,36.0,Ituporanga,26525.0,70.3449575871819,52793.66635249765,682.3751178133836,369.4627709707823,36.734693877551024
4208500,Diabetes,30.0,56.0,1.0,Ituporanga,26525.0,70.3449575871819,52793.66635249765,113.10084825636193,211.12158341187558,1.7857142857142856
4208500,Respiratória crônica,69.0,180.0,23.0,Ituporanga,26525.0,70.3449575871819,52793.66635249765,260.13195098963246,678.6050895381715,12.777777777777777
4208609,Cardiovascular,15.0,0.0,0.0,Jaborá,4310.0,51.69373549883992,48982.366589327146,348.0278422273782,0.0,
4208609,Câncer,3.0,0.0,0.0,Jaborá,4310.0,51.69373549883992,48982.366589327146,69.60556844547563,0.0,
4208609,Diabetes,4.0,0.0,0.0,Jaborá,4310.0,51.69373549883992,48982.366589327146,92.80742459396751,0.0,
4208609,Respiratória crônica,2.0,0.0,0.0,Jaborá,4310.0,51.69373549883992,48982.366589327146,46.403712296983755,0.0,
4208708,Cardiovascular,85.0,296.0,20.0,Jacinto Machado,10624.0,58.951430722891565,56363.610692771086,800.0753012048193,2786.144578313253,6.756756756756757
4208708,Câncer,67.0,71.0,22.0,Jacinto Machado,10624.0,58.951430722891565,56363.610692771086,630.6475903614459,668.2981927710844,30.985915492957744
4208708,Diabetes,20.0,211.0,5.0,Jacinto Machado,10624.0,58.951430722891565,56363.610692771086,188.25301204819277,1986.0692771084339,2.3696682464454977
4208708,Respiratória crônica,13.0,110.0,3.0,Jacinto Machado,10624.0,58.951430722891565,56363.610692771086,122.36445783132531,1035.3915662650602,2.727272727272727
4208807,Cardiovascular,250.0,432.0,31.0,Jaguaruna,20375.0,82.79263803680982,40012.26993865031,1226.993865030675,2120.245398773006,7.175925925925926
4208807,Câncer,96.0,53.0,16.0,Jaguaruna,20375.0,82.79263803680982,40012.26993865031,471.16564417177915,260.12269938650303,30.18867924528302
4208807,Diabetes,19.0,104.0,5.0,Jaguaruna,20375.0,82.79263803680982,40012.26993865031,93.25153374233129,510.4294478527607,4.807692307692308
4208807,Respiratória crônica,18.0,237.0,11.0,Jaguaruna,20375.0,82.79263803680982,40012.26993865031,88.34355828220859,1163.1901840490798,4.641350210970464
4208906,Cardiovascular,1268.0,4310.0,459.0,Jaraguá do Sul,182660.0,93.92094601992773,75430.08868936822,694.1859191941312,2359.575166976897,10.649651972157773
4208906,Câncer,1576.0,5145.0,534.0,Jaraguá do Sul,182660.0,93.92094601992773,75430.08868936822,862.8052118690463,2816.7086390014233,10.379008746355685
4208906,Diabetes,345.0,641.0,18.0,Jaraguá do Sul,182660.0,93.92094601992773,75430.08868936822,188.87550640534326,350.9252162487682,2.80811232449298
4208906,Respiratória crônica,310.0,818.0,73.0,Jaraguá do Sul,182660.0,93.92094601992773,75430.08868936822,169.71422314683016,447.82656301324863,8.924205378973104
4208955,Cardiovascular,8.0,0.0,0.0,Jardinópolis,1776.0,60.13513513513513,40400.33783783784,450.45045045045043,0.0,
4208955,Câncer,5.0,0.0,0.0,Jardinópolis,1776.0,60.13513513513513,40400.33783783784,281.5315315315315,0.0,
4208955,Respiratória crônica,3.0,0.0,0.0,Jardinópolis,1776.0,60.13513513513513,40400.33783783784,168.91891891891893,0.0,
4209003,Cardiovascular,542.0,2678.0,222.0,Joaçaba,30146.0,93.40874411198833,85853.347044384,1797.916804882903,8883.433954753533,8.289768483943242
4209003,Câncer,1070.0,11703.0,380.0,Joaçaba,30146.0,93.40874411198833,85853.347044384,3549.392954289126,38821.0707888277,3.2470306758950698
4209003,Diabetes,98.0,169.0,9.0,Joaçaba,30146.0,93.40874411198833,85853.347044384,325.0845883367611,560.6050553970676,5.325443786982249
4209003,Respiratória crônica,107.0,334.0,35.0,Joaçaba,30146.0,93.40874411198833,85853.347044384,354.9392954289126,1107.9413520865123,10.479041916167663
4209102,Cardiovascular,5187.0,27720.0,2073.0,Joinville,616317.0,96.91246550070824,73843.57562747742,841.6123520850472,4497.685444341143,7.478354978354979
4209102,Câncer,4360.0,10721.0,1058.0,Joinville,616317.0,96.91246550070824,73843.57562747742,707.4281579122433,1739.5268993066882,9.868482417684918
4209102,Diabetes,694.0,1302.0,39.0,Joinville,616317.0,96.91246550070824,73843.57562747742,112.60439027318733,211.2549223857203,2.995391705069124
4209102,Respiratória crônica,619.0,2211.0,107.0,Joinville,616317.0,96.91246550070824,73843.57562747742,100.4353279237795,358.74395806054355,4.8394391677973765
4209151,Cardiovascular,26.0,0.0,0.0,José Boiteux,5985.0,38.71345029239766,23435.9231411863,434.4193817878028,0.0,
4209151,Câncer,5.0,0.0,0.0,José Boiteux,5985.0,38.71345029239766,23435.9231411863,83.5421888053467,0.0,
4209151,Diabetes,6.0,0.0,0.0,José Boiteux,5985.0,38.71345029239766,23435.9231411863,100.25062656641605,0.0,
4209151,Respiratória crônica,3.0,0.0,0.0,José Boiteux,5985.0,38.71345029239766,23435.9231411863,50.12531328320802,0.0,
4209177,Cardiovascular,12.0,0.0,0.0,Jupiá,2555.0,58.35616438356165,37602.739726027394,469.6673189823875,0.0,
4209177,Câncer,15.0,0.0,0.0,Jupiá,2555.0,58.35616438356165,37602.739726027394,587.0841487279843,0.0,
4209177,Diabetes,1.0,0.0,0.0,Jupiá,2555.0,58.35616438356165,37602.739726027394,39.13894324853229,0.0,
4209177,Respiratória crônica,2.0,0.0,0.0,Jupiá,2555.0,58.35616438356165,37602.739726027394,78.27788649706459,0.0,
4209201,Cardiovascular,8.0,0.0,0.0,Lacerdópolis,2248.0,54.98220640569394,72000.8896797153,355.8718861209964,0.0,
4209201,Câncer,12.0,0.0,0.0,Lacerdópolis,2248.0,54.98220640569394,72000.8896797153,533.8078291814946,0.0,
4209201,Diabetes,2.0,0.0,0.0,Lacerdópolis,2248.0,54.98220640569394,72000.8896797153,88.9679715302491,0.0,
4209300,Cardiovascular,2507.0,10609.0,980.0,Lages,164981.0,97.73792133639633,45703.71133645692,1519.5689200574611,6430.4374443117695,9.237439909510794
4209300,Câncer,1714.0,6210.0,743.0,Lages,164981.0,97.73792133639633,45703.71133645692,1038.9075105618222,3764.0698019771976,11.964573268921095
4209300,Diabetes,376.0,789.0,28.0,Lages,164981.0,97.73792133639633,45703.71133645692,227.90503148847444,478.23688788405934,3.5487959442332064
4209300,Respiratória crônica,379.0,1369.0,90.0,Lages,164981.0,97.73792133639633,45703.71133645692,229.7234226971591,829.792521563089,6.574141709276844
4209409,Cardiovascular,420.0,902.0,73.0,Laguna,42785.0,95.36519808344046,27620.98866425149,981.6524482879514,2108.2154960850767,8.093126385809313
4209409,Câncer,199.0,130.0,48.0,Laguna,42785.0,95.36519808344046,27620.98866425149,465.1162790697674,303.84480542246115,36.92307692307693
4209409,Diabetes,124.0,153.0,7.0,Laguna,42785.0,95.36519808344046,27620.98866425149,289.82119901834756,357.60196330489657,4.57516339869281
4209409,Respiratória crônica,76.0,187.0,14.0,Laguna,42785.0,95.36519808344046,27620.98866425149,177.6323477854388,437.0690662615403,7.4866310160427805
4209458,Cardiovascular,12.0,0.0,0.0,Lajeado Grande,1702.0,50.411280846063455,48351.35135135135,705.0528789659224,0.0,
4209458,Câncer,7.0,0.0,0.0,Lajeado Grande,1702.0,50.411280846063455,48351.35135135135,411.28084606345476,0.0,
4209458,Diabetes,2.0,0.0,0.0,Lajeado Grande,1702.0,50.411280846063455,48351.35135135135,117.50881316098707,0.0,
4209458,Respiratória crônica,2.0,0.0,0.0,Lajeado Grande,1702.0,50.411280846063455,48351.35135135135,117.50881316098707,0.0,
4209508,Cardiovascular,23.0,0.0,0.0,Laurentino,7932.0,77.52143217347454,66139.81341401917,289.96469994957135,0.0,
4209508,Câncer,17.0,0.0,0.0,Laurentino,7932.0,77.52143217347454,66139.81341401917,214.32173474533536,0.0,
4209508,Diabetes,14.0,0.0,0.0,Laurentino,7932.0,77.52143217347454,66139.81341401917,176.50025214321732,0.0,
4209508,Respiratória crônica,6.0,0.0,0.0,Laurentino,7932.0,77.52143217347454,66139.81341401917,75.642965204236,0.0,
4209607,Cardiovascular,135.0,116.0,12.0,Lauro Müller,14381.0,80.94012933732007,29000.90397051665,938.7386134482998,806.6198456296503,10.344827586206897
4209607,Câncer,61.0,10.0,4.0,Lauro Müller,14381.0,80.94012933732007,29000.90397051665,424.17078089145406,69.53619358876294,40.0
4209607,Diabetes,18.0,28.0,3.0,Lauro Müller,14381.0,80.94012933732007,29000.90397051665,125.16514845977332,194.70134204853628,10.714285714285714
4209607,Respiratória crônica,21.0,87.0,6.0,Lauro Müller,14381.0,80.94012933732007,29000.90397051665,146.0260065364022,604.9648842222376,6.896551724137931
4209706,Cardiovascular,76.0,80.0,1.0,Lebon Régis,11472.0,68.41004184100419,32736.837517433756,662.4825662482566,697.350069735007,1.25
4209706,Câncer,52.0,26.0,4.0,Lebon Régis,11472.0,68.41004184100419,32736.837517433756,453.2775453277545,226.63877266387726,15.384615384615385
4209706,Diabetes,17.0,42.0,1.0,Lebon Régis,11472.0,68.41004184100419,32736.837517433756,148.18688981868897,366.10878661087867,2.380952380952381
4209706,Respiratória crônica,16.0,195.0,4.0,Lebon Régis,11472.0,68.41004184100419,32736.837517433756,139.47001394700138,1699.7907949790795,2.051282051282051
4209805,Cardiovascular,19.0,0.0,0.0,Leoberto Leal,3330.0,29.15915915915916,46159.45945945946,570.5705705705706,0.0,
4209805,Câncer,13.0,0.0,0.0,Leoberto Leal,3330.0,29.15915915915916,46159.45945945946,390.3903903903904,0.0,
4209805,Diabetes,3.0,0.0,0.0,Leoberto Leal,3330.0,29.15915915915916,46159.45945945946,90.09009009009009,0.0,
4209805,Respiratória crônica,1.0,0.0,0.0,Leoberto Leal,3330.0,29.15915915915916,46159.45945945946,30.03003003003003,0.0,
4209854,Cardiovascular,104.0,172.0,29.0,Lindóia do Sul,4549.0,54.23169927456584,35765.22312596175,2286.216750934271,3781.050780391295,16.86046511627907
4209854,Câncer,70.0,33.0,21.0,Lindóia do Sul,4549.0,54.23169927456584,35765.22312596175,1538.7997362057595,725.4341613541437,63.63636363636363
4209854,Diabetes,25.0,34.0,4.0,Lindóia do Sul,4549.0,54.23169927456584,35765.22312596175,549.5713343591998,747.4170147285117,11.76470588235294
4209854,Respiratória crônica,22.0,44.0,10.0,Lindóia do Sul,4549.0,54.23169927456584,35765.22312596175,483.62277423609584,967.2455484721917,22.727272727272727
4209904,Cardiovascular,51.0,0.0,0.0,Lontras,12873.0,77.542142468733,41048.085139439136,396.17804707527387,0.0,
4209904,Câncer,22.0,0.0,0.0,Lontras,12873.0,77.542142468733,41048.085139439136,170.90033403247105,0.0,
4209904,Diabetes,7.0,0.0,0.0,Lontras,12873.0,77.542142468733,41048.085139439136,54.377379010331694,0.0,
4209904,Respiratória crônica,5.0,0.0,0.0,Lontras,12873.0,77.542142468733,41048.085139439136,38.840985007379786,0.0,
4210001,Cardiovascular,62.0,74.0,2.0,Luiz Alves,11684.0,47.64635398836016,80238.70249914413,530.6401917151661,633.3447449503594,2.7027027027027026
4210001,Câncer,61.0,37.0,16.0,Luiz Alves,11684.0,47.64635398836016,80238.70249914413,522.0814789455666,316.6723724751797,43.24324324324324
4210001,Diabetes,28.0,16.0,0.0,Luiz Alves,11684.0,47.64635398836016,80238.70249914413,239.64395754878467,136.93940431359124,0.0
4210001,Respiratória crônica,17.0,43.0,2.0,Luiz Alves,11684.0,47.64635398836016,80238.70249914413,145.4981170831907,368.02464909277643,4.651162790697675
4210035,Cardiovascular,94.0,727.0,75.0,Luzerna,5794.0,71.88470831895064,56189.67897825337,1622.3679668622715,12547.462892647565,10.31636863823934
4210035,Câncer,72.0,104.0,41.0,Luzerna,5794.0,71.88470831895064,56189.67897825337,1242.6648256817398,1794.960303762513,39.42307692307692
4210035,Diabetes,49.0,159.0,12.0,Luzerna,5794.0,71.88470831895064,56189.67897825337,845.702450811184,2744.218156713842,7.547169811320755
4210035,Respiratória crônica,18.0,211.0,21.0,Luzerna,5794.0,71.88470831895064,56189.67897825337,310.66620642043495,3641.6983085950983,9.95260663507109
4210050,Cardiovascular,4.0,0.0,0.0,Macieira,1778.0,40.88863892013499,37816.64791901012,224.97187851518564,0.0,
4210050,Câncer,9.0,0.0,0.0,Macieira,1778.0,40.88863892013499,37816.64791901012,506.1867266591676,0.0,
4210050,Diabetes,1.0,0.0,0.0,Macieira,1778.0,40.88863892013499,37816.64791901012,56.24296962879641,0.0,
4210050,Respiratória crônica,3.0,0.0,0.0,Macieira,1778.0,40.88863892013499,37816.64791901012,168.7289088863892,0.0,
4210100,Cardiovascular,1049.0,8498.0,575.0,Mafra,55286.0,80.60268422385414,54722.28050501031,1897.4062149549616,15370.979994935427,6.766297952459402
4210100,Câncer,464.0,360.0,34.0,Mafra,55286.0,80.60268422385414,54722.28050501031,839.2721484643491,651.1594255326845,9.444444444444445
4210100,Diabetes,123.0,164.0,9.0,Mafra,55286.0,80.60268422385414,54722.28050501031,222.4794703903339,296.6392938537785,5.487804878048781
4210100,Respiratória crônica,136.0,110.0,10.0,Mafra,55286.0,80.60268422385414,54722.28050501031,245.99356075679194,198.96538002387587,9.090909090909092
4210209,Cardiovascular,16.0,0.0,0.0,Major Gercino,3214.0,34.31860609831985,22922.83758556316,497.82202862476663,0.0,
4210209,Câncer,1.0,0.0,0.0,Major Gercino,3214.0,34.31860609831985,22922.83758556316,31.113876789047914,0.0,
4210209,Diabetes,1.0,0.0,0.0,Major Gercino,3214.0,34.31860609831985,22922.83758556316,31.113876789047914,0.0,
4210209,Respiratória crônica,1.0,0.0,0.0,Major Gercino,3214.0,34.31860609831985,22922.83758556316,31.113876789047914,0.0,
4210308,Cardiovascular,64.0,556.0,26.0,Major Vieira,7425.0,42.22222222222222,47483.50168350169,861.9528619528619,7488.215488215488,4.676258992805756
4210308,Câncer,51.0,14.0,3.0,Major Vieira,7425.0,42.22222222222222,47483.50168350169,686.8686868686868,188.55218855218854,21.428571428571427
4210308,Diabetes,24.0,44.0,3.0,Major Vieira,7425.0,42.22222222222222,47483.50168350169,323.2323232323232,592.5925925925926,6.8181818181818175
4210308,Respiratória crônica,19.0,212.0,2.0,Major Vieira,7425.0,42.22222222222222,47483.50168350169,255.8922558922559,2855.218855218855,0.9433962264150944
4210407,Cardiovascular,38.0,0.0,0.0,Maracajá,7815.0,81.8809980806142,40852.71912987844,486.24440179142675,0.0,
4210407,Câncer,5.0,0.0,0.0,Maracajá,7815.0,81.8809980806142,40852.71912987844,63.97952655150352,0.0,
4210407,Diabetes,6.0,0.0,0.0,Maracajá,7815.0,81.8809980806142,40852.71912987844,76.77543186180422,0.0,
4210407,Respiratória crônica,3.0,0.0,0.0,Maracajá,7815.0,81.8809980806142,40852.71912987844,38.38771593090211,0.0,
4210506,Cardiovascular,340.0,1360.0,150.0,Maravilha,28251.0,83.82712116385261,79654.10073979682,1203.4972213372978,4813.988885349191,11.029411764705882
4210506,Câncer,210.0,65.0,19.0,Maravilha,28251.0,83.82712116385261,79654.10073979682,743.3365190612722,230.08035113801282,29.230769230769234
4210506,Diabetes,64.0,115.0,9.0,Maravilha,28251.0,83.82712116385261,79654.10073979682,226.5406534281972,407.0652366287919,7.82608695652174
4210506,Respiratória crônica,143.0,205.0,27.0,Maravilha,28251.0,83.82712116385261,79654.10073979682,506.1767725036282,725.6380305121942,13.170731707317074
4210555,Cardiovascular,2.0,0.0,0.0,Marema,2184.0,40.33882783882784,45868.58974358974,91.57509157509158,0.0,
4210555,Câncer,4.0,0.0,0.0,Marema,2184.0,40.33882783882784,45868.58974358974,183.15018315018315,0.0,
4210605,Cardiovascular,97.0,229.0,9.0,Massaranduba,17162.0,55.18004894534436,50694.732548654,565.202190886843,1334.3433166297634,3.9301310043668125
4210605,Câncer,42.0,14.0,4.0,Massaranduba,17162.0,55.18004894534436,50694.732548654,244.72672182729286,81.57557394243095,28.57142857142857
4210605,Diabetes,17.0,15.0,0.0,Massaranduba,17162.0,55.18004894534436,50694.732548654,99.05605407295188,87.4024006526046,0.0
4210605,Respiratória crônica,8.0,15.0,0.0,Massaranduba,17162.0,55.18004894534436,50694.732548654,46.614613681389116,87.4024006526046,0.0
4210704,Cardiovascular,17.0,0.0,0.0,Matos Costa,2761.0,54.110829409634185,24254.980079681274,615.7189424121694,0.0,
4210704,Câncer,6.0,0.0,0.0,Matos Costa,2761.0,54.110829409634185,24254.980079681274,217.31256791017745,0.0,
4210704,Diabetes,1.0,0.0,0.0,Matos Costa,2761.0,54.110829409634185,24254.980079681274,36.218761318362915,0.0,
4210704,Respiratória crônica,1.0,0.0,0.0,Matos Costa,2761.0,54.110829409634185,24254.980079681274,36.218761318362915,0.0,
4210803,Cardiovascular,78.0,691.0,25.0,Meleiro,7006.0,61.70425349700257,53930.488153011705,1113.3314302026834,9862.974593205825,3.61794500723589
4210803,Câncer,78.0,41.0,10.0,Meleiro,7006.0,61.70425349700257,53930.488153011705,1113.3314302026834,585.2126748501285,24.390243902439025
4210803,Diabetes,15.0,92.0,1.0,Meleiro,7006.0,61.70425349700257,53930.488153011705,214.10219811590065,1313.1601484441906,1.0869565217391304
4210803,Respiratória crônica,14.0,142.0,1.0,Meleiro,7006.0,61.70425349700257,53930.488153011705,199.82871824150726,2026.8341421638595,0.7042253521126761
4210852,Cardiovascular,13.0,0.0,0.0,Mirim Doce,2511.0,46.35603345280765,38403.026682596574,517.7220230983672,0.0,
4210852,Câncer,9.0,0.0,0.0,Mirim Doce,2511.0,46.35603345280765,38403.026682596574,358.42293906810033,0.0,
4210852,Diabetes,3.0,0.0,0.0,Mirim Doce,2511.0,46.35603345280765,38403.026682596574,119.47431302270012,0.0,
4210852,Respiratória crônica,4.0,0.0,0.0,Mirim Doce,2511.0,46.35603345280765,38403.026682596574,159.2990840302668,0.0,
4210902,Cardiovascular,62.0,256.0,19.0,Modelo,4080.0,67.91666666666667,44077.205882352944,1519.6078431372548,6274.509803921568,7.421875
4210902,Câncer,49.0,3.0,1.0,Modelo,4080.0,67.91666666666667,44077.205882352944,1200.9803921568628,73.52941176470588,33.33333333333333
4210902,Diabetes,7.0,35.0,1.0,Modelo,4080.0,67.91666666666667,44077.205882352944,171.5686274509804,857.843137254902,2.857142857142857
4210902,Respiratória crônica,15.0,184.0,9.0,Modelo,4080.0,67.91666666666667,44077.205882352944,367.6470588235294,4509.803921568628,4.891304347826087
4211009,Cardiovascular,90.0,105.0,13.0,Mondaí,10066.0,68.59725809656268,112431.65110272204,894.0989469501292,1043.115438108484,12.380952380952381
4211009,Câncer,43.0,37.0,11.0,Mondaí,10066.0,68.59725809656268,112431.65110272204,427.18060798728396,367.574011523942,29.72972972972973
4211009,Diabetes,13.0,27.0,0.0,Mondaí,10066.0,68.59725809656268,112431.65110272204,129.1476256705742,268.22968408503874,0.0
4211009,Respiratória crônica,18.0,182.0,7.0,Mondaí,10066.0,68.59725809656268,112431.65110272204,178.81978939002585,1808.0667593880391,3.8461538461538463
4211058,Cardiovascular,39.0,0.0,0.0,Monte Carlo,9117.0,92.61818580673469,27341.559723593287,427.77229351760445,0.0,
4211058,Câncer,31.0,0.0,0.0,Monte Carlo,9117.0,92.61818580673469,27341.559723593287,340.0241307447625,0.0,
4211058,Diabetes,10.0,0.0,0.0,Monte Carlo,9117.0,92.61818580673469,27341.559723593287,109.68520346605244,0.0,
4211058,Respiratória crônica,12.0,0.0,0.0,Monte Carlo,9117.0,92.61818580673469,27341.559723593287,131.62224415926292,0.0,
4211108,Cardiovascular,52.0,51.0,1.0,Monte Castelo,7736.0,58.32471561530507,33967.81282316443,672.182006204757,659.2554291623578,1.9607843137254901
4211108,Câncer,45.0,1.0,0.0,Monte Castelo,7736.0,58.32471561530507,33967.81282316443,581.6959669079628,12.926577042399174,0.0
4211108,Diabetes,20.0,9.0,0.0,Monte Castelo,7736.0,58.32471561530507,33967.81282316443,258.5315408479835,116.33919338159255,0.0
4211108,Respiratória crônica,18.0,19.0,1.0,Monte Castelo,7736.0,58.32471561530507,33967.81282316443,232.6783867631851,245.60496380558425,5.263157894736842
4211207,Cardiovascular,196.0,2133.0,87.0,Morro da Fumaça,18537.0,87.9160597723472,49612.28893564223,1057.3447699196201,11506.71629713546,4.0787623066104075
4211207,Câncer,62.0,35.0,3.0,Morro da Fumaça,18537.0,87.9160597723472,49612.28893564223,334.4662027296758,188.81156605707503,8.571428571428571
4211207,Diabetes,57.0,124.0,8.0,Morro da Fumaça,18537.0,87.9160597723472,49612.28893564223,307.49312186437936,668.9324054593516,6.451612903225806
4211207,Respiratória crônica,66.0,2205.0,46.0,Morro da Fumaça,18537.0,87.9160597723472,49612.28893564223,356.04466742191295,11895.128661595727,2.0861678004535147
4211256,Cardiovascular,5.0,0.0,0.0,Morro Grande,3010.0,45.415282392026576,57820.2657807309,166.11295681063123,0.0,
4211256,Câncer,3.0,0.0,0.0,Morro Grande,3010.0,45.415282392026576,57820.2657807309,99.66777408637873,0.0,
4211256,Diabetes,1.0,0.0,0.0,Morro Grande,3010.0,45.415282392026576,57820.2657807309,33.222591362126245,0.0,
4211306,Cardiovascular,369.0,180.0,18.0,Navegantes,86401.0,95.9155565329105,82942.36177822016,427.07839029640854,208.33092209580906,10.0
4211306,Câncer,201.0,13.0,4.0,Navegantes,86401.0,95.9155565329105,82942.36177822016,232.63619634032014,15.046122151363988,30.76923076923077
4211306,Diabetes,85.0,41.0,2.0,Navegantes,86401.0,95.9155565329105,82942.36177822016,98.37849098968763,47.45315447737873,4.878048780487805
4211306,Respiratória crônica,57.0,24.0,0.0,Navegantes,86401.0,95.9155565329105,82942.36177822016,65.97145866367288,27.77745627944121,0.0
4211405,Cardiovascular,50.0,298.0,3.0,Nova Erechim,5155.0,76.02327837051406,49560.42677012609,969.9321047526674,5780.7953443258975,1.006711409395973
4211405,Câncer,32.0,2.0,0.0,Nova Erechim,5155.0,76.02327837051406,49560.42677012609,620.7565470417071,38.797284190106694,0.0
4211405,Diabetes,13.0,11.0,0.0,Nova Erechim,5155.0,76.02327837051406,49560.42677012609,252.1823472356935,213.3850630455868,0.0
4211405,Respiratória crônica,9.0,58.0,10.0,Nova Erechim,5155.0,76.02327837051406,49560.42677012609,174.5877788554801,1125.121241513094,17.24137931034483
4211454,Cardiovascular,15.0,0.0,0.0,Nova Itaberaba,4536.0,42.151675485008816,36909.83245149912,330.6878306878307,0.0,
4211454,Câncer,9.0,0.0,0.0,Nova Itaberaba,4536.0,42.151675485008816,36909.83245149912,198.4126984126984,0.0,
4211454,Diabetes,3.0,0.0,0.0,Nova Itaberaba,4536.0,42.151675485008816,36909.83245149912,66.13756613756614,0.0,
4211454,Respiratória crônica,1.0,0.0,0.0,Nova Itaberaba,4536.0,42.151675485008816,36909.83245149912,22.045855379188712,0.0,
4211504,Cardiovascular,141.0,145.0,19.0,Nova Trento,13727.0,76.14919501711954,60196.98404604065,1027.1727252859328,1056.312377067094,13.10344827586207
4211504,Câncer,96.0,45.0,22.0,Nova Trento,13727.0,76.14919501711954,60196.98404604065,699.3516427478692,327.8210825380637,48.888888888888886
4211504,Diabetes,26.0,17.0,1.0,Nova Trento,13727.0,76.14919501711954,60196.98404604065,189.4077365775479,123.84352006993517,5.88235294117647
4211504,Respiratória crônica,35.0,34.0,8.0,Nova Trento,13727.0,76.14919501711954,60196.98404604065,254.97195308516064,247.68704013987033,23.52941176470588
4211603,Cardiovascular,128.0,240.0,7.0,Nova Veneza,13664.0,79.8155737704918,85271.29683840749,936.768149882904,1756.4402810304448,2.9166666666666665
4211603,Câncer,48.0,29.0,2.0,Nova Veneza,13664.0,79.8155737704918,85271.29683840749,351.288056206089,212.23653395784544,6.896551724137931
4211603,Diabetes,11.0,42.0,3.0,Nova Veneza,13664.0,79.8155737704918,85271.29683840749,80.50351288056207,307.37704918032784,7.142857142857142
4211603,Respiratória crônica,10.0,114.0,8.0,Nova Veneza,13664.0,79.8155737704918,85271.29683840749,73.18501170960188,834.3091334894614,7.017543859649122
4211652,Cardiovascular,7.0,0.0,0.0,Novo Horizonte,2643.0,49.41354521377223,53056.37533106319,264.85054861899357,0.0,
4211652,Câncer,1.0,0.0,0.0,Novo Horizonte,2643.0,49.41354521377223,53056.37533106319,37.835792659856224,0.0,
4211652,Respiratória crônica,1.0,0.0,0.0,Novo Horizonte,2643.0,49.41354521377223,53056.37533106319,37.835792659856224,0.0,
4211702,Cardiovascular,235.0,650.0,73.0,Orleans,23661.0,79.55285068255779,53841.72266599045,993.19555386501,2747.136638350027,11.23076923076923
4211702,Câncer,100.0,111.0,26.0,Orleans,23661.0,79.55285068255779,53841.72266599045,422.63640590000426,469.1264105490047,23.423423423423422
4211702,Diabetes,30.0,95.0,5.0,Orleans,23661.0,79.55285068255779,53841.72266599045,126.79092177000128,401.50458560500397,5.263157894736842
4211702,Respiratória crônica,23.0,274.0,13.0,Orleans,23661.0,79.55285068255779,53841.72266599045,97.20637335700097,1158.0237521660117,4.744525547445255
4211751,Cardiovascular,93.0,541.0,19.0,Otacílio Costa,17312.0,92.32324399260628,63951.42097966728,537.199630314233,3125.0,3.512014787430684
4211751,Câncer,69.0,82.0,14.0,Otacílio Costa,17312.0,92.32324399260628,63951.42097966728,398.5674676524954,473.6598890942699,17.073170731707318
4211751,Diabetes,26.0,172.0,3.0,Otacílio Costa,17312.0,92.32324399260628,63951.42097966728,150.18484288354898,993.5304990757857,1.744186046511628
4211751,Respiratória crônica,27.0,288.0,16.0,Otacílio Costa,17312.0,92.32324399260628,63951.42097966728,155.9611829944547,1663.5859519408502,5.555555555555555
4211801,Cardiovascular,21.0,0.0,0.0,Ouro,7032.0,69.78100113765643,37121.01820250284,298.63481228668945,0.0,
4211801,Câncer,5.0,0.0,0.0,Ouro,7032.0,69.78100113765643,37121.01820250284,71.10352673492605,0.0,
4211801,Diabetes,1.0,0.0,0.0,Ouro,7032.0,69.78100113765643,37121.01820250284,14.22070534698521,0.0,
4211801,Respiratória crônica,1.0,0.0,0.0,Ouro,7032.0,69.78100113765643,37121.01820250284,14.22070534698521,0.0,
4211850,Cardiovascular,1.0,0.0,0.0,Ouro Verde,2181.0,48.50985786336543,81269.14259513984,45.850527281063734,0.0,
4211850,Câncer,2.0,0.0,0.0,Ouro Verde,2181.0,48.50985786336543,81269.14259513984,91.70105456212747,0.0,
4211850,Diabetes,3.0,0.0,0.0,Ouro Verde,2181.0,48.50985786336543,81269.14259513984,137.5515818431912,0.0,
4211850,Respiratória crônica,2.0,0.0,0.0,Ouro Verde,2181.0,48.50985786336543,81269.14259513984,91.70105456212747,0.0,
4211876,Cardiovascular,10.0,0.0,0.0,Paial,1927.0,26.569797612869746,38621.69174883238,518.9413596263622,0.0,
4211876,Câncer,1.0,0.0,0.0,Paial,1927.0,26.569797612869746,38621.69174883238,51.89413596263622,0.0,
4211876,Diabetes,4.0,0.0,0.0,Paial,1927.0,26.569797612869746,38621.69174883238,207.57654385054488,0.0,
4211876,Respiratória crônica,1.0,0.0,0.0,Paial,1927.0,26.569797612869746,38621.69174883238,51.89413596263622,0.0,
4211892,Cardiovascular,6.0,0.0,0.0,Painel,2215.0,46.99774266365688,42254.62753950339,270.8803611738149,0.0,
4211892,Câncer,1.0,0.0,0.0,Painel,2215.0,46.99774266365688,42254.62753950339,45.14672686230248,0.0,
4211892,Diabetes,4.0,0.0,0.0,Painel,2215.0,46.99774266365688,42254.62753950339,180.58690744920992,0.0,
4211892,Respiratória crônica,3.0,0.0,0.0,Painel,2215.0,46.99774266365688,42254.62753950339,135.44018058690745,0.0,
4211900,Cardiovascular,751.0,0.0,0.0,Palhoça,222598.0,98.79334046127998,40904.69815541919,337.37949128024513,0.0,
4211900,Câncer,147.0,0.0,0.0,Palhoça,222598.0,98.79334046127998,40904.69815541919,66.03832918534758,0.0,
4211900,Diabetes,73.0,0.0,0.0,Palhoça,222598.0,98.79334046127998,40904.69815541919,32.794544425376685,0.0,
4211900,Respiratória crônica,29.0,0.0,0.0,Palhoça,222598.0,98.79334046127998,40904.69815541919,13.027969703231836,0.0,
4212007,Cardiovascular,70.0,427.0,14.0,Palma Sola,7605.0,76.10782380013148,43495.06903353057,920.4470742932281,5614.727153188692,3.278688524590164
4212007,Câncer,65.0,70.0,12.0,Palma Sola,7605.0,76.10782380013148,43495.06903353057,854.7008547008547,920.4470742932281,17.142857142857142
4212007,Diabetes,28.0,117.0,1.0,Palma Sola,7605.0,76.10782380013148,43495.06903353057,368.17882971729125,1538.4615384615386,0.8547008547008548
4212007,Respiratória crônica,22.0,656.0,8.0,Palma Sola,7605.0,76.10782380013148,43495.06903353057,289.28336620644313,8625.904010519394,1.2195121951219512
4212056,Cardiovascular,2.0,0.0,0.0,Palmeira,2561.0,46.895743850058565,70683.3268254588,78.09449433814916,0.0,
4212056,Câncer,4.0,0.0,0.0,Palmeira,2561.0,46.895743850058565,70683.3268254588,156.18898867629832,0.0,
4212056,Diabetes,2.0,0.0,0.0,Palmeira,2561.0,46.895743850058565,70683.3268254588,78.09449433814916,0.0,
4212056,Respiratória crônica,2.0,0.0,0.0,Palmeira,2561.0,46.895743850058565,70683.3268254588,78.09449433814916,0.0,
4212106,Cardiovascular,140.0,335.0,14.0,Palmitos,15626.0,68.43082042749265,65361.06489184692,895.9426596697812,2143.862792781262,4.179104477611941
4212106,Câncer,93.0,169.0,25.0,Palmitos,15626.0,68.43082042749265,65361.06489184692,595.1619096377832,1081.5307820299502,14.792899408284024
4212106,Diabetes,23.0,204.0,6.0,Palmitos,15626.0,68.43082042749265,65361.06489184692,147.19057980289261,1305.5164469473955,2.941176470588235
4212106,Respiratória crônica,58.0,777.0,50.0,Palmitos,15626.0,68.43082042749265,65361.06489184692,371.1762447203379,4972.481761167285,6.435006435006435
4212205,Cardiovascular,117.0,354.0,24.0,Papanduva,19150.0,67.9686684073107,54766.42297650131,610.9660574412533,1848.5639686684071,6.779661016949152
4212205,Câncer,113.0,44.0,15.0,Papanduva,19150.0,67.9686684073107,54766.42297650131,590.0783289817232,229.76501305483026,34.090909090909086
4212205,Diabetes,35.0,188.0,9.0,Papanduva,19150.0,67.9686684073107,54766.42297650131,182.76762402088772,981.7232375979113,4.787234042553192
4212205,Respiratória crônica,29.0,174.0,14.0,Papanduva,19150.0,67.9686684073107,54766.42297650131,151.4360313315927,908.6161879895561,8.045977011494253
4212239,Cardiovascular,18.0,0.0,0.0,Paraíso,4267.0,42.91071010077337,43268.33841106164,421.8420435903445,0.0,
4212239,Câncer,9.0,0.0,0.0,Paraíso,4267.0,42.91071010077337,43268.33841106164,210.92102179517224,0.0,
4212239,Diabetes,2.0,0.0,0.0,Paraíso,4267.0,42.91071010077337,43268.33841106164,46.871338176704946,0.0,
4212239,Respiratória crônica,3.0,0.0,0.0,Paraíso,4267.0,42.91071010077337,43268.33841106164,70.30700726505742,0.0,
4212254,Cardiovascular,21.0,0.0,0.0,Passo de Torres,12897.0,95.06862060944404,21314.33666744204,162.82856478250756,0.0,
4212254,Câncer,10.0,0.0,0.0,Passo de Torres,12897.0,95.06862060944404,21314.33666744204,77.53741180119407,0.0,
4212254,Diabetes,9.0,0.0,0.0,Passo de Torres,12897.0,95.06862060944404,21314.33666744204,69.78367062107466,0.0,
4212254,Respiratória crônica,1.0,0.0,0.0,Passo de Torres,12897.0,95.06862060944404,21314.33666744204,7.753741180119407,0.0,
4212270,Cardiovascular,17.0,0.0,0.0,Passos Maia,4034.0,38.225086762518586,43487.3574615766,421.417947446703,0.0,
4212270,Câncer,8.0,0.0,0.0,Passos Maia,4034.0,38.225086762518586,43487.3574615766,198.31432821021318,0.0,
4212270,Diabetes,3.0,0.0,0.0,Passos Maia,4034.0,38.225086762518586,43487.3574615766,74.36787307882994,0.0,
4212270,Respiratória crônica,5.0,0.0,0.0,Passos Maia,4034.0,38.225086762518586,43487.3574615766,123.94645513138325,0.0,
4212304,Cardiovascular,40.0,0.0,0.0,Paulo Lopes,9063.0,81.42999006951341,33013.24064879179,441.3549597263599,0.0,
4212304,Câncer,9.0,0.0,0.0,Paulo Lopes,9063.0,81.42999006951341,33013.24064879179,99.30486593843098,0.0,
4212304,Diabetes,4.0,0.0,0.0,Paulo Lopes,9063.0,81.42999006951341,33013.24064879179,44.135495972635994,0.0,
4212304,Respiratória crônica,2.0,0.0,0.0,Paulo Lopes,9063.0,81.42999006951341,33013.24064879179,22.067747986317997,0.0,
4212403,Cardiovascular,20.0,0.0,0.0,Pedras Grandes,4245.0,29.72909305064782,67374.32273262662,471.1425206124852,0.0,
4212403,Câncer,5.0,0.0,0.0,Pedras Grandes,4245.0,29.72909305064782,67374.32273262662,117.7856301531213,0.0,
4212403,Diabetes,2.0,0.0,0.0,Pedras Grandes,4245.0,29.72909305064782,67374.32273262662,47.11425206124853,0.0,
4212403,Respiratória crônica,1.0,0.0,0.0,Pedras Grandes,4245.0,29.72909305064782,67374.32273262662,23.557126030624264,0.0,
4212502,Cardiovascular,197.0,204.0,0.0,Penha,33663.0,99.82770400736712,34079.55321866738,585.2122508392004,606.0065947776491,0.0
4212502,Câncer,109.0,8.0,0.0,Penha,33663.0,99.82770400736712,34079.55321866738,323.79764132727325,23.764964501084275,0.0
4212502,Diabetes,121.0,0.0,0.0,Penha,33663.0,99.82770400736712,34079.55321866738,359.4450880788997,0.0,
4212502,Respiratória crônica,33.0,0.0,0.0,Penha,33663.0,99.82770400736712,34079.55321866738,98.03047856697263,0.0,
4212601,Cardiovascular,33.0,358.0,2.0,Peritiba,2992.0,57.35294117647059,48600.26737967914,1102.9411764705883,11965.24064171123,0.5586592178770949
4212601,Câncer,21.0,8.0,3.0,Peritiba,2992.0,57.35294117647059,48600.26737967914,701.8716577540107,267.379679144385,37.5
4212601,Diabetes,7.0,9.0,0.0,Peritiba,2992.0,57.35294117647059,48600.26737967914,233.95721925133688,300.80213903743316,0.0
4212601,Respiratória crônica,4.0,10.0,0.0,Peritiba,2992.0,57.35294117647059,48600.26737967914,133.6898395721925,334.22459893048125,0.0
4212650,Cardiovascular,37.0,0.0,0.0,Pescaria Brava,10190.0,81.3837095191364,13594.210009813543,363.1010794896958,0.0,
4212650,Câncer,4.0,0.0,0.0,Pescaria Brava,10190.0,81.3837095191364,13594.210009813543,39.25417075564279,0.0,
4212650,Diabetes,7.0,0.0,0.0,Pescaria Brava,10190.0,81.3837095191364,13594.210009813543,68.69479882237488,0.0,
4212650,Respiratória crônica,1.0,0.0,0.0,Pescaria Brava,10190.0,81.3837095191364,13594.210009813543,9.813542688910697,0.0,
4212700,Cardiovascular,38.0,18.0,0.0,Petrolândia,6716.0,42.30196545562835,36796.60512209649,565.8129839189994,268.0166765932102,0.0
4212700,Câncer,22.0,8.0,4.0,Petrolândia,6716.0,42.30196545562835,36796.60512209649,327.5759380583681,119.11852293031568,50.0
4212700,Diabetes,16.0,11.0,0.0,Petrolândia,6716.0,42.30196545562835,36796.60512209649,238.23704586063135,163.78796902918404,0.0
4212700,Respiratória crônica,4.0,37.0,0.0,Petrolândia,6716.0,42.30196545562835,36796.60512209649,59.55926146515784,550.92316855271,0.0
4212809,Cardiovascular,127.0,0.0,0.0,Balneário Piçarras,27127.0,91.74623069266782,58527.88734471191,468.16824565930625,0.0,
4212809,Câncer,75.0,0.0,0.0,Balneário Piçarras,27127.0,91.74623069266782,58527.88734471191,276.47731042872414,0.0,
4212809,Diabetes,65.0,0.0,0.0,Balneário Piçarras,27127.0,91.74623069266782,58527.88734471191,239.61366903822758,0.0,
4212809,Respiratória crônica,17.0,0.0,0.0,Balneário Piçarras,27127.0,91.74623069266782,58527.88734471191,62.66819036384415,0.0,
4212908,Cardiovascular,126.0,591.0,10.0,Pinhalzinho,21972.0,87.87092663389768,79137.03804842527,573.4571272528673,2689.787001638449,1.6920473773265652
4212908,Câncer,108.0,76.0,26.0,Pinhalzinho,21972.0,87.87092663389768,79137.03804842527,491.53468050245766,345.89477516839617,34.21052631578947
4212908,Diabetes,19.0,36.0,5.0,Pinhalzinho,21972.0,87.87092663389768,79137.03804842527,86.47369379209904,163.8448935008192,13.88888888888889
4212908,Respiratória crônica,16.0,68.0,3.0,Pinhalzinho,21972.0,87.87092663389768,79137.03804842527,72.81995266703076,309.4847988348808,4.411764705882353
4213005,Cardiovascular,3.0,0.0,0.0,Pinheiro Preto,3473.0,63.72012669162108,69632.3063633746,86.38065073423553,0.0,
4213005,Câncer,1.0,0.0,0.0,Pinheiro Preto,3473.0,63.72012669162108,69632.3063633746,28.793550244745177,0.0,
4213005,Respiratória crônica,1.0,0.0,0.0,Pinheiro Preto,3473.0,63.72012669162108,69632.3063633746,28.793550244745177,0.0,
4213104,Cardiovascular,10.0,0.0,0.0,Piratuba,5769.0,65.730629225169,72770.67082683307,173.3402669440111,0.0,
4213104,Câncer,8.0,0.0,0.0,Piratuba,5769.0,65.730629225169,72770.67082683307,138.67221355520888,0.0,
4213104,Diabetes,2.0,0.0,0.0,Piratuba,5769.0,65.730629225169,72770.67082683307,34.66805338880222,0.0,
4213104,Respiratória crônica,1.0,0.0,0.0,Piratuba,5769.0,65.730629225169,72770.67082683307,17.33402669440111,0.0,
4213153,Cardiovascular,3.0,0.0,0.0,Planalto Alegre,2946.0,58.07875084860829,51911.06585200272,101.83299389002036,0.0,
4213153,Câncer,2.0,0.0,0.0,Planalto Alegre,2946.0,58.07875084860829,51911.06585200272,67.88866259334691,0.0,
4213203,Cardiovascular,263.0,1292.0,62.0,Pomerode,34289.0,87.26705357403249,86445.21566683192,767.0098282247951,3767.9722359940506,4.798761609907121
4213203,Câncer,166.0,111.0,29.0,Pomerode,34289.0,87.26705357403249,86445.21566683192,484.1202718072851,323.7189769313774,26.126126126126124
4213203,Diabetes,55.0,94.0,5.0,Pomerode,34289.0,87.26705357403249,86445.21566683192,160.40129487590772,274.1403948788241,5.319148936170213
4213203,Respiratória crônica,41.0,95.0,4.0,Pomerode,34289.0,87.26705357403249,86445.21566683192,119.5718743620403,277.0567820583861,4.2105263157894735
4213302,Cardiovascular,23.0,2.0,0.0,Ponte Alta,4437.0,76.53820148749155,38574.48726617084,518.3682668469687,45.075501464953796,0.0
4213302,Câncer,7.0,1.0,0.0,Ponte Alta,4437.0,76.53820148749155,38574.48726617084,157.7642551273383,22.537750732476898,0.0
4213302,Diabetes,5.0,2.0,0.0,Ponte Alta,4437.0,76.53820148749155,38574.48726617084,112.6887536623845,45.075501464953796,0.0
4213302,Respiratória crônica,2.0,2.0,0.0,Ponte Alta,4437.0,76.53820148749155,38574.48726617084,45.075501464953796,45.075501464953796,0.0
4213351,Cardiovascular,7.0,0.0,0.0,Ponte Alta do Norte,3210.0,88.75389408099689,47791.27725856698,218.06853582554518,0.0,
4213351,Câncer,3.0,0.0,0.0,Ponte Alta do Norte,3210.0,88.75389408099689,47791.27725856698,93.45794392523365,0.0,
4213351,Diabetes,1.0,0.0,0.0,Ponte Alta do Norte,3210.0,88.75389408099689,47791.27725856698,31.152647975077883,0.0,
4213351,Respiratória crônica,2.0,0.0,0.0,Ponte Alta do Norte,3210.0,88.75389408099689,47791.27725856698,62.30529595015577,0.0,
4213401,Cardiovascular,85.0,589.0,10.0,Ponte Serrada,10649.0,87.08798948258053,30298.1500610386,798.197013804113,5531.035778007325,1.697792869269949
4213401,Câncer,43.0,8.0,1.0,Ponte Serrada,10649.0,87.08798948258053,30298.1500610386,403.79378345384544,75.12442482862241,12.5
4213401,Diabetes,14.0,82.0,0.0,Ponte Serrada,10649.0,87.08798948258053,30298.1500610386,131.46774345008922,770.0253544933796,0.0
4213401,Respiratória crônica,19.0,677.0,5.0,Ponte Serrada,10649.0,87.08798948258053,30298.1500610386,178.4205089679782,6357.404451122172,0.7385524372230428
4213500,Cardiovascular,72.0,0.0,0.0,Porto Belo,27688.0,93.93961282866223,62161.73071366657,260.0404507367813,0.0,
4213500,Câncer,41.0,0.0,0.0,Porto Belo,27688.0,93.93961282866223,62161.73071366657,148.07859000288934,0.0,
4213500,Diabetes,15.0,0.0,0.0,Porto Belo,27688.0,93.93961282866223,62161.73071366657,54.175093903496105,0.0,
4213500,Respiratória crônica,8.0,0.0,0.0,Porto Belo,27688.0,93.93961282866223,62161.73071366657,28.89338341519792,0.0,
4213609,Cardiovascular,375.0,1178.0,135.0,Porto União,32970.0,86.89111313315135,40865.756748559295,1137.3976342129208,3572.945101607522,11.460101867572156
4213609,Câncer,772.0,3664.0,358.0,Porto União,32970.0,86.89111313315135,40865.756748559295,2341.5225962996665,11113.133151349712,9.770742358078603
4213609,Diabetes,69.0,116.0,3.0,Porto União,32970.0,86.89111313315135,40865.756748559295,209.28116469517744,351.83500151653016,2.586206896551724
4213609,Respiratória crônica,81.0,264.0,17.0,Porto União,32970.0,86.89111313315135,40865.756748559295,245.67788898999092,800.7279344858963,6.4393939393939394
4213708,Cardiovascular,133.0,240.0,23.0,Pouso Redondo,17123.0,65.02949249547393,47534.42737837996,776.7330491152251,1401.6235472755943,9.583333333333334
4213708,Câncer,84.0,72.0,19.0,Pouso Redondo,17123.0,65.02949249547393,47534.42737837996,490.568241546458,420.4870641826783,26.38888888888889
4213708,Diabetes,44.0,43.0,2.0,Pouso Redondo,17123.0,65.02949249547393,47534.42737837996,256.96431700052557,251.1242188868773,4.651162790697675
4213708,Respiratória crônica,36.0,174.0,17.0,Pouso Redondo,17123.0,65.02949249547393,47534.42737837996,210.24353209133915,1016.1770717748058,9.770114942528735
4213807,Cardiovascular,114.0,1609.0,24.0,Praia Grande,8270.0,72.88996372430472,28995.76783555018,1378.4764207980654,19455.864570737605,1.4916096954630205
4213807,Câncer,93.0,87.0,24.0,Praia Grande,8270.0,72.88996372430472,28995.76783555018,1124.5465538089481,1051.995163240629,27.586206896551722
4213807,Diabetes,31.0,88.0,3.0,Praia Grande,8270.0,72.88996372430472,28995.76783555018,374.84885126964934,1064.087061668682,3.4090909090909087
4213807,Respiratória crônica,30.0,235.0,13.0,Praia Grande,8270.0,72.88996372430472,28995.76783555018,362.75695284159616,2841.596130592503,5.531914893617021
4213906,Cardiovascular,2.0,0.0,0.0,Presidente Castello Branco,1689.0,39.19478981645944,48461.21965660154,118.41326228537595,0.0,
4213906,Câncer,2.0,0.0,0.0,Presidente Castello Branco,1689.0,39.19478981645944,48461.21965660154,118.41326228537595,0.0,
4213906,Diabetes,2.0,0.0,0.0,Presidente Castello Branco,1689.0,39.19478981645944,48461.21965660154,118.41326228537595,0.0,
4213906,Respiratória crônica,1.0,0.0,0.0,Presidente Castello Branco,1689.0,39.19478981645944,48461.21965660154,59.206631142687975,0.0,
4214003,Cardiovascular,147.0,309.0,23.0,Presidente Getúlio,20010.0,77.95602198900549,50027.13643178411,734.632683658171,1544.2278860569716,7.443365695792881
4214003,Câncer,91.0,71.0,22.0,Presidente Getúlio,20010.0,77.95602198900549,50027.13643178411,454.7726136931534,354.82258870564715,30.985915492957744
4214003,Diabetes,27.0,39.0,3.0,Presidente Getúlio,20010.0,77.95602198900549,50027.13643178411,134.93253373313343,194.9025487256372,7.6923076923076925
4214003,Respiratória crônica,35.0,110.0,17.0,Presidente Getúlio,20010.0,77.95602198900549,50027.13643178411,174.91254372813594,549.7251374312843,15.454545454545453
4214102,Cardiovascular,17.0,0.0,0.0,Presidente Nereu,2301.0,46.89265536723164,31183.398522381573,738.8092133854846,0.0,
4214102,Câncer,3.0,0.0,0.0,Presidente Nereu,2301.0,46.89265536723164,31183.398522381573,130.3780964797914,0.0,
4214102,Diabetes,2.0,0.0,0.0,Presidente Nereu,2301.0,46.89265536723164,31183.398522381573,86.9187309865276,0.0,
4214102,Respiratória crônica,2.0,0.0,0.0,Presidente Nereu,2301.0,46.89265536723164,31183.398522381573,86.9187309865276,0.0,
4214151,Cardiovascular,4.0,0.0,0.0,Princesa,2964.0,42.071524966261805,53468.96086369771,134.9527665317139,0.0,
4214151,Câncer,6.0,0.0,0.0,Princesa,2964.0,42.071524966261805,53468.96086369771,202.42914979757086,0.0,
4214151,Diabetes,4.0,0.0,0.0,Princesa,2964.0,42.071524966261805,53468.96086369771,134.9527665317139,0.0,
4214151,Respiratória crônica,3.0,0.0,0.0,Princesa,2964.0,42.071524966261805,53468.96086369771,101.21457489878543,0.0,
4214201,Cardiovascular,87.0,448.0,21.0,Quilombo,11022.0,67.73725276719289,52750.58972963165,789.3304300489929,4064.5980765741247,4.6875
4214201,Câncer,99.0,154.0,24.0,Quilombo,11022.0,67.73725276719289,52750.58972963165,898.2035928143712,1397.2055888223554,15.584415584415584
4214201,Diabetes,18.0,88.0,3.0,Quilombo,11022.0,67.73725276719289,52750.58972963165,163.3097441480675,798.4031936127744,3.4090909090909087
4214201,Respiratória crônica,28.0,303.0,13.0,Quilombo,11022.0,67.73725276719289,52750.58972963165,254.0373797858828,2749.0473598258027,4.29042904290429
4214300,Cardiovascular,16.0,0.0,0.0,Rancho Queimado,3279.0,41.59804818542239,50827.08142726441,487.95364440378165,0.0,
4214300,Câncer,3.0,0.0,0.0,Rancho Queimado,3279.0,41.59804818542239,50827.08142726441,91.49130832570906,0.0,
4214409,Cardiovascular,12.0,0.0,0.0,Rio das Antas,6253.0,50.1039501039501,47987.68591076283,191.90788421557653,0.0,
4214409,Câncer,9.0,0.0,0.0,Rio das Antas,6253.0,50.1039501039501,47987.68591076283,143.93091316168238,0.0,
4214409,Diabetes,4.0,0.0,0.0,Rio das Antas,6253.0,50.1039501039501,47987.68591076283,63.969294738525505,0.0,
4214409,Respiratória crônica,6.0,0.0,0.0,Rio das Antas,6253.0,50.1039501039501,47987.68591076283,95.95394210778827,0.0,
4214508,Cardiovascular,83.0,191.0,22.0,Rio do Campo,6452.0,48.496590204587726,37317.42095474272,1286.4228146311223,2960.3223806571605,11.518324607329843
4214508,Câncer,47.0,74.0,22.0,Rio do Campo,6452.0,48.496590204587726,37317.42095474272,728.4562926224427,1146.9311841289523,29.72972972972973
4214508,Diabetes,15.0,72.0,2.0,Rio do Campo,6452.0,48.496590204587726,37317.42095474272,232.48605083694977,1115.933044017359,2.7777777777777777
4214508,Respiratória crônica,23.0,153.0,15.0,Rio do Campo,6452.0,48.496590204587726,37317.42095474272,356.478611283323,2371.357718536888,9.803921568627452
4214607,Cardiovascular,101.0,0.0,0.0,Rio do Oeste,7747.0,59.8037950174261,38304.24680521492,1303.7304763134116,0.0,
4214607,Câncer,22.0,0.0,0.0,Rio do Oeste,7747.0,59.8037950174261,38304.24680521492,283.9808958306441,0.0,
4214607,Diabetes,23.0,0.0,0.0,Rio do Oeste,7747.0,59.8037950174261,38304.24680521492,296.88911836840066,0.0,
4214607,Respiratória crônica,12.0,0.0,0.0,Rio do Oeste,7747.0,59.8037950174261,38304.24680521492,154.8986704530786,0.0,
4214706,Cardiovascular,98.0,308.0,15.0,Rio dos Cedros,10865.0,58.63782788771283,46591.25632765762,901.9788311090657,2834.7906120570638,4.870129870129871
4214706,Câncer,59.0,45.0,14.0,Rio dos Cedros,10865.0,58.63782788771283,46591.25632765762,543.0280717901519,414.1739530602853,31.11111111111111
4214706,Diabetes,23.0,27.0,1.0,Rio dos Cedros,10865.0,58.63782788771283,46591.25632765762,211.68890934192362,248.50437183617117,3.7037037037037033
4214706,Respiratória crônica,7.0,47.0,6.0,Rio dos Cedros,10865.0,58.63782788771283,46591.25632765762,64.42705936493327,432.5816843074091,12.76595744680851
4214805,Cardiovascular,1039.0,6564.0,415.0,Rio do Sul,72587.0,93.183352390924,59334.19207296072,1431.3857853334619,9042.941573560003,6.322364411943937
4214805,Câncer,823.0,3013.0,313.0,Rio do Sul,72587.0,93.183352390924,59334.19207296072,1133.8118395856006,4150.881011751416,10.388317291735811
4214805,Diabetes,113.0,224.0,12.0,Rio do Sul,72587.0,93.183352390924,59334.19207296072,155.67525865513107,308.59520299778194,5.357142857142857
4214805,Respiratória crônica,164.0,401.0,37.0,Rio do Sul,72587.0,93.183352390924,59334.19207296072,225.9357736233761,552.4405196522794,9.226932668329177
4214904,Cardiovascular,41.0,301.0,17.0,Rio Fortuna,4847.0,46.234784402723335,65011.34722508768,845.8840519909222,6210.026820713844,5.647840531561462
4214904,Câncer,44.0,54.0,12.0,Rio Fortuna,4847.0,46.234784402723335,65011.34722508768,907.7780070146483,1114.0911904270683,22.22222222222222
4214904,Diabetes,5.0,43.0,1.0,Rio Fortuna,4847.0,46.234784402723335,65011.34722508768,103.15659170621002,887.1466886734063,2.3255813953488373
4214904,Respiratória crônica,10.0,104.0,6.0,Rio Fortuna,4847.0,46.234784402723335,65011.34722508768,206.31318341242005,2145.6571074891685,5.769230769230769
4215000,Cardiovascular,391.0,767.0,133.0,Rio Negrinho,39261.0,89.38131988487304,43533.25182751331,995.899238429994,1953.5926237232877,17.340286831812254
4215000,Câncer,240.0,137.0,56.0,Rio Negrinho,39261.0,89.38131988487304,43533.25182751331,611.2936501872086,348.946791981865,40.87591240875913
4215000,Diabetes,83.0,154.0,17.0,Rio Negrinho,39261.0,89.38131988487304,43533.25182751331,211.40572068974302,392.2467588701256,11.03896103896104
4215000,Respiratória crônica,133.0,297.0,52.0,Rio Negrinho,39261.0,89.38131988487304,43533.25182751331,338.7585644787448,756.4758921066708,17.50841750841751
4215059,Cardiovascular,13.0,0.0,0.0,Rio Rufino,2397.0,43.09553608677514,36047.14226115978,542.3445974134335,0.0,
4215059,Câncer,6.0,0.0,0.0,Rio Rufino,2397.0,43.09553608677514,36047.14226115978,250.31289111389236,0.0,
4215059,Diabetes,3.0,0.0,0.0,Rio Rufino,2397.0,43.09553608677514,36047.14226115978,125.15644555694618,0.0,
4215059,Respiratória crônica,1.0,0.0,0.0,Rio Rufino,2397.0,43.09553608677514,36047.14226115978,41.71881518564873,0.0,
4215075,Cardiovascular,15.0,0.0,0.0,Riqueza,4768.0,55.83053691275168,35580.536912751675,314.5973154362416,0.0,
4215075,Câncer,11.0,0.0,0.0,Riqueza,4768.0,55.83053691275168,35580.536912751675,230.7046979865772,0.0,
4215075,Diabetes,2.0,0.0,0.0,Riqueza,4768.0,55.83053691275168,35580.536912751675,41.946308724832214,0.0,
4215109,Cardiovascular,62.0,0.0,0.0,Rodeio,12757.0,82.2372031041781,35470.87873324449,486.0076820569099,0.0,
4215109,Câncer,45.0,0.0,0.0,Rodeio,12757.0,82.2372031041781,35470.87873324449,352.7475111703379,0.0,
4215109,Diabetes,25.0,0.0,0.0,Rodeio,12757.0,82.2372031041781,35470.87873324449,195.9708395390766,0.0,
4215109,Respiratória crônica,8.0,0.0,0.0,Rodeio,12757.0,82.2372031041781,35470.87873324449,62.7106686525045,0.0,
4215208,Cardiovascular,19.0,0.0,0.0,Romelândia,4823.0,43.16815260211487,23388.76218121501,393.9456769645449,0.0,
4215208,Câncer,21.0,0.0,0.0,Romelândia,4823.0,43.16815260211487,23388.76218121501,435.41364296081275,0.0,
4215208,Diabetes,7.0,0.0,0.0,Romelândia,4823.0,43.16815260211487,23388.76218121501,145.1378809869376,0.0,
4215208,Respiratória crônica,5.0,0.0,0.0,Romelândia,4823.0,43.16815260211487,23388.76218121501,103.66991499066971,0.0,
4215307,Cardiovascular,63.0,80.0,8.0,Salete,7489.0,67.53905728401655,45870.20964080652,841.2338095873948,1068.2334089998665,10.0
4215307,Câncer,47.0,46.0,19.0,Salete,7489.0,67.53905728401655,45870.20964080652,627.5871277874215,614.2342101749233,41.30434782608695
4215307,Diabetes,16.0,32.0,0.0,Salete,7489.0,67.53905728401655,45870.20964080652,213.64668179997332,427.29336359994664,0.0
4215307,Respiratória crônica,13.0,83.0,2.0,Salete,7489.0,67.53905728401655,45870.20964080652,173.5879289624783,1108.2921618373616,2.4096385542168677
4215356,Cardiovascular,8.0,0.0,0.0,Saltinho,3632.0,46.86123348017621,27297.907488986784,220.26431718061676,0.0,
4215356,Câncer,4.0,0.0,0.0,Saltinho,3632.0,46.86123348017621,27297.907488986784,110.13215859030838,0.0,
4215356,Diabetes,2.0,0.0,0.0,Saltinho,3632.0,46.86123348017621,27297.907488986784,55.06607929515419,0.0,
4215356,Respiratória crônica,4.0,0.0,0.0,Saltinho,3632.0,46.86123348017621,27297.907488986784,110.13215859030838,0.0,
4215406,Cardiovascular,8.0,100.0,3.0,Salto Veloso,4390.0,82.48291571753987,69931.89066059225,182.23234624145786,2277.904328018223,3.0
4215406,Câncer,16.0,54.0,6.0,Salto Veloso,4390.0,82.48291571753987,69931.89066059225,364.4646924829157,1230.0683371298405,11.11111111111111
4215406,Diabetes,5.0,28.0,0.0,Salto Veloso,4390.0,82.48291571753987,69931.89066059225,113.89521640091115,637.8132118451025,0.0
4215406,Respiratória crônica,8.0,92.0,3.0,Salto Veloso,4390.0,82.48291571753987,69931.89066059225,182.23234624145786,2095.6719817767653,3.260869565217391
4215455,Cardiovascular,34.0,0.0,0.0,Sangão,12882.0,56.65269368110542,44245.76929048285,263.934171712467,0.0,
4215455,Câncer,8.0,0.0,0.0,Sangão,12882.0,56.65269368110542,44245.76929048285,62.102158049992234,0.0,
4215455,Diabetes,6.0,0.0,0.0,Sangão,12882.0,56.65269368110542,44245.76929048285,46.57661853749418,0.0,
4215505,Cardiovascular,104.0,164.0,21.0,Santa Cecília,15546.0,88.35713366782451,43624.98391869291,668.9823748874309,1054.9337450147948,12.804878048780488
4215505,Câncer,77.0,15.0,0.0,Santa Cecília,15546.0,88.35713366782451,43624.98391869291,495.3042583301171,96.487842531841,0.0
4215505,Diabetes,44.0,30.0,0.0,Santa Cecília,15546.0,88.35713366782451,43624.98391869291,283.0310047600669,192.975685063682,0.0
4215505,Respiratória crônica,33.0,157.0,9.0,Santa Cecília,15546.0,88.35713366782451,43624.98391869291,212.27325357005017,1009.9060851666025,5.7324840764331215
4215554,Cardiovascular,2.0,0.0,0.0,Santa Helena,2425.0,53.23711340206185,50275.87628865979,82.47422680412372,0.0,
4215554,Câncer,1.0,0.0,0.0,Santa Helena,2425.0,53.23711340206185,50275.87628865979,41.23711340206186,0.0,
4215604,Cardiovascular,8.0,0.0,0.0,Santa Rosa de Lima,2088.0,27.729885057471265,42625.95785440613,383.1417624521073,0.0,
4215604,Câncer,3.0,0.0,0.0,Santa Rosa de Lima,2088.0,27.729885057471265,42625.95785440613,143.67816091954023,0.0,
4215604,Diabetes,1.0,0.0,0.0,Santa Rosa de Lima,2088.0,27.729885057471265,42625.95785440613,47.89272030651341,0.0,
4215653,Cardiovascular,39.0,0.0,0.0,Santa Rosa do Sul,9792.0,53.6968954248366,23408.29248366013,398.28431372549016,0.0,
4215653,Câncer,13.0,0.0,0.0,Santa Rosa do Sul,9792.0,53.6968954248366,23408.29248366013,132.76143790849673,0.0,
4215653,Diabetes,6.0,0.0,0.0,Santa Rosa do Sul,9792.0,53.6968954248366,23408.29248366013,61.27450980392157,0.0,
4215653,Respiratória crônica,1.0,0.0,0.0,Santa Rosa do Sul,9792.0,53.6968954248366,23408.29248366013,10.212418300653596,0.0,
4215679,Cardiovascular,35.0,0.0,0.0,Santa Terezinha,8066.0,23.766426977436154,33349.73964790478,433.9201586908009,0.0,
4215679,Câncer,20.0,0.0,0.0,Santa Terezinha,8066.0,23.766426977436154,33349.73964790478,247.95437639474338,0.0,
4215679,Diabetes,3.0,0.0,0.0,Santa Terezinha,8066.0,23.766426977436154,33349.73964790478,37.19315645921151,0.0,
4215679,Respiratória crônica,12.0,0.0,0.0,Santa Terezinha,8066.0,23.766426977436154,33349.73964790478,148.77262583684603,0.0,
4215687,Cardiovascular,13.0,0.0,0.0,Santa Terezinha do Progresso,2576.0,32.880434782608695,35815.217391304344,504.6583850931677,0.0,
4215687,Câncer,7.0,0.0,0.0,Santa Terezinha do Progresso,2576.0,32.880434782608695,35815.217391304344,271.7391304347826,0.0,
4215687,Respiratória crônica,2.0,0.0,0.0,Santa Terezinha do Progresso,2576.0,32.880434782608695,35815.217391304344,77.63975155279502,0.0,
4215695,Cardiovascular,4.0,0.0,0.0,Santiago do Sul,1651.0,56.99576014536645,31592.97395517868,242.27740763173833,0.0,
4215695,Câncer,4.0,0.0,0.0,Santiago do Sul,1651.0,56.99576014536645,31592.97395517868,242.27740763173833,0.0,
4215695,Diabetes,3.0,0.0,0.0,Santiago do Sul,1651.0,56.99576014536645,31592.97395517868,181.70805572380377,0.0,
4215695,Respiratória crônica,1.0,0.0,0.0,Santiago do Sul,1651.0,56.99576014536645,31592.97395517868,60.56935190793458,0.0,
4215703,Cardiovascular,220.0,608.0,23.0,Santo Amaro da Imperatriz,27272.0,90.04106776180699,50515.1804048108,806.6881783514227,2229.3927838075683,3.7828947368421053
4215703,Câncer,105.0,43.0,1.0,Santo Amaro da Imperatriz,27272.0,90.04106776180699,50515.1804048108,385.01026694045174,157.67087122323264,2.3255813953488373
4215703,Diabetes,51.0,35.0,0.0,Santo Amaro da Imperatriz,27272.0,90.04106776180699,50515.1804048108,187.004986799648,128.33675564681724,0.0
4215703,Respiratória crônica,50.0,53.0,5.0,Santo Amaro da Imperatriz,27272.0,90.04106776180699,50515.1804048108,183.33822235259606,194.33851569375182,9.433962264150944
4215752,Cardiovascular,8.0,0.0,0.0,São Bernardino,2684.0,44.150521609538,37940.01490312966,298.06259314456037,0.0,
4215752,Câncer,1.0,0.0,0.0,São Bernardino,2684.0,44.150521609538,37940.01490312966,37.257824143070046,0.0,
4215752,Diabetes,3.0,0.0,0.0,São Bernardino,2684.0,44.150521609538,37940.01490312966,111.77347242921013,0.0,
4215752,Respiratória crônica,1.0,0.0,0.0,São Bernardino,2684.0,44.150521609538,37940.01490312966,37.257824143070046,0.0,
4215802,Cardiovascular,535.0,1798.0,133.0,São Bento do Sul,83277.0,94.3621888396556,57727.77597656015,642.4342855770501,2159.059524238385,7.397107897664071
4215802,Câncer,604.0,3785.0,191.0,São Bento do Sul,83277.0,94.3621888396556,57727.77597656015,725.2902962402584,4545.072468989037,5.046235138705416
4215802,Diabetes,137.0,150.0,8.0,São Bento do Sul,83277.0,94.3621888396556,57727.77597656015,164.5112095776745,180.12176231132247,5.333333333333334
4215802,Respiratória crônica,122.0,334.0,31.0,São Bento do Sul,83277.0,94.3621888396556,57727.77597656015,146.49903334654226,401.071124079878,9.281437125748502
4215901,Cardiovascular,42.0,229.0,9.0,São Bonifácio,2946.0,22.301425661914458,77598.43856076035,1425.6619144602853,7773.251866938222,3.9301310043668125
4215901,Câncer,17.0,1.0,0.0,São Bonifácio,2946.0,22.301425661914458,77598.43856076035,577.0536320434487,33.944331296673454,0.0
4215901,Diabetes,12.0,44.0,1.0,São Bonifácio,2946.0,22.301425661914458,77598.43856076035,407.33197556008145,1493.550577053632,2.272727272727273
4215901,Respiratória crônica,10.0,93.0,10.0,São Bonifácio,2946.0,22.301425661914458,77598.43856076035,339.44331296673454,3156.8228105906314,10.75268817204301
4216008,Cardiovascular,128.0,890.0,32.0,São Carlos,10282.0,71.34798677300137,63717.95370550476,1244.8939894962068,8655.903520715814,3.5955056179775284
4216008,Câncer,95.0,0.0,0.0,São Carlos,10282.0,71.34798677300137,63717.95370550476,923.944757829216,0.0,
4216008,Diabetes,23.0,186.0,12.0,São Carlos,10282.0,71.34798677300137,63717.95370550476,223.6918887375997,1808.9865784866759,6.451612903225806
4216008,Respiratória crônica,36.0,275.0,17.0,São Carlos,10282.0,71.34798677300137,63717.95370550476,350.1264345458082,2674.576930558257,6.181818181818182
4216057,Cardiovascular,13.0,0.0,0.0,São Cristóvão do Sul,6084.0,61.76857330703485,30924.72057856673,213.67521367521368,0.0,
4216057,Câncer,6.0,0.0,0.0,São Cristóvão do Sul,6084.0,61.76857330703485,30924.72057856673,98.61932938856016,0.0,
4216057,Diabetes,3.0,0.0,0.0,São Cristóvão do Sul,6084.0,61.76857330703485,30924.72057856673,49.30966469428008,0.0,
4216057,Respiratória crônica,1.0,0.0,0.0,São Cristóvão do Sul,6084.0,61.76857330703485,30924.72057856673,16.43655489809336,0.0,
4216107,Cardiovascular,38.0,0.0,0.0,São Domingos,9226.0,72.0680685020594,54334.597875569045,411.8794710600477,0.0,
4216107,Câncer,30.0,0.0,0.0,São Domingos,9226.0,72.0680685020594,54334.597875569045,325.1680034684587,0.0,
4216107,Diabetes,13.0,0.0,0.0,São Domingos,9226.0,72.0680685020594,54334.597875569045,140.90613483633211,0.0,
4216107,Respiratória crônica,13.0,0.0,0.0,São Domingos,9226.0,72.0680685020594,54334.597875569045,140.90613483633211,0.0,
4216206,Cardiovascular,328.0,126.0,12.0,São Francisco do Sul,52674.0,93.19398564756806,146768.51957322398,622.6981053271063,239.20719899760795,9.523809523809524
4216206,Câncer,137.0,30.0,11.0,São Francisco do Sul,52674.0,93.19398564756806,146768.51957322398,260.09036716406575,56.95409499943046,36.666666666666664
4216206,Diabetes,88.0,13.0,1.0,São Francisco do Sul,52674.0,93.19398564756806,146768.51957322398,167.06534533166268,24.680107833086534,7.6923076923076925
4216206,Respiratória crônica,66.0,126.0,10.0,São Francisco do Sul,52674.0,93.19398564756806,146768.51957322398,125.299008998747,239.20719899760795,7.936507936507936
4216255,Cardiovascular,53.0,102.0,13.0,São João do Oeste,6295.0,44.08260524225576,64803.49483717236,841.9380460683083,1620.3335980937252,12.745098039215685
4216255,Câncer,53.0,49.0,14.0,São João do Oeste,6295.0,44.08260524225576,64803.49483717236,841.9380460683083,778.395552025417,28.57142857142857
4216255,Diabetes,14.0,13.0,0.0,São João do Oeste,6295.0,44.08260524225576,64803.49483717236,222.39872915011915,206.51310563939631,0.0
4216255,Respiratória crônica,13.0,44.0,2.0,São João do Oeste,6295.0,44.08260524225576,64803.49483717236,206.51310563939631,698.967434471803,4.545454545454546
4216305,Cardiovascular,160.0,197.0,18.0,São João Batista,32687.0,92.34252149172454,38513.62927157585,489.49123504757245,602.6860831523236,9.137055837563452
4216305,Câncer,98.0,62.0,32.0,São João Batista,32687.0,92.34252149172454,38513.62927157585,299.81338146663813,189.6778535809343,51.61290322580645
4216305,Diabetes,45.0,50.0,1.0,São João Batista,32687.0,92.34252149172454,38513.62927157585,137.66940985712975,152.9660109523664,2.0
4216305,Respiratória crônica,42.0,70.0,13.0,São João Batista,32687.0,92.34252149172454,38513.62927157585,128.49144919998776,214.15241533331292,18.571428571428573
4216354,Cardiovascular,10.0,0.0,0.0,São João do Itaperiú,4463.0,55.23190678915528,89018.37329150796,224.0645305848084,0.0,
4216354,Câncer,4.0,0.0,0.0,São João do Itaperiú,4463.0,55.23190678915528,89018.37329150796,89.62581223392337,0.0,
4216354,Diabetes,2.0,0.0,0.0,São João do Itaperiú,4463.0,55.23190678915528,89018.37329150796,44.812906116961685,0.0,
4216404,Cardiovascular,23.0,0.0,0.0,São João do Sul,8668.0,38.65943700969082,37046.262113521,265.343793262575,0.0,
4216404,Câncer,6.0,0.0,0.0,São João do Sul,8668.0,38.65943700969082,37046.262113521,69.2201199815413,0.0,
4216404,Diabetes,5.0,0.0,0.0,São João do Sul,8668.0,38.65943700969082,37046.262113521,57.68343331795108,0.0,
4216404,Respiratória crônica,2.0,0.0,0.0,São João do Sul,8668.0,38.65943700969082,37046.262113521,23.073373327180434,0.0,
4216503,Cardiovascular,238.0,816.0,49.0,São Joaquim,25939.0,71.40213578009946,45742.01010062069,917.5372990477659,3145.842168163769,6.004901960784314
4216503,Câncer,139.0,127.0,35.0,São Joaquim,25939.0,71.40213578009946,45742.01010062069,535.8726242337792,489.6102394078415,27.559055118110237
4216503,Diabetes,25.0,170.0,4.0,São Joaquim,25939.0,71.40213578009946,45742.01010062069,96.37996838737037,655.3837850341185,2.3529411764705883
4216503,Respiratória crônica,35.0,337.0,10.0,São Joaquim,25939.0,71.40213578009946,45742.01010062069,134.9319557423185,1299.2019738617525,2.967359050445104
4216602,Cardiovascular,3163.0,20490.0,1516.0,São José,270299.0,99.68553342779664,53521.7703358133,1170.1856092697346,7580.494193467234,7.398731088335773
4216602,Câncer,1067.0,2810.0,211.0,São José,270299.0,99.68553342779664,53521.7703358133,394.7480382835305,1039.589491637039,7.508896797153025
4216602,Diabetes,458.0,600.0,39.0,São José,270299.0,99.68553342779664,53521.7703358133,169.44198831664195,221.97640390826456,6.5
4216602,Respiratória crônica,373.0,618.0,114.0,São José,270299.0,99.68553342779664,53521.7703358133,137.99533109630445,228.6356960255125,18.446601941747574
4216701,Cardiovascular,100.0,138.0,9.0,São José do Cedro,14167.0,68.74426484082727,41948.47180066352,705.8657443354274,974.0947271828898,6.521739130434782
4216701,Câncer,91.0,102.0,24.0,São José do Cedro,14167.0,68.74426484082727,41948.47180066352,642.3378273452389,719.9830592221359,23.52941176470588
4216701,Diabetes,23.0,61.0,2.0,São José do Cedro,14167.0,68.74426484082727,41948.47180066352,162.3491211971483,430.5781040446107,3.278688524590164
4216701,Respiratória crônica,16.0,182.0,8.0,São José do Cedro,14167.0,68.74426484082727,41948.47180066352,112.93851909366839,1284.6756546904778,4.395604395604396
4216800,Cardiovascular,51.0,0.0,0.0,São José do Cerrito,8708.0,33.762057877813504,33318.6724850712,585.6683509416629,0.0,
4216800,Câncer,17.0,0.0,0.0,São José do Cerrito,8708.0,33.762057877813504,33318.6724850712,195.22278364722095,0.0,
4216800,Diabetes,11.0,0.0,0.0,São José do Cerrito,8708.0,33.762057877813504,33318.6724850712,126.32062471290767,0.0,
4216800,Respiratória crônica,7.0,0.0,0.0,São José do Cerrito,8708.0,33.762057877813504,33318.6724850712,80.38585209003216,0.0,
4216909,Cardiovascular,118.0,950.0,30.0,São Lourenço do Oeste,24791.0,82.11044330603848,62804.1628010165,475.97918599491754,3832.035819450607,3.1578947368421053
4216909,Câncer,74.0,165.0,46.0,São Lourenço do Oeste,24791.0,82.11044330603848,62804.1628010165,298.4954217256262,665.5641160098422,27.878787878787882
4216909,Diabetes,18.0,91.0,0.0,São Lourenço do Oeste,24791.0,82.11044330603848,62804.1628010165,72.60699447380098,367.06869428421606,0.0
4216909,Respiratória crônica,25.0,261.0,7.0,São Lourenço do Oeste,24791.0,82.11044330603848,62804.1628010165,100.84304788027913,1052.8014198701142,2.681992337164751
4217006,Cardiovascular,34.0,0.0,0.0,São Ludgero,13509.0,81.84913761196239,77651.26952402102,251.68406247686727,0.0,
4217006,Câncer,14.0,0.0,0.0,São Ludgero,13509.0,81.84913761196239,77651.26952402102,103.634613961063,0.0,
4217006,Diabetes,5.0,0.0,0.0,São Ludgero,13509.0,81.84913761196239,77651.26952402102,37.01236212895107,0.0,
4217006,Respiratória crônica,5.0,0.0,0.0,São Ludgero,13509.0,81.84913761196239,77651.26952402102,37.01236212895107,0.0,
4217105,Cardiovascular,65.0,135.0,12.0,São Martinho,3405.0,37.88546255506608,36730.396475770925,1908.957415565345,3964.7577092511015,8.88888888888889
4217105,Câncer,22.0,3.0,0.0,São Martinho,3405.0,37.88546255506608,36730.396475770925,646.1086637298091,88.1057268722467,0.0
4217105,Diabetes,0.0,14.0,1.0,São Martinho,3405.0,37.88546255506608,36730.396475770925,0.0,411.16005873715125,7.142857142857142
4217105,Respiratória crônica,2.0,61.0,1.0,São Martinho,3405.0,37.88546255506608,36730.396475770925,58.737151248164466,1791.4831130690163,1.639344262295082
4217154,Cardiovascular,3.0,0.0,0.0,São Miguel da Boa Vista,1781.0,31.38686131386861,29231.892195395845,168.44469399213924,0.0,
4217154,Câncer,5.0,0.0,0.0,São Miguel da Boa Vista,1781.0,31.38686131386861,29231.892195395845,280.7411566535654,0.0,
4217154,Diabetes,2.0,0.0,0.0,São Miguel da Boa Vista,1781.0,31.38686131386861,29231.892195395845,112.29646266142618,0.0,
4217154,Respiratória crônica,1.0,0.0,0.0,São Miguel da Boa Vista,1781.0,31.38686131386861,29231.892195395845,56.14823133071309,0.0,
4217204,Cardiovascular,539.0,2706.0,336.0,São Miguel do Oeste,44330.0,89.39318745770358,57184.45747800587,1215.880893300248,6104.218362282878,12.416851441241686
4217204,Câncer,570.0,1630.0,239.0,São Miguel do Oeste,44330.0,89.39318745770358,57184.45747800587,1285.810963230318,3676.9681930972256,14.662576687116562
4217204,Diabetes,90.0,251.0,18.0,São Miguel do Oeste,44330.0,89.39318745770358,57184.45747800587,203.02278366794496,566.2079855628243,7.171314741035857
4217204,Respiratória crônica,175.0,790.0,111.0,São Miguel do Oeste,44330.0,89.39318745770358,57184.45747800587,394.7665237987819,1782.0888788630723,14.050632911392405
4217253,Cardiovascular,71.0,158.0,19.0,São Pedro de Alcântara,5776.0,73.14750692520776,19539.993074792244,1229.224376731302,2735.4570637119114,12.025316455696203
4217253,Câncer,42.0,182.0,6.0,São Pedro de Alcântara,5776.0,73.14750692520776,19539.993074792244,727.1468144044321,3150.969529085872,3.296703296703297
4217253,Diabetes,8.0,75.0,8.0,São Pedro de Alcântara,5776.0,73.14750692520776,19539.993074792244,138.50415512465375,1298.4764542936286,10.666666666666668
4217253,Respiratória crônica,13.0,54.0,1.0,São Pedro de Alcântara,5776.0,73.14750692520776,19539.993074792244,225.06925207756234,934.9030470914126,1.8518518518518516
4217303,Cardiovascular,102.0,130.0,8.0,Saudades,10265.0,63.54603019970775,59451.43692157818,993.6678032148077,1266.4393570384802,6.153846153846154
4217303,Câncer,45.0,52.0,16.0,Saudades,10265.0,63.54603019970775,59451.43692157818,438.382854359474,506.57574281539206,30.76923076923077
4217303,Diabetes,7.0,8.0,1.0,Saudades,10265.0,63.54603019970775,59451.43692157818,68.19288845591817,77.93472966390648,12.5
4217303,Respiratória crônica,21.0,182.0,10.0,Saudades,10265.0,63.54603019970775,59451.43692157818,204.57866536775452,1773.0150998538725,5.4945054945054945
4217402,Cardiovascular,58.0,0.0,0.0,Schroeder,20061.0,90.8977618264294,40952.195802801456,289.118189521958,0.0,
4217402,Câncer,22.0,0.0,0.0,Schroeder,20061.0,90.8977618264294,40952.195802801456,109.66552016350131,0.0,
4217402,Diabetes,17.0,0.0,0.0,Schroeder,20061.0,90.8977618264294,40952.195802801456,84.7415383081601,0.0,
4217402,Respiratória crônica,9.0,0.0,0.0,Schroeder,20061.0,90.8977618264294,40952.195802801456,44.86316733961417,0.0,
4217501,Cardiovascular,79.0,302.0,19.0,Seara,18620.0,75.21482277121375,70084.4790547798,424.27497314715356,1621.9119226638024,6.291390728476822
4217501,Câncer,109.0,122.0,36.0,Seara,18620.0,75.21482277121375,70084.4790547798,585.3920515574652,655.2094522019333,29.508196721311474
4217501,Diabetes,42.0,53.0,2.0,Seara,18620.0,75.21482277121375,70084.4790547798,225.5639097744361,284.64017185821695,3.7735849056603774
4217501,Respiratória crônica,39.0,103.0,8.0,Seara,18620.0,75.21482277121375,70084.4790547798,209.45220193340492,553.1686358754029,7.766990291262135
4217550,Cardiovascular,5.0,0.0,0.0,Serra Alta,3303.0,64.75930971843779,38026.94520133212,151.37753557372085,0.0,
4217550,Câncer,5.0,0.0,0.0,Serra Alta,3303.0,64.75930971843779,38026.94520133212,151.37753557372085,0.0,
4217550,Diabetes,1.0,0.0,0.0,Serra Alta,3303.0,64.75930971843779,38026.94520133212,30.275507114744173,0.0,
4217550,Respiratória crônica,1.0,0.0,0.0,Serra Alta,3303.0,64.75930971843779,38026.94520133212,30.275507114744173,0.0,
4217600,Cardiovascular,93.0,0.0,0.0,Siderópolis,13714.0,79.36415341986292,51175.87866413884,678.1391278984979,0.0,
4217600,Câncer,24.0,0.0,0.0,Siderópolis,13714.0,79.36415341986292,51175.87866413884,175.0036459092898,0.0,
4217600,Diabetes,6.0,0.0,0.0,Siderópolis,13714.0,79.36415341986292,51175.87866413884,43.75091147732245,0.0,
4217600,Respiratória crônica,4.0,0.0,0.0,Siderópolis,13714.0,79.36415341986292,51175.87866413884,29.167274318214965,0.0,
4217709,Cardiovascular,304.0,908.0,38.0,Sombrio,29991.0,86.3392351038645,35928.978693608085,1013.6374245607016,3027.5749391484114,4.185022026431718
4217709,Câncer,178.0,104.0,41.0,Sombrio,29991.0,86.3392351038645,35928.978693608085,593.511386749358,346.7706978760295,39.42307692307692
4217709,Diabetes,137.0,67.0,5.0,Sombrio,29991.0,86.3392351038645,35928.978693608085,456.80370777900043,223.40035343936512,7.462686567164178
4217709,Respiratória crônica,52.0,119.0,13.0,Sombrio,29991.0,86.3392351038645,35928.978693608085,173.38534893801474,396.7857023773799,10.92436974789916
4217758,Cardiovascular,7.0,0.0,0.0,Sul Brasil,2832.0,42.58474576271186,33862.28813559322,247.17514124293788,0.0,
4217758,Câncer,1.0,0.0,0.0,Sul Brasil,2832.0,42.58474576271186,33862.28813559322,35.31073446327684,0.0,
4217758,Diabetes,1.0,0.0,0.0,Sul Brasil,2832.0,42.58474576271186,33862.28813559322,35.31073446327684,0.0,
4217808,Cardiovascular,178.0,676.0,28.0,Taió,18310.0,65.96941561987984,51111.25068268706,972.1463681048608,3691.9716002184596,4.142011834319527
4217808,Câncer,100.0,112.0,29.0,Taió,18310.0,65.96941561987984,51111.25068268706,546.1496450027307,611.6876024030585,25.892857142857146
4217808,Diabetes,15.0,71.0,1.0,Taió,18310.0,65.96941561987984,51111.25068268706,81.9224467504096,387.7662479519388,1.4084507042253522
4217808,Respiratória crônica,22.0,146.0,7.0,Taió,18310.0,65.96941561987984,51111.25068268706,120.15292190060076,797.378481703987,4.794520547945205
4217907,Cardiovascular,46.0,22.0,0.0,Tangará,8143.0,62.384870440869456,76495.39481763478,564.9023701338573,270.17069875967087,0.0
4217907,Câncer,30.0,1.0,0.0,Tangará,8143.0,62.384870440869456,76495.39481763478,368.414589217733,12.280486307257766,0.0
4217907,Diabetes,14.0,8.0,0.0,Tangará,8143.0,62.384870440869456,76495.39481763478,171.92680830160873,98.24389045806213,0.0
4217907,Respiratória crônica,8.0,3.0,1.0,Tangará,8143.0,62.384870440869456,76495.39481763478,98.24389045806213,36.8414589217733,33.33333333333333
4217956,Cardiovascular,13.0,0.0,0.0,Tigrinhos,2329.0,41.90639759553456,33799.914126234435,558.1794761700301,0.0,
4217956,Câncer,6.0,0.0,0.0,Tigrinhos,2329.0,41.90639759553456,33799.914126234435,257.62129669386,0.0,
4217956,Diabetes,2.0,0.0,0.0,Tigrinhos,2329.0,41.90639759553456,33799.914126234435,85.87376556462002,0.0,
4218004,Cardiovascular,238.0,163.0,18.0,Tijucas,51592.0,91.9968212125911,57696.48395100016,461.3118312916731,315.94045588463325,11.042944785276074
4218004,Câncer,114.0,23.0,6.0,Tijucas,51592.0,91.9968212125911,57696.48395100016,220.96449061870058,44.58055512482556,26.08695652173913
4218004,Diabetes,76.0,43.0,2.0,Tijucas,51592.0,91.9968212125911,57696.48395100016,147.30966041246705,83.34625523336952,4.651162790697675
4218004,Respiratória crônica,30.0,26.0,1.0,Tijucas,51592.0,91.9968212125911,57696.48395100016,58.148550162815944,50.39541014110715,3.8461538461538463
4218103,Cardiovascular,38.0,1132.0,3.0,Timbé do Sul,5386.0,49.72150018566654,28973.0783512811,705.5328629780913,21017.452655031564,0.26501766784452296
4218103,Câncer,26.0,20.0,0.0,Timbé do Sul,5386.0,49.72150018566654,28973.0783512811,482.7330115113257,371.3330857779428,0.0
4218103,Diabetes,7.0,95.0,1.0,Timbé do Sul,5386.0,49.72150018566654,28973.0783512811,129.96658002228,1763.8321574452282,1.0526315789473684
4218103,Respiratória crônica,4.0,108.0,4.0,Timbé do Sul,5386.0,49.72150018566654,28973.0783512811,74.26661715558856,2005.1986632008911,3.7037037037037033
4218202,Cardiovascular,425.0,1371.0,103.0,Timbó,46099.0,93.22761882036488,56280.00607388447,921.9288921668583,2974.034143907677,7.512764405543399
4218202,Câncer,277.0,251.0,41.0,Timbó,46099.0,93.22761882036488,56280.00607388447,600.8807132475758,544.4803574914857,16.334661354581673
4218202,Diabetes,109.0,115.0,4.0,Timbó,46099.0,93.22761882036488,56280.00607388447,236.4476452851472,249.46311199809108,3.4782608695652173
4218202,Respiratória crônica,118.0,187.0,17.0,Timbó,46099.0,93.22761882036488,56280.00607388447,255.97084535456304,405.6487125534176,9.090909090909092
4218251,Cardiovascular,31.0,0.0,0.0,Timbó Grande,7342.0,60.36502315445382,37681.55815853991,422.2282756742032,0.0,
4218251,Câncer,17.0,0.0,0.0,Timbó Grande,7342.0,60.36502315445382,37681.55815853991,231.54453827295015,0.0,
4218251,Diabetes,9.0,0.0,0.0,Timbó Grande,7342.0,60.36502315445382,37681.55815853991,122.58240261509125,0.0,
4218251,Respiratória crônica,6.0,0.0,0.0,Timbó Grande,7342.0,60.36502315445382,37681.55815853991,81.72160174339417,0.0,
4218301,Cardiovascular,107.0,467.0,35.0,Três Barras,19746.0,85.89587764610555,91125.08862554442,541.8819001316722,2365.035956649448,7.494646680942184
4218301,Câncer,118.0,134.0,37.0,Três Barras,19746.0,85.89587764610555,91125.08862554442,597.5893851919376,678.6184543705053,27.611940298507463
4218301,Diabetes,29.0,88.0,0.0,Três Barras,19746.0,85.89587764610555,91125.08862554442,146.86518788615416,445.65988048212296,0.0
4218301,Respiratória crônica,54.0,25.0,4.0,Três Barras,19746.0,85.89587764610555,91125.08862554442,273.47310847766636,126.6079205915122,16.0
4218350,Cardiovascular,28.0,0.0,0.0,Treviso,3782.0,54.124801692226335,47584.08249603384,740.3490216816499,0.0,
4218350,Câncer,7.0,0.0,0.0,Treviso,3782.0,54.124801692226335,47584.08249603384,185.08725542041248,0.0,
4218350,Diabetes,1.0,0.0,0.0,Treviso,3782.0,54.124801692226335,47584.08249603384,26.441036488630353,0.0,
4218400,Cardiovascular,65.0,1600.0,23.0,Treze de Maio,7362.0,54.07497962510187,31237.84297745178,882.9122521054061,21733.224667209997,1.4375
4218400,Câncer,36.0,2.0,0.0,Treze de Maio,7362.0,54.07497962510187,31237.84297745178,488.99755501222495,27.166530834012494,0.0
4218400,Diabetes,21.0,67.0,1.0,Treze de Maio,7362.0,54.07497962510187,31237.84297745178,285.2485737571312,910.0787829394186,1.4925373134328357
4218400,Respiratória crônica,7.0,453.0,0.0,Treze de Maio,7362.0,54.07497962510187,31237.84297745178,95.08285791904373,6153.21923390383,0.0
4218509,Cardiovascular,14.0,0.0,0.0,Treze Tílias,8787.0,79.39000796631387,111965.5172413793,159.32627745533173,0.0,
4218509,Câncer,16.0,0.0,0.0,Treze Tílias,8787.0,79.39000796631387,111965.5172413793,182.08717423466484,0.0,
4218509,Diabetes,11.0,0.0,0.0,Treze Tílias,8787.0,79.39000796631387,111965.5172413793,125.18493228633209,0.0,
4218608,Cardiovascular,127.0,105.0,17.0,Trombudo Central,7274.0,69.41160296948034,57201.81468243057,1745.9444597195493,1443.4973879571073,16.19047619047619
4218608,Câncer,88.0,53.0,27.0,Trombudo Central,7274.0,69.41160296948034,57201.81468243057,1209.7882870497663,728.6224910640638,50.943396226415096
4218608,Diabetes,33.0,20.0,2.0,Trombudo Central,7274.0,69.41160296948034,57201.81468243057,453.6706076436623,274.95188342040143,10.0
4218608,Respiratória crônica,27.0,83.0,7.0,Trombudo Central,7274.0,69.41160296948034,57201.81468243057,371.1850426175419,1141.050316194666,8.433734939759036
4218707,Cardiovascular,2107.0,11347.0,895.0,Tubarão,110088.0,94.28184724947316,48475.50141704818,1913.9234067291623,10307.208778431801,7.887547369348727
4218707,Câncer,1494.0,6519.0,479.0,Tubarão,110088.0,94.28184724947316,48475.50141704818,1357.096141268803,5921.6263352954,7.347752722810247
4218707,Diabetes,217.0,618.0,42.0,Tubarão,110088.0,94.28184724947316,48475.50141704818,197.11503524453164,561.3690865489427,6.796116504854369
4218707,Respiratória crônica,193.0,657.0,53.0,Tubarão,110088.0,94.28184724947316,48475.50141704818,175.31429401933,596.7952910398953,8.06697108066971
4218756,Cardiovascular,44.0,194.0,13.0,Tunápolis,4916.0,35.109845402766474,38708.09601301872,895.0366151342554,3946.2978030919444,6.701030927835052
4218756,Câncer,55.0,90.0,24.0,Tunápolis,4916.0,35.109845402766474,38708.09601301872,1118.7957689178195,1830.7567127746133,26.666666666666668
4218756,Diabetes,8.0,41.0,1.0,Tunápolis,4916.0,35.109845402766474,38708.09601301872,162.73393002441009,834.0113913751018,2.4390243902439024
4218756,Respiratória crônica,13.0,151.0,5.0,Tunápolis,4916.0,35.109845402766474,38708.09601301872,264.4426362896664,3071.6029292107405,3.3112582781456954
4218806,Cardiovascular,112.0,274.0,9.0,Turvo,13043.0,71.55562370620257,62910.06670244576,858.6981522655831,2100.7436939354443,3.2846715328467155
4218806,Câncer,87.0,1.0,0.0,Turvo,13043.0,71.55562370620257,62910.06670244576,667.024457563444,7.666947788085563,0.0
4218806,Diabetes,7.0,55.0,1.0,Turvo,13043.0,71.55562370620257,62910.06670244576,53.66863451659894,421.68212834470603,1.8181818181818181
4218806,Respiratória crônica,16.0,128.0,4.0,Turvo,13043.0,71.55562370620257,62910.06670244576,122.67116460936901,981.3693168749521,3.125
4218855,Cardiovascular,15.0,0.0,0.0,União do Oeste,2774.0,52.95602018745495,36848.59408795962,540.7354001441961,0.0,
4218855,Câncer,9.0,0.0,0.0,União do Oeste,2774.0,52.95602018745495,36848.59408795962,324.44124008651767,0.0,
4218855,Diabetes,1.0,0.0,0.0,União do Oeste,2774.0,52.95602018745495,36848.59408795962,36.04902667627974,0.0,
4218855,Respiratória crônica,1.0,0.0,0.0,União do Oeste,2774.0,52.95602018745495,36848.59408795962,36.04902667627974,0.0,
4218905,Cardiovascular,83.0,112.0,12.0,Urubici,10834.0,73.04781244231124,35938.89606793428,766.1067011260845,1033.7825364592948,10.714285714285714
4218905,Câncer,59.0,38.0,16.0,Urubici,10834.0,73.04781244231124,35938.89606793428,544.5818718848071,350.7476462986893,42.10526315789473
4218905,Diabetes,16.0,27.0,1.0,Urubici,10834.0,73.04781244231124,35938.89606793428,147.68321949418498,249.21543289643714,3.7037037037037033
4218905,Respiratória crônica,19.0,66.0,8.0,Urubici,10834.0,73.04781244231124,35938.89606793428,175.37382314934464,609.1932804135131,12.121212121212121
4218954,Cardiovascular,13.0,0.0,0.0,Urupema,2656.0,48.60692771084337,32069.277108433736,489.45783132530124,0.0,
4218954,Câncer,10.0,0.0,0.0,Urupema,2656.0,48.60692771084337,32069.277108433736,376.50602409638554,0.0,
4218954,Diabetes,3.0,0.0,0.0,Urupema,2656.0,48.60692771084337,32069.277108433736,112.95180722891565,0.0,
4218954,Respiratória crônica,5.0,0.0,0.0,Urupema,2656.0,48.60692771084337,32069.277108433736,188.25301204819277,0.0,
4219002,Cardiovascular,219.0,255.0,31.0,Urussanga,20919.0,71.99196902337587,61158.229360868114,1046.895167072996,1218.9875233041732,12.156862745098039
4219002,Câncer,125.0,74.0,41.0,Urussanga,20919.0,71.99196902337587,61158.229360868114,597.5429035804771,353.7453989196424,55.4054054054054
4219002,Diabetes,45.0,72.0,12.0,Urussanga,20919.0,71.99196902337587,61158.229360868114,215.11544528897176,344.1847124623548,16.666666666666664
4219002,Respiratória crônica,15.0,136.0,17.0,Urussanga,20919.0,71.99196902337587,61158.229360868114,71.70514842965724,650.1266790955591,12.5
4219101,Cardiovascular,29.0,432.0,2.0,Vargeão,3634.0,61.832691249312056,70887.4518436984,798.0187121629059,11887.727022564668,0.4629629629629629
4219101,Câncer,29.0,40.0,9.0,Vargeão,3634.0,61.832691249312056,70887.4518436984,798.0187121629059,1100.7154650522841,22.5
4219101,Diabetes,7.0,15.0,1.0,Vargeão,3634.0,61.832691249312056,70887.4518436984,192.6252063841497,412.7682993946065,6.666666666666667
4219101,Respiratória crônica,1.0,77.0,0.0,Vargeão,3634.0,61.832691249312056,70887.4518436984,27.5178866263071,2118.8772702256465,0.0
4219150,Cardiovascular,12.0,0.0,0.0,Vargem,2627.0,39.66501712980586,33019.79444232965,456.7948229920061,0.0,
4219150,Câncer,6.0,0.0,0.0,Vargem,2627.0,39.66501712980586,33019.79444232965,228.39741149600306,0.0,
4219150,Diabetes,6.0,0.0,0.0,Vargem,2627.0,39.66501712980586,33019.79444232965,228.39741149600306,0.0,
4219150,Respiratória crônica,7.0,0.0,0.0,Vargem,2627.0,39.66501712980586,33019.79444232965,266.46364674533686,0.0,
4219176,Cardiovascular,5.0,0.0,0.0,Vargem Bonita,4576.0,58.04195804195804,130877.40384615384,109.26573426573427,0.0,
4219176,Câncer,7.0,0.0,0.0,Vargem Bonita,4576.0,58.04195804195804,130877.40384615384,152.97202797202797,0.0,
4219176,Diabetes,3.0,0.0,0.0,Vargem Bonita,4576.0,58.04195804195804,130877.40384615384,65.55944055944056,0.0,
4219176,Respiratória crônica,1.0,0.0,0.0,Vargem Bonita,4576.0,58.04195804195804,130877.40384615384,21.853146853146853,0.0,
4219200,Cardiovascular,25.0,44.0,4.0,Vidal Ramos,6189.0,42.46243334949103,58221.360478267896,403.94247859104865,710.9387623202456,9.090909090909092
4219200,Câncer,36.0,17.0,11.0,Vidal Ramos,6189.0,42.46243334949103,58221.360478267896,581.67716917111,274.68088544191306,64.70588235294117
4219200,Diabetes,9.0,5.0,0.0,Vidal Ramos,6189.0,42.46243334949103,58221.360478267896,145.4192922927775,80.78849571820973,0.0
4219200,Respiratória crônica,4.0,12.0,1.0,Vidal Ramos,6189.0,42.46243334949103,58221.360478267896,64.63079657456778,193.89238972370336,8.333333333333332
4219309,Cardiovascular,513.0,1584.0,144.0,Videira,55466.0,92.3250279450474,69349.52944145963,924.8909241697617,2855.803555331194,9.090909090909092
4219309,Câncer,387.0,262.0,68.0,Videira,55466.0,92.3250279450474,69349.52944145963,697.7247322684167,472.361446652003,25.954198473282442
4219309,Diabetes,106.0,191.0,14.0,Videira,55466.0,92.3250279450474,69349.52944145963,191.10806620271876,344.3551004218801,7.329842931937172
4219309,Respiratória crônica,98.0,332.0,28.0,Videira,55466.0,92.3250279450474,69349.52944145963,176.6848159232683,598.5648865971947,8.433734939759036
4219358,Cardiovascular,39.0,32.0,1.0,Vitor Meireles,5370.0,31.91806331471136,30535.56797020484,726.2569832402235,595.903165735568,3.125
4219358,Câncer,20.0,11.0,3.0,Vitor Meireles,5370.0,31.91806331471136,30535.56797020484,372.43947858472995,204.84171322160148,27.27272727272727
4219358,Diabetes,6.0,35.0,0.0,Vitor Meireles,5370.0,31.91806331471136,30535.56797020484,111.73184357541899,651.7690875232774,0.0
4219358,Respiratória crônica,7.0,73.0,3.0,Vitor Meireles,5370.0,31.91806331471136,30535.56797020484,130.3538175046555,1359.4040968342645,4.10958904109589
4219408,Cardiovascular,27.0,10.0,1.0,Witmarsum,4255.0,40.25851938895417,44376.96827262045,634.5475910693302,235.01762632197415,10.0
4219408,Câncer,7.0,2.0,2.0,Witmarsum,4255.0,40.25851938895417,44376.96827262045,164.5123384253819,47.00352526439483,100.0
4219408,Diabetes,4.0,4.0,0.0,Witmarsum,4255.0,40.25851938895417,44376.96827262045,94.00705052878966,94.00705052878966,0.0
4219408,Respiratória crônica,3.0,2.0,1.0,Witmarsum,4255.0,40.25851938895417,44376.96827262045,70.50528789659225,47.00352526439483,50.0
4219507,Cardiovascular,1052.0,11790.0,785.0,Xanxerê,51607.0,94.06282093514446,55921.212238649794,2038.483151510454,22845.737981281607,6.658184902459712
4219507,Câncer,345.0,103.0,45.0,Xanxerê,51607.0,94.06282093514446,55921.212238649794,668.5139612843219,199.58532757184105,43.689320388349515
4219507,Diabetes,170.0,255.0,28.0,Xanxerê,51607.0,94.06282093514446,55921.212238649794,329.4126765748832,494.1190148623249,10.980392156862745
4219507,Respiratória crônica,142.0,187.0,30.0,Xanxerê,51607.0,94.06282093514446,55921.212238649794,275.1564710213731,362.3539442323716,16.0427807486631
4219606,Cardiovascular,22.0,89.0,4.0,Xavantina,3653.0,33.178209690665206,55875.17109225295,602.2447303586094,2436.3536819052833,4.49438202247191
4219606,Câncer,27.0,22.0,6.0,Xavantina,3653.0,33.178209690665206,55875.17109225295,739.1185327128387,602.2447303586094,27.27272727272727
4219606,Diabetes,13.0,44.0,1.0,Xavantina,3653.0,33.178209690665206,55875.17109225295,355.8718861209964,1204.489460717219,2.272727272727273
4219606,Respiratória crônica,3.0,64.0,1.0,Xavantina,3653.0,33.178209690665206,55875.17109225295,82.12428141253764,1751.9846701341362,1.5625
4219705,Cardiovascular,171.0,431.0,31.0,Xaxim,31918.0,87.35823046556803,48979.72930634752,535.7478538755561,1350.3352340372205,7.192575406032482
4219705,Câncer,155.0,17.0,3.0,Xaxim,31918.0,87.35823046556803,48979.72930634752,485.6193997117614,53.261482549031896,17.647058823529413
4219705,Diabetes,36.0,93.0,1.0,Xaxim,31918.0,87.35823046556803,48979.72930634752,112.78902186853813,291.3716398270568,1.0752688172043012
4219705,Respiratória crônica,55.0,239.0,23.0,Xaxim,31918.0,87.35823046556803,48979.72930634752,172.31656118804437,748.7937840716836,9.623430962343097
4219853,Cardiovascular,8.0,0.0,0.0,Zortéa,3930.0,89.05852417302799,35669.72010178117,203.5623409669211,0.0,
4219853,Câncer,1.0,0.0,0.0,Zortéa,3930.0,89.05852417302799,35669.72010178117,25.44529262086514,0.0,
4219853,Respiratória crônica,1.0,0.0,0.0,Zortéa,3930.0,89.05852417302799,35669.72010178117,25.44529262086514,0.0,
4220000,Cardiovascular,116.0,0.0,0.0,Balneário Rincão,15981.0,98.54201864714348,22186.158563293917,725.8619610787811,0.0,
4220000,Câncer,14.0,0.0,0.0,Balneário Rincão,15981.0,98.54201864714348,22186.158563293917,87.60402978537013,0.0,
4220000,Diabetes,7.0,0.0,0.0,Balneário Rincão,15981.0,98.54201864714348,22186.158563293917,43.802014892685065,0.0,
4220000,Respiratória crônica,3.0,0.0,0.0,Balneário Rincão,15981.0,98.54201864714348,22186.158563293917,18.772292096865026,0.0,
