{
"type": "FeatureCollection",
"name": "sc_fecam",
"crs": { "type": "name", "properties": { "name": "urn:ogc:def:crs:OGC:1.3:CRS84" } },
"features": [
{ "type": "Feature", "properties": { "fecam": "AMFRI" }, "geometry": { "type": "MultiPolygon", "coordinates": [ [ [ [ -48.410574622644589, -27.188008257172548 ], [ -48.405310634291581, -27.17529876856274 ], [ -48.397375083147367, -27.180504362919613 ], [ -48.400966322721921, -27.18069692335655 ], [ -48.410574622644589, -27.188008257172548 ] ] ], [ [ [ -49.036190791709501, -26.772529273589338 ], [ -49.015077342084119, -26.763309819445592 ], [ -49.012913456307373, -26.745601847758358 ], [ -48.996252167218074, -26.747055515436994 ], [ -48.989888021885953, -26.736858988083998 ], [ -48.979434341818276, -26.735900647250425 ], [ -48.937456826522961, -26.694078050183457 ], [ -48.917750142125719, -26.644938871615597 ], [ -48.909784549206726, -26.651380276140671 ], [ -48.900785658788756, -26.648387264403205 ], [ -48.897278048864621, -26.658222057342964 ], [ -48.886854596567574, -26.658189567015945 ], [ -48.879710045843936, -26.641738748288439 ], [ -48.841593606766359, -26.626804440237933 ], [ -48.831275533286316, -26.639536169706552 ], [ -48.817182598719256, -26.638454206911721 ], [ -48.801631716777756, -26.681190478774454 ], [ -48.806587601869339, -26.697616355478278 ], [ -48.801559398483441, -26.710688561859435 ], [ -48.789871487061802, -26.705643094204522 ], [ -48.772428236770502, -26.708410260322353 ], [ -48.75666226995601, -26.739590532501481 ], [ -48.681861993651403, -26.71842096338618 ], [ -48.673832456955566, -26.75834709317736 ], [ -48.660149915970507, -26.77301817011509 ], [ -48.64728683472368, -26.762157511659861 ], [ -48.618964067915712, -26.789325567117828 ], [ -48.605427522970892, -26.788385100244675 ], [ -48.598709545315614, -26.772197052224545 ], [ -48.594357328169103, -26.783660206354629 ], [ -48.584377761736093, -26.783576172119481 ], [ -48.602662345803992, -26.827262783360233 ], [ -48.619312265184611, -26.823760449201661 ], [ -48.632557044792925, -26.845865721493443 ], [ -48.641552774242747, -26.908986873743242 ], [ -48.631886114555336, -26.927864353816851 ], [ -48.621508214754165, -26.925693933609978 ], [ -48.633497691817432, -26.983450683625104 ], [ -48.619757030209989, -27.001483190625311 ], [ -48.605006105396882, -27.005059022282612 ], [ -48.601954843643732, -26.995440491533611 ], [ -48.579238765127485, -26.992141493534586 ], [ -48.582631303894587, -26.995431118750854 ], [ -48.57994441019499, -27.00794841189926 ], [ -48.569128182210477, -27.008970031824845 ], [ -48.594398429525349, -27.071122267973795 ], [ -48.588036447829516, -27.079307759908943 ], [ -48.612811590913161, -27.101817519881415 ], [ -48.585157662387871, -27.14908631441234 ], [ -48.551803972631355, -27.157091925241748 ], [ -48.534921746536725, -27.146957359583933 ], [ -48.538635701216684, -27.141658352633939 ], [ -48.548500196508023, -27.142207545247523 ], [ -48.540059908678394, -27.135613770825028 ], [ -48.535196404112654, -27.139281746542377 ], [ -48.528456626993446, -27.130757565769905 ], [ -48.530979478199363, -27.126907769131918 ], [ -48.507828384413124, -27.110348926329468 ], [ -48.513631159159829, -27.131158235496191 ], [ -48.504556159132989, -27.14314990786351 ], [ -48.484506545513078, -27.147430334966334 ], [ -48.478629432367192, -27.134307085712077 ], [ -48.475421776585783, -27.144701279250892 ], [ -48.464936033619068, -27.143862201710693 ], [ -48.498836525516076, -27.173657744837993 ], [ -48.496010464760943, -27.196862519489532 ], [ -48.489134594852885, -27.20257759037705 ], [ -48.475492292445445, -27.199852998073638 ], [ -48.477835834357052, -27.207207450891627 ], [ -48.515105998025092, -27.220508736387824 ], [ -48.499994257756939, -27.199593480416834 ], [ -48.513481301092348, -27.184781093683171 ], [ -48.53079755831714, -27.180538552769423 ], [ -48.578355176340935, -27.211460368642626 ], [ -48.601994894649316, -27.220394855067237 ], [ -48.609077170920379, -27.210750304564893 ], [ -48.661730216909582, -27.216216766712538 ], [ -48.669263059183713, -27.20105128896687 ], [ -48.687709353223433, -27.191463598601626 ], [ -48.686611600579532, -27.172800344559224 ], [ -48.692177204475961, -27.168620279813524 ], [ -48.681350434561793, -27.163329620795935 ], [ -48.69083021104597, -27.141855211693443 ], [ -48.749489920316819, -27.148272717264355 ], [ -48.756427189240263, -27.134980186446796 ], [ -48.769128194823843, -27.134364192144808 ], [ -48.778267615012638, -27.151643714580462 ], [ -48.80001470122118, -27.155025408727504 ], [ -48.812374215383258, -27.134650316623805 ], [ -48.802868419368281, -27.127774138824247 ], [ -48.796902155131633, -27.10248867065344 ], [ -48.789882813338195, -27.095154467614748 ], [ -48.806355550778257, -27.090139899198437 ], [ -48.821726757642324, -27.074716946013559 ], [ -48.83590034088526, -27.074692271194223 ], [ -48.862675552254508, -27.043685694912007 ], [ -48.86371696826096, -27.03353444084059 ], [ -48.854743433437989, -27.025209258029019 ], [ -48.868686106584825, -27.009820033275879 ], [ -48.843415782452674, -26.963595744312091 ], [ -48.85395535888194, -26.920735494824523 ], [ -48.8494797150667, -26.909143040869253 ], [ -48.864767580198922, -26.909859103994663 ], [ -48.874760004401935, -26.896297762652956 ], [ -48.895282859451861, -26.88982371426437 ], [ -48.935718596382465, -26.842796969096831 ], [ -48.969897878093526, -26.836623054863413 ], [ -48.982427353873909, -26.829078732382754 ], [ -48.978826057894068, -26.820023531347985 ], [ -48.988081557680914, -26.813454750407143 ], [ -48.988137961773973, -26.808433601925501 ], [ -49.000481520750945, -26.802703789144324 ], [ -49.001720784456928, -26.787494864942765 ], [ -49.021652014770218, -26.78896096211724 ], [ -49.036190791709501, -26.772529273589338 ] ] ], [ [ [ -48.4744344305795, -27.209022931045684 ], [ -48.464092368767851, -27.203297193930361 ], [ -48.463300972332249, -27.20351517298986 ], [ -48.4744344305795, -27.209022931045684 ] ] ], [ [ [ -48.623130510445812, -26.986734021443048 ], [ -48.623699772218046, -26.985783216640709 ], [ -48.623062534904946, -26.98673200006165 ], [ -48.623130510445812, -26.986734021443048 ] ] ], [ [ [ -48.63912922998859, -26.745431049923479 ], [ -48.634971067463134, -26.744387835387272 ], [ -48.634282144822471, -26.745422240333028 ], [ -48.634349518269794, -26.745425657109934 ], [ -48.63912922998859, -26.745431049923479 ] ] ] ] } },
{ "type": "Feature", "properties": { "fecam": "AMVALI" }, "geometry": { "type": "MultiPolygon", "coordinates": [ [ [ [ -48.618576930819735, -26.709157512235517 ], [ -48.618293482268697, -26.709089322185264 ], [ -48.618517743600805, -26.710187035148365 ], [ -48.618576930819735, -26.709157512235517 ] ] ], [ [ [ -49.495747806111247, -26.427292622180801 ], [ -49.483593674938355, -26.419975038759308 ], [ -49.445218278375172, -26.42516422433377 ], [ -49.437164633766422, -26.372760236019726 ], [ -49.402013983079399, -26.348725754681425 ], [ -49.362942590052093, -26.360762187378192 ], [ -49.356261862959393, -26.376732324915213 ], [ -49.328413858206233, -26.387384044852112 ], [ -49.322228960569518, -26.384269962900639 ], [ -49.326294302849476, -26.375216822415943 ], [ -49.301570521511557, -26.367756798930539 ], [ -49.298069271644238, -26.374275800088551 ], [ -49.280359068066737, -26.376099905496289 ], [ -49.274116061084534, -26.388865069220703 ], [ -49.232274890297006, -26.396850192123026 ], [ -49.220812383316158, -26.386388628475263 ], [ -49.201904874248505, -26.38247979932547 ], [ -49.196238871753337, -26.371321134937745 ], [ -49.177963276800725, -26.365964919802753 ], [ -49.186916911068174, -26.334567518694143 ], [ -49.175042742076471, -26.305740659041014 ], [ -49.252525366458556, -26.268473075106954 ], [ -49.229234735772017, -26.266953434291892 ], [ -49.231009580553966, -26.245964652508494 ], [ -49.222686188031517, -26.230444148244583 ], [ -49.210207257178951, -26.231749150165637 ], [ -49.202598083780089, -26.220252976278328 ], [ -49.169569233277485, -26.218030375436413 ], [ -49.175423964145345, -26.263990190554892 ], [ -49.164271106619765, -26.272142126786086 ], [ -49.155546467269559, -26.300389276541065 ], [ -49.143365734322025, -26.303270110905334 ], [ -49.141039430444948, -26.314272870642622 ], [ -49.103612476672637, -26.295417686315719 ], [ -49.106628638396835, -26.317331541251999 ], [ -49.095693724272721, -26.32857423529401 ], [ -49.085979949887857, -26.320157627062549 ], [ -49.082810069385864, -26.295042764296412 ], [ -49.062733050177513, -26.295861671408382 ], [ -49.057612233467992, -26.278586715994553 ], [ -49.047870082569325, -26.278413477803717 ], [ -49.047585864762205, -26.273293248202798 ], [ -49.03324600357719, -26.261366582126712 ], [ -49.028971267406256, -26.273088992309432 ], [ -49.049577845009701, -26.284499046205774 ], [ -49.06047757457231, -26.30834965993207 ], [ -49.045346962249532, -26.306801421614733 ], [ -49.035505733015626, -26.313267053129792 ], [ -49.027185324343243, -26.307143169463203 ], [ -48.996400958090959, -26.311741087607516 ], [ -49.012183368160429, -26.32656732016741 ], [ -49.020286445474824, -26.349628632832509 ], [ -49.003766517008806, -26.367661927034543 ], [ -49.002484685087488, -26.388877923640951 ], [ -48.974962575536509, -26.395314905505558 ], [ -48.930549161315795, -26.420561478270223 ], [ -48.924310716354043, -26.415329018997021 ], [ -48.923259338489579, -26.379881020979365 ], [ -48.906196455710855, -26.373511337805983 ], [ -48.877009119437005, -26.380516713672325 ], [ -48.839169451910713, -26.440596891730745 ], [ -48.872023694284671, -26.448426406804586 ], [ -48.869038904258808, -26.458662205425274 ], [ -48.881392932081106, -26.460325038855913 ], [ -48.88041908024168, -26.477575570591412 ], [ -48.895210355611788, -26.47765481443744 ], [ -48.904491164138804, -26.488863655751171 ], [ -48.897702862328984, -26.496355157228056 ], [ -48.903694096369094, -26.501253777355274 ], [ -48.867324419572526, -26.537799158611719 ], [ -48.856107708293266, -26.537988763178543 ], [ -48.85002662267614, -26.527889828848863 ], [ -48.835286122187753, -26.529614376624679 ], [ -48.825975783952053, -26.515436693105844 ], [ -48.814664330820051, -26.519014352552965 ], [ -48.806344046483822, -26.513194264356905 ], [ -48.756644168098653, -26.536612781673046 ], [ -48.720817871768993, -26.598251650936202 ], [ -48.705521761760181, -26.595867745449283 ], [ -48.68900839682243, -26.571767557171231 ], [ -48.664840783119303, -26.580931974001182 ], [ -48.687996543196995, -26.670995361598614 ], [ -48.680623891155527, -26.693695874947611 ], [ -48.67537568684903, -26.693798324482287 ], [ -48.674951132340041, -26.695725572878093 ], [ -48.678894277522595, -26.697666412578638 ], [ -48.681862341982033, -26.718414086552048 ], [ -48.756767025307418, -26.740573710553857 ], [ -48.773676728532806, -26.707894410062906 ], [ -48.790070259951669, -26.705888111220197 ], [ -48.800703859745369, -26.713198661571536 ], [ -48.80236373825732, -26.679216659514505 ], [ -48.816553147078402, -26.640328492769935 ], [ -48.8314448730303, -26.639931454128039 ], [ -48.84210442460985, -26.628708191502653 ], [ -48.879026831365614, -26.641643999625398 ], [ -48.885451234496202, -26.658238608547247 ], [ -48.898587212168742, -26.658472523807415 ], [ -48.901552208848443, -26.649822794199856 ], [ -48.909724075504322, -26.65190761571953 ], [ -48.918302917179474, -26.647534161359026 ], [ -48.937069327915353, -26.693691808817121 ], [ -48.98006618399144, -26.736544558676805 ], [ -48.98975918554909, -26.737336036522176 ], [ -48.995412402897266, -26.747370759061106 ], [ -49.011878574478658, -26.746394683446962 ], [ -49.014588074505937, -26.763486374301273 ], [ -49.036897660117553, -26.772246468722336 ], [ -49.050063878866801, -26.742666337899028 ], [ -49.040408394594564, -26.731377730901237 ], [ -49.049397059097302, -26.710552301190642 ], [ -49.019072652042759, -26.683876325725336 ], [ -49.031853614693915, -26.661809187132157 ], [ -49.045072941533562, -26.651101897934716 ], [ -49.056367183056672, -26.656917907559247 ], [ -49.070706487068357, -26.648331823146847 ], [ -49.1024488266684, -26.65987453717273 ], [ -49.113429677095461, -26.654519446690312 ], [ -49.112982467100281, -26.613121035109142 ], [ -49.129593292675843, -26.621950923628756 ], [ -49.130027011552698, -26.635519043863077 ], [ -49.163526858913414, -26.648686397012224 ], [ -49.176236684545451, -26.614762555452366 ], [ -49.200356536632505, -26.622329242175351 ], [ -49.223135599253901, -26.620511437744721 ], [ -49.224634569938992, -26.611915550844333 ], [ -49.270584653703359, -26.614650770021075 ], [ -49.28735361964403, -26.604233598049042 ], [ -49.299007179785484, -26.571364508866552 ], [ -49.289745544837203, -26.560573907867621 ], [ -49.291213798027911, -26.548190017849688 ], [ -49.29900016034545, -26.540118805909092 ], [ -49.331941056201408, -26.538688112145739 ], [ -49.356487212782092, -26.51328701013691 ], [ -49.357411400616272, -26.497629654120349 ], [ -49.373520966690599, -26.488312399148967 ], [ -49.417210354722307, -26.510121056874819 ], [ -49.424598428047283, -26.497748662461223 ], [ -49.462115959502299, -26.476949433965018 ], [ -49.495747806111247, -26.427292622180801 ] ] ], [ [ [ -48.670955982509177, -26.635676745789773 ], [ -48.670059063739551, -26.633600269712169 ], [ -48.670920725118961, -26.635733274058598 ], [ -48.670955982509177, -26.635676745789773 ] ] ] ] } },
{ "type": "Feature", "properties": { "fecam": "AMVE" }, "geometry": { "type": "Polygon", "coordinates": [ [ [ -49.681367066156973, -26.703705950064183 ], [ -49.665999712710907, -26.692934351911823 ], [ -49.640931257289246, -26.691655225699147 ], [ -49.618341418814538, -26.700637646168303 ], [ -49.618730725702576, -26.642702279206443 ], [ -49.586158213347517, -26.624520958591059 ], [ -49.58242896517838, -26.584503795171923 ], [ -49.564963250427937, -26.566225742198831 ], [ -49.549412505067977, -26.537297175256715 ], [ -49.549229292633953, -26.524616816628004 ], [ -49.518677487724695, -26.52480070707481 ], [ -49.491889855963151, -26.508358824896973 ], [ -49.453148462160485, -26.502076958236714 ], [ -49.441378801224374, -26.489019833516792 ], [ -49.415310419906504, -26.509888868141307 ], [ -49.376258239514044, -26.487998324681822 ], [ -49.365975171651321, -26.490596377516098 ], [ -49.354176031893076, -26.503141301502399 ], [ -49.355730047262547, -26.51399037672844 ], [ -49.332355868522825, -26.538181667003325 ], [ -49.299837401078797, -26.539354489524587 ], [ -49.289408916185543, -26.560523605674447 ], [ -49.298468157241324, -26.57307461057691 ], [ -49.28424277209556, -26.607296183741855 ], [ -49.262246146719413, -26.616785204518649 ], [ -49.221296996972491, -26.611660342695735 ], [ -49.220850923043422, -26.620423762656536 ], [ -49.198548207915351, -26.622121050972279 ], [ -49.175131311536596, -26.613859760600203 ], [ -49.161920752713385, -26.647714834334288 ], [ -49.129381668062884, -26.635179333186397 ], [ -49.129233498399387, -26.62123240330008 ], [ -49.114088718878484, -26.613144863072474 ], [ -49.113749982682606, -26.651977758074946 ], [ -49.108164896210958, -26.657988488159994 ], [ -49.069822390143237, -26.647956077526494 ], [ -49.056840089961923, -26.656216939370633 ], [ -49.046871415651076, -26.649644347013624 ], [ -49.031986268414471, -26.66157000442648 ], [ -49.018180861811217, -26.684641004968672 ], [ -49.048392302267253, -26.710022260803107 ], [ -49.039848390608199, -26.731768862068773 ], [ -49.049385921255286, -26.7431883740757 ], [ -49.030154677901649, -26.77861724241712 ], [ -49.021037529059598, -26.788728928454976 ], [ -49.00081994969181, -26.786281383702384 ], [ -49.000257460562516, -26.802424854424689 ], [ -48.977479200446872, -26.82047222474155 ], [ -48.980041177192327, -26.829382820634514 ], [ -48.935754263703132, -26.842560052112322 ], [ -48.896983418651594, -26.888156846546643 ], [ -48.874551663777886, -26.896245835355703 ], [ -48.864423846421502, -26.909423840288685 ], [ -48.846463013920065, -26.906804452457859 ], [ -48.853760222809164, -26.921315739688993 ], [ -48.843197014815566, -26.963624147045532 ], [ -48.865630160807349, -27.003473319510753 ], [ -48.864121852373181, -27.019647265822332 ], [ -48.853044964433032, -27.026625114863354 ], [ -48.86318556363652, -27.033623281389541 ], [ -48.862725845384631, -27.043103947947763 ], [ -48.84359641419347, -27.067841474901346 ], [ -48.789083685144107, -27.097052701937137 ], [ -48.79760707289222, -27.104118964806887 ], [ -48.802836323473329, -27.12813411521654 ], [ -48.842890460979817, -27.157522160633803 ], [ -48.864323640814625, -27.16390098244247 ], [ -48.881913911861034, -27.184488156270866 ], [ -48.929775120016679, -27.201319672858293 ], [ -48.933330522400929, -27.212012609724816 ], [ -48.973405196648727, -27.240627723380893 ], [ -49.019012453809694, -27.255902138558383 ], [ -49.03757056302598, -27.271867582210529 ], [ -49.049839618115989, -27.269754212101915 ], [ -49.07072201790411, -27.280030389762334 ], [ -49.076517206868573, -27.271328944760739 ], [ -49.110227569870425, -27.280460648315593 ], [ -49.122790733223319, -27.275964203622458 ], [ -49.156080722971268, -27.291830114742332 ], [ -49.200614663102634, -27.293337571264832 ], [ -49.22161625236577, -27.30877239919047 ], [ -49.247757787692372, -27.279423851892535 ], [ -49.209959727498791, -27.215262697730015 ], [ -49.190396868484953, -27.20476269888071 ], [ -49.201497937148609, -27.194996601535266 ], [ -49.195319193885247, -27.18288247675331 ], [ -49.210352108938011, -27.161127501713448 ], [ -49.242173835408138, -27.180126974407035 ], [ -49.246631182139176, -27.197360810249727 ], [ -49.263134500170281, -27.210988738985343 ], [ -49.308507975325625, -27.213557980769515 ], [ -49.322351465001404, -27.231640442428585 ], [ -49.342801879913971, -27.238693854115034 ], [ -49.373060003405087, -27.226157405198613 ], [ -49.390512672893919, -27.235494114500025 ], [ -49.402823409966409, -27.232240523590409 ], [ -49.42144611739684, -27.250575677033201 ], [ -49.447094832770574, -27.255438815308842 ], [ -49.46275182464921, -27.223842323757054 ], [ -49.456703503765056, -27.199283065752589 ], [ -49.442548121722922, -27.186232131549822 ], [ -49.463427113251676, -27.171050515639219 ], [ -49.456279664205603, -27.152869678357796 ], [ -49.467363500654741, -27.105469819860957 ], [ -49.495555200013698, -27.078823170916088 ], [ -49.458073462275742, -27.097184409983743 ], [ -49.456809344548972, -27.08347569999097 ], [ -49.471289567341501, -27.068160530345363 ], [ -49.469004302542793, -27.005145677193532 ], [ -49.459793234135546, -26.964690832351621 ], [ -49.465170803126135, -26.93771528256849 ], [ -49.486373468179131, -26.937447391836301 ], [ -49.507473103630737, -26.920763779410546 ], [ -49.512920546462254, -26.907209196284125 ], [ -49.547516326723773, -26.891231660893204 ], [ -49.548931334196588, -26.854318260626037 ], [ -49.56322428930703, -26.824755455064405 ], [ -49.567692304042808, -26.78328993653593 ], [ -49.58071100140333, -26.776705612584284 ], [ -49.60756141699612, -26.78471693859716 ], [ -49.618846523995764, -26.784982678448891 ], [ -49.624209844126185, -26.778115558747118 ], [ -49.629777973945238, -26.78247896498473 ], [ -49.644281069280346, -26.779770757889345 ], [ -49.681367066156973, -26.703705950064183 ] ], [ [ -49.334121878011693, -26.733887341203662 ], [ -49.338866200370219, -26.734374586518658 ], [ -49.33780907714204, -26.739392859817855 ], [ -49.333694659157658, -26.738533653238729 ], [ -49.334121878011693, -26.733887341203662 ] ] ] } },
{ "type": "Feature", "properties": { "fecam": "Amai" }, "geometry": { "type": "Polygon", "coordinates": [ [ [ -52.716940278361939, -26.803615959844265 ], [ -52.693516617473072, -26.800494782186295 ], [ -52.684331063129584, -26.806259347402111 ], [ -52.667558412881149, -26.795929096158144 ], [ -52.666120045236909, -26.784568369183162 ], [ -52.696368384722149, -26.769155043544366 ], [ -52.696046156420273, -26.761524537023455 ], [ -52.676830111039571, -26.764020832065615 ], [ -52.652290782926919, -26.752454093082513 ], [ -52.63815279596394, -26.777274692690924 ], [ -52.624073266394213, -26.776457935824048 ], [ -52.623478965377366, -26.771800868728654 ], [ -52.636361758951956, -26.76743103562313 ], [ -52.638865777370178, -26.761825542048179 ], [ -52.632940998915245, -26.753593351676468 ], [ -52.647404011882266, -26.747903643853309 ], [ -52.629531172649187, -26.741763382684137 ], [ -52.636796562061853, -26.728274016119528 ], [ -52.596055636456867, -26.72211124118542 ], [ -52.601464081712372, -26.70227202286295 ], [ -52.617952531609319, -26.700068033770403 ], [ -52.607790554882641, -26.676755440699612 ], [ -52.619540443401803, -26.67132960005258 ], [ -52.608954763103114, -26.663742755368695 ], [ -52.608755878399499, -26.65533214281341 ], [ -52.626351735918952, -26.655218994382107 ], [ -52.619504405579988, -26.641210284002526 ], [ -52.63262082880869, -26.635910715242531 ], [ -52.63582350888052, -26.624824483072764 ], [ -52.640411464723321, -26.633144451289947 ], [ -52.647799655768495, -26.627617948860525 ], [ -52.653455020018299, -26.633648934356167 ], [ -52.662688386991192, -26.629696270212619 ], [ -52.663620460326882, -26.619730036331127 ], [ -52.674618693119989, -26.620148004713581 ], [ -52.667095153424661, -26.612429000427429 ], [ -52.671696542570331, -26.601469078586835 ], [ -52.649549732320011, -26.587037710286317 ], [ -52.649193885504339, -26.569247557448694 ], [ -52.609577337881092, -26.543980797799062 ], [ -52.616503420393684, -26.512494644657178 ], [ -52.609108464820075, -26.504444426043083 ], [ -52.611001419209337, -26.477252321576426 ], [ -52.598623172253184, -26.471333621839154 ], [ -52.601660249264661, -26.459735975332606 ], [ -52.581167268806666, -26.454903747271356 ], [ -52.583552121907708, -26.435604301536404 ], [ -52.570645464748608, -26.416714559324227 ], [ -52.524537466564595, -26.399129358314745 ], [ -52.496243548751998, -26.419954452096739 ], [ -52.470769213580816, -26.425324868345726 ], [ -52.462196371499068, -26.439445775313896 ], [ -52.419563464167538, -26.437283123535487 ], [ -52.401270582998031, -26.42319345504491 ], [ -52.378123526184524, -26.440159289439631 ], [ -52.365716579027897, -26.432762445494909 ], [ -52.352578583253681, -26.440822226971495 ], [ -52.340965145798911, -26.435262742971673 ], [ -52.334146731492375, -26.442936450156026 ], [ -52.311762476911611, -26.438832906663038 ], [ -52.279034574937008, -26.460256469786145 ], [ -52.26162289275171, -26.454284598791851 ], [ -52.229966360535194, -26.46675345287094 ], [ -52.186344573729741, -26.445120584390402 ], [ -52.166397139613089, -26.465005496011422 ], [ -52.100507405082894, -26.481744224157264 ], [ -52.096537283037385, -26.507195463359729 ], [ -52.093002222251258, -26.51191068777521 ], [ -52.087818866428556, -26.509325045586891 ], [ -52.081558497311249, -26.523975126774161 ], [ -52.065190325417909, -26.523022870841956 ], [ -52.008801456697995, -26.566232522203645 ], [ -51.98466585572676, -26.564530135402379 ], [ -51.959877319773184, -26.574262783440446 ], [ -51.946549454503405, -26.569773674590554 ], [ -51.927964045947242, -26.584177477815981 ], [ -51.896720740851187, -26.57998613814933 ], [ -51.873231484843103, -26.598940993897177 ], [ -51.823957200479725, -26.581929830504468 ], [ -51.832587428439325, -26.625015788710574 ], [ -51.851825494179707, -26.649774998616401 ], [ -51.846041710102902, -26.660397604495323 ], [ -51.85484306202671, -26.672941640665496 ], [ -51.878548020990422, -26.678079075444902 ], [ -51.879865808356001, -26.682492546882159 ], [ -51.869551947432747, -26.690350643163004 ], [ -51.847928897627064, -26.681763151899091 ], [ -51.850584283642867, -26.709758612386146 ], [ -51.844942755334145, -26.708416022394474 ], [ -51.843317843382472, -26.700127987635515 ], [ -51.826052807348994, -26.702071709017694 ], [ -51.820903297388554, -26.695459174859682 ], [ -51.812604122263195, -26.698848961540936 ], [ -51.809288087967154, -26.692886152598298 ], [ -51.778675878957131, -26.708510708077281 ], [ -51.757059245145015, -26.736496393267544 ], [ -51.7750213154942, -26.744676072996356 ], [ -51.783482522426816, -26.75940956124369 ], [ -51.784742331123084, -26.767455633010051 ], [ -51.77666267174213, -26.768508618226232 ], [ -51.776172807422391, -26.780928175674283 ], [ -51.766598213383219, -26.786671363563606 ], [ -51.753432890336356, -26.774389702549605 ], [ -51.73148324393977, -26.789995251101995 ], [ -51.702678487605368, -26.791346224114687 ], [ -51.678740426334208, -26.818363756286246 ], [ -51.712385954296174, -26.825184975163644 ], [ -51.727878293220279, -26.852713636030582 ], [ -51.766586853861142, -26.840261226087758 ], [ -51.770715943376615, -26.853733366297906 ], [ -51.793309245233999, -26.853454732777656 ], [ -51.794190172909794, -26.859779264857831 ], [ -51.80161662698842, -26.859201925953851 ], [ -51.803485581866873, -26.865384069543087 ], [ -51.814645210477536, -26.854792432579966 ], [ -51.814450384019594, -26.848007797112203 ], [ -51.821905591147292, -26.849345919504842 ], [ -51.814655847444044, -26.867440129189216 ], [ -51.819426219706763, -26.901157635454997 ], [ -51.827681940402705, -26.9081863787762 ], [ -51.830087108099875, -26.930226914939894 ], [ -51.846936120150453, -26.948890438527723 ], [ -51.872775450380054, -26.930512814553708 ], [ -51.884774134996583, -26.945598042262457 ], [ -51.895589707840337, -26.936242187132322 ], [ -51.930109082363238, -26.929437389028724 ], [ -51.957658379606769, -26.947796455737809 ], [ -51.979410458595119, -26.937190751169314 ], [ -51.996469889800451, -26.948258442743963 ], [ -52.005213190746105, -26.940510052862464 ], [ -52.023872049748249, -26.949637373149493 ], [ -52.032529466752266, -26.943811950580269 ], [ -52.042309023957493, -26.957122203753975 ], [ -52.054238440396716, -26.953525871385203 ], [ -52.055231140727734, -26.960650257049629 ], [ -52.067064614749036, -26.959621550895161 ], [ -52.073162168117946, -26.944553391167222 ], [ -52.081758130284818, -26.951631177553768 ], [ -52.093599966340747, -26.945880853675956 ], [ -52.108873570505047, -26.954548925657583 ], [ -52.110696082370573, -26.947880473420604 ], [ -52.13234769547887, -26.943544558870954 ], [ -52.135231000741882, -26.931491053636559 ], [ -52.147681165388455, -26.930923343073939 ], [ -52.153490988143155, -26.925894607124331 ], [ -52.152619873979781, -26.947991317537447 ], [ -52.170310231773406, -26.945886933498251 ], [ -52.175478536496094, -26.956263029163914 ], [ -52.18390013259117, -26.950355020298602 ], [ -52.190183606914331, -26.960265806235235 ], [ -52.208779729911669, -26.956488273260184 ], [ -52.213883847518687, -26.950911380432661 ], [ -52.220588341000884, -26.958078455347749 ], [ -52.221669449684228, -26.947991444526931 ], [ -52.242320609747374, -26.953080874948927 ], [ -52.255659821275962, -26.939093225905282 ], [ -52.266312885169192, -26.959877558203495 ], [ -52.28028154026682, -26.948022910324802 ], [ -52.291565465579943, -26.961592235581232 ], [ -52.308780399692147, -26.955461108500632 ], [ -52.313117183068101, -26.975557513159735 ], [ -52.339388696202455, -26.964206126292666 ], [ -52.338512765336702, -26.944737898945018 ], [ -52.350489720584179, -26.943146713239784 ], [ -52.352477755925868, -26.947102010707258 ], [ -52.345056033391074, -26.959072158624799 ], [ -52.351762069538097, -26.970491450410012 ], [ -52.371079886174549, -26.968309801636952 ], [ -52.37667576453677, -26.973536714814273 ], [ -52.374371936136029, -26.982854302061206 ], [ -52.383701710789772, -26.977698801569201 ], [ -52.394011583869911, -26.987090913628109 ], [ -52.393266169425587, -26.99810805812432 ], [ -52.405639671154042, -26.990878479630595 ], [ -52.42622752390325, -27.012206236054165 ], [ -52.440630676013427, -26.993664595492934 ], [ -52.453551154206835, -26.995758461197052 ], [ -52.466081513311394, -27.013985895242065 ], [ -52.462304205393899, -27.02555186816592 ], [ -52.435501455535949, -27.031396167854695 ], [ -52.449442251968861, -27.037229089291113 ], [ -52.444913755243043, -27.051609721229081 ], [ -52.451334609923791, -27.057587910237373 ], [ -52.460813393627603, -27.043691901240052 ], [ -52.477119422676033, -27.047608211146102 ], [ -52.458440123863724, -27.077926219267628 ], [ -52.478373162335451, -27.073679479848778 ], [ -52.488447095207967, -27.090712114485253 ], [ -52.515745066834604, -27.094744330663733 ], [ -52.515255913338521, -27.084064597392853 ], [ -52.551697969007293, -27.071318550666653 ], [ -52.562578959627139, -27.059592161415829 ], [ -52.55907747229751, -27.054438579354358 ], [ -52.572185437503101, -27.051314340113574 ], [ -52.572721646001895, -27.039655053690865 ], [ -52.585493854748023, -27.034724985086157 ], [ -52.584756958869235, -26.979994860044812 ], [ -52.588331783769895, -26.977307751343343 ], [ -52.593807530991789, -26.981367527117651 ], [ -52.590998560435274, -26.961741823788152 ], [ -52.631049162466212, -26.922605001146234 ], [ -52.617236384443089, -26.906531852239855 ], [ -52.635761332991258, -26.879049811135115 ], [ -52.623373600764324, -26.874407514543151 ], [ -52.621783388530183, -26.865248934249536 ], [ -52.656252151737974, -26.853638603909136 ], [ -52.716940278361939, -26.803615959844265 ] ] ] } },
{ "type": "Feature", "properties": { "fecam": "Amarp" }, "geometry": { "type": "Polygon", "coordinates": [ [ [ -51.510361450197792, -26.838624269124676 ], [ -51.435263593744871, -26.852911750252296 ], [ -51.427193919884893, -26.832249397253772 ], [ -51.461645674372839, -26.812392114952356 ], [ -51.469716626044672, -26.802547078556913 ], [ -51.467972974374057, -26.785942468539304 ], [ -51.447637199370092, -26.772176954044674 ], [ -51.393401469657448, -26.699481572332406 ], [ -51.393123428448298, -26.685058108188141 ], [ -51.405297399202517, -26.676147459939251 ], [ -51.389540452302832, -26.66243865589837 ], [ -51.328754408028097, -26.646907812599153 ], [ -51.321686642404892, -26.656980239238347 ], [ -51.284956347395102, -26.653755708884255 ], [ -51.276301912433766, -26.635308252449743 ], [ -51.266413481426724, -26.636830297333173 ], [ -51.257874438833767, -26.625274173169426 ], [ -51.23804118048362, -26.626141089059356 ], [ -51.232376270330263, -26.611926779503595 ], [ -51.237900188362751, -26.605588210363798 ], [ -51.224867003025828, -26.594116328320165 ], [ -51.224781982052569, -26.575590977757642 ], [ -51.217678367594885, -26.568830487699355 ], [ -51.228956974586566, -26.560843824387721 ], [ -51.224660175335565, -26.550031751692366 ], [ -51.241582494803211, -26.544748616437879 ], [ -51.25025754903772, -26.519684605862295 ], [ -51.270858265906647, -26.505343138642971 ], [ -51.273156019584441, -26.495870139973547 ], [ -51.261449850232864, -26.489766136112245 ], [ -51.265278460703634, -26.481230225912608 ], [ -51.25574427224732, -26.476051971646918 ], [ -51.259196451252222, -26.471112729550413 ], [ -51.255689112660413, -26.462946435168504 ], [ -51.277279744890294, -26.458426253764213 ], [ -51.2746202882375, -26.444958878505961 ], [ -51.292201556205256, -26.435352899849764 ], [ -51.300488493539341, -26.41787433809673 ], [ -51.288820700089545, -26.413774951366399 ], [ -51.291481796542847, -26.402458892686155 ], [ -51.277074991077718, -26.401019754129852 ], [ -51.277249495909452, -26.389437231469806 ], [ -51.266969374475579, -26.386109944897552 ], [ -51.257615679308323, -26.400704096163725 ], [ -51.20146710494442, -26.427119657755267 ], [ -51.20177166279727, -26.442618766937276 ], [ -51.190457023419597, -26.451292821734299 ], [ -51.114970675663386, -26.390860572569018 ], [ -51.089272945613466, -26.391324422864614 ], [ -51.064561723569739, -26.401499962256018 ], [ -51.056748672167402, -26.394257748211245 ], [ -51.051949937451596, -26.399547178887868 ], [ -51.042225189228276, -26.394649209610868 ], [ -51.027017078716256, -26.405521575929651 ], [ -50.985409969454807, -26.404880562609961 ], [ -50.964548118030002, -26.428477861130258 ], [ -50.978344794272658, -26.42865291217225 ], [ -50.976617544840138, -26.441889050560924 ], [ -51.003705068027671, -26.457426795335198 ], [ -50.997017502128799, -26.464576639254194 ], [ -50.995112249511763, -26.483816043784916 ], [ -51.008107140764473, -26.494268961956305 ], [ -50.972460141310265, -26.522492353281162 ], [ -50.961583365920326, -26.522481122219848 ], [ -50.941300457916107, -26.550434511673984 ], [ -50.922070933187079, -26.552369206817371 ], [ -50.915826589204109, -26.544821030998108 ], [ -50.901957736264791, -26.556314345020841 ], [ -50.855858372277225, -26.560458768663722 ], [ -50.820553950791179, -26.543806036706613 ], [ -50.800997305314908, -26.507611315660661 ], [ -50.739987750153915, -26.524509396358418 ], [ -50.697938156215407, -26.499281736801432 ], [ -50.668021097718324, -26.498547454392163 ], [ -50.654743907205756, -26.512386933678957 ], [ -50.641065215253398, -26.512171446697121 ], [ -50.6303298177518, -26.533592819961797 ], [ -50.603997752779101, -26.5419892363701 ], [ -50.597587620974863, -26.567926133440274 ], [ -50.561802241190925, -26.594095322606854 ], [ -50.571141066310588, -26.599121839598862 ], [ -50.570967337870734, -26.603562944763475 ], [ -50.529359380202543, -26.608614016832316 ], [ -50.51576573947478, -26.637914073786963 ], [ -50.50749151217348, -26.635784688882062 ], [ -50.487777089692926, -26.645022918648067 ], [ -50.512451920708415, -26.681341053964548 ], [ -50.51257667635528, -26.693537864009606 ], [ -50.505496085328126, -26.69549915985958 ], [ -50.516048206149797, -26.715415793382217 ], [ -50.493935640098414, -26.75926204280622 ], [ -50.500223885796125, -26.771070860809694 ], [ -50.523525302552869, -26.774475320728413 ], [ -50.526953654430685, -26.779782767326594 ], [ -50.518813862745468, -26.784710466780883 ], [ -50.506109646674126, -26.807796602809123 ], [ -50.484826973603333, -26.817733461163051 ], [ -50.512406482218452, -26.826154565475708 ], [ -50.520663089525776, -26.822315451095708 ], [ -50.541837638937182, -26.834757086768214 ], [ -50.553498086944352, -26.829484561272128 ], [ -50.585070887759201, -26.859404139497968 ], [ -50.574332957269341, -26.870633328920746 ], [ -50.587246861251963, -26.874854538258905 ], [ -50.583441691752327, -26.89402917615298 ], [ -50.590951170551094, -26.893262083127446 ], [ -50.599264276520174, -26.907974541353102 ], [ -50.59106050258422, -26.928423855173723 ], [ -50.618227032490601, -26.953838531241068 ], [ -50.60879493990825, -26.972646808905576 ], [ -50.603029007610239, -26.973252913887709 ], [ -50.601171754844046, -26.984840545650219 ], [ -50.605737247711325, -26.992411344395432 ], [ -50.621691602022608, -26.991866565845449 ], [ -50.618511994538117, -27.001191644612557 ], [ -50.631286492531821, -27.009745098056246 ], [ -50.636900157318912, -27.029156981211969 ], [ -50.654291009284776, -27.029437831116113 ], [ -50.650376118754487, -27.04155237134341 ], [ -50.662751858022148, -27.058325908000437 ], [ -50.657389493751545, -27.065174747858002 ], [ -50.670367341048625, -27.07091784786174 ], [ -50.658717752832302, -27.089483557223783 ], [ -50.675230430209233, -27.081214313339906 ], [ -50.688417274079605, -27.083423531694418 ], [ -50.68868694754979, -27.093756033449647 ], [ -50.706320463738805, -27.097153049888295 ], [ -50.716398656838493, -27.108023603258381 ], [ -50.706715473246511, -27.11807490485986 ], [ -50.713145976468034, -27.132139273864134 ], [ -50.697462373119421, -27.131658021093397 ], [ -50.699166364320455, -27.136812300461063 ], [ -50.720920721887836, -27.137687460715679 ], [ -50.736310594895009, -27.120416318226631 ], [ -50.784180542502902, -27.118466053634084 ], [ -50.827155305582451, -27.157770919868998 ], [ -50.823910274889407, -27.17143753157157 ], [ -50.839767584977395, -27.185062853439213 ], [ -50.846462911174875, -27.158345415096996 ], [ -50.871265858924744, -27.153215840263798 ], [ -50.881032844342819, -27.126885565630744 ], [ -50.930393118535974, -27.1201804679101 ], [ -50.960507758336462, -27.154566805231962 ], [ -51.010926486743827, -27.174494898060814 ], [ -51.025597720605965, -27.194792036929584 ], [ -51.025732388484577, -27.22073692469149 ], [ -51.037000095340446, -27.236085532374279 ], [ -51.081440925169304, -27.253846181280334 ], [ -51.112895813141172, -27.240957572585941 ], [ -51.120583414950708, -27.253784284995866 ], [ -51.143220526450484, -27.260972981986516 ], [ -51.143025971955915, -27.2692171310897 ], [ -51.159859922480294, -27.287169851175545 ], [ -51.165500359875288, -27.278856492898182 ], [ -51.181759182196167, -27.277859752811128 ], [ -51.210054563891489, -27.259996252605511 ], [ -51.221358769666296, -27.236430994387167 ], [ -51.257409321860095, -27.233703126861606 ], [ -51.277806234774538, -27.220063748679927 ], [ -51.281132856752748, -27.199266930501086 ], [ -51.320417758146043, -27.168402817679215 ], [ -51.322554992219267, -27.151015336680292 ], [ -51.332299352710571, -27.146087557223854 ], [ -51.337959598872672, -27.132155220129373 ], [ -51.319728541815927, -27.077395136433324 ], [ -51.298190284108095, -27.066000387112009 ], [ -51.29910531703743, -27.057483100173982 ], [ -51.317670318767547, -27.04424494202906 ], [ -51.317948506704894, -27.023754190480478 ], [ -51.345215292923982, -27.014460585750768 ], [ -51.340375774140135, -27.006434093325666 ], [ -51.351898467286418, -27.003064237008125 ], [ -51.342809933046276, -26.996703861768481 ], [ -51.352976572137038, -26.982021164296047 ], [ -51.3803453807623, -26.979987161762512 ], [ -51.380730671295474, -26.971229086001415 ], [ -51.395360702235294, -26.96989050640698 ], [ -51.400906522058868, -26.954733165555432 ], [ -51.407872138033881, -26.954556661297286 ], [ -51.408717990930064, -26.947820763282525 ], [ -51.437497676230748, -26.939497204852586 ], [ -51.440319406090566, -26.933031955646388 ], [ -51.445762293650347, -26.93677127667836 ], [ -51.450695089653259, -26.929474363422823 ], [ -51.477446997549507, -26.926967584734008 ], [ -51.478655190821598, -26.898069178175572 ], [ -51.494138847900324, -26.866277844107476 ], [ -51.488555202976464, -26.857741298889913 ], [ -51.495035564471031, -26.845671111590146 ], [ -51.510361450197792, -26.838624269124676 ] ] ] } },
{ "type": "Feature", "properties": { "fecam": "Amauc" }, "geometry": { "type": "Polygon", "coordinates": [ [ [ -52.518310674881434, -27.148338993443669 ], [ -52.508795210189525, -27.139921500735376 ], [ -52.492237415089775, -27.139509221530339 ], [ -52.50580009322114, -27.118691385907361 ], [ -52.499999039252231, -27.112144145950591 ], [ -52.462509252778069, -27.130217103341604 ], [ -52.432709115613022, -27.114101630149595 ], [ -52.400234496262385, -27.115754792999464 ], [ -52.404823258900748, -27.10997704525294 ], [ -52.402799437896988, -27.102142316168205 ], [ -52.391353051334178, -27.092127578303675 ], [ -52.399847413509768, -27.090237203055693 ], [ -52.403444814681656, -27.036829809657178 ], [ -52.41331010121938, -27.034954436711271 ], [ -52.41899388817469, -27.006399138303188 ], [ -52.404751042318424, -26.989629253359809 ], [ -52.395460920627478, -26.993857220260342 ], [ -52.394690872598396, -26.987676115888092 ], [ -52.383492346940038, -26.976814216375704 ], [ -52.377615467403892, -26.978184272564384 ], [ -52.370310411889363, -26.967694295954779 ], [ -52.351275497418314, -26.969420623276196 ], [ -52.345601710670827, -26.958635515565156 ], [ -52.355173660595689, -26.942959388421905 ], [ -52.339475237334675, -26.943096495153046 ], [ -52.338879136567606, -26.96398266523968 ], [ -52.315676769465682, -26.974366581990086 ], [ -52.309091440836411, -26.953494502006713 ], [ -52.291810778704509, -26.960701256177245 ], [ -52.281214857107749, -26.946480629662723 ], [ -52.266543056343004, -26.957914990182939 ], [ -52.26059639456556, -26.947963224296256 ], [ -52.264287041605293, -26.943823068958988 ], [ -52.254594792951153, -26.938203538168629 ], [ -52.242757156601471, -26.951903098403001 ], [ -52.21978140703245, -26.946612635829542 ], [ -52.207940489443665, -26.956581133366139 ], [ -52.189829997534936, -26.959512991161521 ], [ -52.184102315537181, -26.948426536260346 ], [ -52.176576272647587, -26.95411118711645 ], [ -52.171242496335267, -26.945423020513104 ], [ -52.153810440430014, -26.946899716201873 ], [ -52.153073865622247, -26.925475967927206 ], [ -52.13438820918725, -26.930966736437306 ], [ -52.131157426082638, -26.943643077223648 ], [ -52.106487110996468, -26.952046239446858 ], [ -52.093301482015391, -26.945421950124341 ], [ -52.081434504320292, -26.950798696849304 ], [ -52.071961094120958, -26.941737540309266 ], [ -52.067071602964376, -26.958686001251685 ], [ -52.058257823702164, -26.960373059631014 ], [ -52.055559817489303, -26.951107163837769 ], [ -52.043672000720221, -26.955589490822401 ], [ -52.040601977273603, -26.946144176369579 ], [ -52.031814831324752, -26.942395680978944 ], [ -52.023473333169711, -26.948705823571142 ], [ -52.005458454326636, -26.939860976137062 ], [ -51.995724372491537, -26.947382030983178 ], [ -51.979883805008967, -26.936706815732837 ], [ -51.957483678440781, -26.947296932339423 ], [ -51.930454383080303, -26.929236269500869 ], [ -51.895096943246344, -26.936327866638287 ], [ -51.885285829087508, -26.943998102917547 ], [ -51.874318780633338, -26.929133920221606 ], [ -51.846938812653725, -26.947810899792337 ], [ -51.82513633959455, -26.923457839398303 ], [ -51.819548367542275, -26.937760014078517 ], [ -51.824842330552357, -26.946929441996772 ], [ -51.861665032322676, -26.981483063521082 ], [ -51.802332701238804, -27.040448514462128 ], [ -51.83077315841205, -27.066688502142561 ], [ -51.832024324068989, -27.08368170015645 ], [ -51.823006247054948, -27.096324992568587 ], [ -51.815347523637016, -27.091851027494098 ], [ -51.81977770568929, -27.085228689075432 ], [ -51.808197310780017, -27.080344387114444 ], [ -51.811023563498487, -27.087195951692003 ], [ -51.805413255076267, -27.093091510631812 ], [ -51.800086815112081, -27.085213723845751 ], [ -51.783932049317798, -27.086740588265027 ], [ -51.783741828545189, -27.078485268215328 ], [ -51.775776140958833, -27.070938780165569 ], [ -51.770272073352068, -27.080781712070248 ], [ -51.759808531173114, -27.079278195498855 ], [ -51.761870817586932, -27.096545283668892 ], [ -51.754328904827503, -27.104936983111646 ], [ -51.723863118041599, -27.111698599642715 ], [ -51.700405918948832, -27.104624517945282 ], [ -51.676464547028182, -27.116620845000963 ], [ -51.686882808927088, -27.130113772042751 ], [ -51.680442866657465, -27.154819068575165 ], [ -51.693240747747375, -27.153641569227393 ], [ -51.685478644697213, -27.183369678529967 ], [ -51.723736308778875, -27.204343547588877 ], [ -51.719783444733004, -27.217450505154169 ], [ -51.738927293268354, -27.246359256982775 ], [ -51.764145007907409, -27.261148058076433 ], [ -51.755970881286807, -27.282756095530544 ], [ -51.750978198622704, -27.285659853135709 ], [ -51.759694085536864, -27.307774531286555 ], [ -51.727889434829208, -27.341030250284849 ], [ -51.73737756163866, -27.34394119372973 ], [ -51.736407239862089, -27.350650078799134 ], [ -51.728852596642533, -27.353363848899772 ], [ -51.73643100670639, -27.360340981046321 ], [ -51.73002323544484, -27.374703942508319 ], [ -51.73259333985564, -27.39234678107832 ], [ -51.710566420366597, -27.421347618028431 ], [ -51.685591436476535, -27.432061628402828 ], [ -51.717318400439737, -27.511432179754109 ], [ -51.730386991590827, -27.511497987986676 ], [ -51.754057690617742, -27.487358441945194 ], [ -51.795112783019341, -27.489853106212792 ], [ -51.801562803194109, -27.501727115246322 ], [ -51.787003662688797, -27.516207212866437 ], [ -51.787373259926618, -27.529684192195756 ], [ -51.800406678233912, -27.529293630128254 ], [ -51.821989839863313, -27.513222496743886 ], [ -51.851486845831225, -27.524608422013042 ], [ -51.855124953992807, -27.515449732383761 ], [ -51.844346094406028, -27.484048950788491 ], [ -51.861059542491176, -27.473521584458425 ], [ -51.879187133353369, -27.487596327120698 ], [ -51.873769099119549, -27.513275967429035 ], [ -51.879130371231639, -27.520570840852919 ], [ -51.894787587108468, -27.517018675368064 ], [ -51.904291990256588, -27.460676459826448 ], [ -51.920225997186463, -27.459145099690978 ], [ -51.950823120710183, -27.475320916399454 ], [ -51.963173334686552, -27.469925378411975 ], [ -51.963790451661403, -27.463137579135118 ], [ -51.93490290005532, -27.43972121899775 ], [ -51.937454414752516, -27.427440858521162 ], [ -51.960716466216027, -27.412698431992208 ], [ -51.999580595296948, -27.409735860786984 ], [ -52.00846512870114, -27.40207199175947 ], [ -51.990941851443779, -27.389096450602441 ], [ -51.954100262394206, -27.394029350982194 ], [ -51.951000523373082, -27.391026473092527 ], [ -51.953769549490325, -27.38003106965045 ], [ -51.982999889574906, -27.375162679864943 ], [ -51.994381617536284, -27.378345903703522 ], [ -52.022883878472214, -27.362153813947071 ], [ -52.008148141255035, -27.341780823062479 ], [ -52.011324669383207, -27.333243980903099 ], [ -52.04475124480426, -27.346549385125908 ], [ -52.073946521449841, -27.338511639955669 ], [ -52.099239421914582, -27.348175962568781 ], [ -52.110727543906854, -27.337245285893786 ], [ -52.105978282234723, -27.314071183766231 ], [ -52.114004028177639, -27.305533248008398 ], [ -52.16612410630448, -27.313633563319925 ], [ -52.159663918873697, -27.280418822039614 ], [ -52.168534059421425, -27.271905127077062 ], [ -52.187907040697581, -27.28644687628876 ], [ -52.213398286161137, -27.331943723092888 ], [ -52.227176981270468, -27.328997878540292 ], [ -52.241585665977951, -27.304435629689895 ], [ -52.277714480942159, -27.300222182342885 ], [ -52.267988461018248, -27.283250727038723 ], [ -52.23847935385708, -27.270076262959037 ], [ -52.26178531650244, -27.255738394938888 ], [ -52.30341672437693, -27.263585842075166 ], [ -52.291050426698831, -27.306832274616962 ], [ -52.299774817458058, -27.319070529521323 ], [ -52.344871167248897, -27.288799447797249 ], [ -52.377551223476871, -27.303850387710821 ], [ -52.381099400269171, -27.261488494458035 ], [ -52.387734868342989, -27.253386422130628 ], [ -52.399510405993013, -27.257850539967396 ], [ -52.39806483139941, -27.292570601051157 ], [ -52.41693105420223, -27.284336487967341 ], [ -52.441989355244353, -27.258219396732393 ], [ -52.430837953861314, -27.215248836787151 ], [ -52.403893550936139, -27.193619382489533 ], [ -52.403856670914784, -27.189366924701876 ], [ -52.413591176676732, -27.18355917130631 ], [ -52.421214873109371, -27.190420846833202 ], [ -52.43611397889125, -27.182287399239357 ], [ -52.43378498179645, -27.199186104248053 ], [ -52.458699753378511, -27.173988999551206 ], [ -52.496185905546341, -27.166552205419475 ], [ -52.518310674881434, -27.148338993443669 ] ], [ [ -52.087318648774946, -27.157401282189142 ], [ -52.091319175473515, -27.155032262236425 ], [ -52.094149013207982, -27.159797265556648 ], [ -52.088903108258698, -27.163232958043274 ], [ -52.087318648774946, -27.157401282189142 ] ] ] } },
{ "type": "Feature", "properties": { "fecam": "Amavi" }, "geometry": { "type": "Polygon", "coordinates": [ [ [ -50.349342931128383, -27.098383663511548 ], [ -50.331170541537304, -27.075225194736579 ], [ -50.312181173731886, -27.073292802468856 ], [ -50.313019583436947, -27.067382516133879 ], [ -50.332188253318677, -27.061519457430901 ], [ -50.318107862219271, -27.053506590406453 ], [ -50.323122837272066, -27.044200254661472 ], [ -50.314286582968357, -27.033396612783452 ], [ -50.31951354427251, -27.015454900625549 ], [ -50.316833352102741, -27.007788729221211 ], [ -50.308172406220891, -27.007329411519006 ], [ -50.309163375811721, -26.993052858394414 ], [ -50.291918638959011, -26.987684404082856 ], [ -50.291603315981718, -26.969915212151598 ], [ -50.282564810420759, -26.94072821061825 ], [ -50.272211910602635, -26.930404484323553 ], [ -50.276854520354881, -26.91880076429587 ], [ -50.271595684569895, -26.903015618154448 ], [ -50.260636652744765, -26.890409154530953 ], [ -50.262437280116814, -26.881331936017656 ], [ -50.281530962206404, -26.877827800048447 ], [ -50.255107394845311, -26.863349382720536 ], [ -50.251384796428269, -26.85163011073298 ], [ -50.242987546761505, -26.851035502200162 ], [ -50.242163745674191, -26.841150700436767 ], [ -50.221887990665415, -26.814697037692238 ], [ -50.199355743484865, -26.813552325101146 ], [ -50.16208064662424, -26.78904041295301 ], [ -50.156723995526157, -26.797414644623785 ], [ -50.143152021490955, -26.794715375484667 ], [ -50.103076696235377, -26.817071978952569 ], [ -50.086621464468571, -26.812737668641624 ], [ -50.105981993790095, -26.791927686488414 ], [ -50.107061091890778, -26.757141338227687 ], [ -50.121450849224566, -26.73701631172279 ], [ -50.113279731995902, -26.710024168179942 ], [ -50.13471889391996, -26.666832826420801 ], [ -50.129724340445065, -26.649182757929797 ], [ -50.138116591963055, -26.642739378862689 ], [ -50.1267586223194, -26.642965704007267 ], [ -50.121204013944642, -26.629704538721533 ], [ -50.111061863073168, -26.628851482288066 ], [ -50.113341804933675, -26.61726592564991 ], [ -50.124071350357376, -26.616423104239281 ], [ -50.121683511886246, -26.611699996088603 ], [ -50.129117405052405, -26.60777593224952 ], [ -50.133525255877089, -26.59067965470793 ], [ -50.125990807782095, -26.585379439365539 ], [ -50.132435535056629, -26.576036272536733 ], [ -50.125172683849911, -26.576720493735738 ], [ -50.120068264739565, -26.566545673668486 ], [ -50.130353132297593, -26.561612666530838 ], [ -50.1256937501594, -26.557169226921502 ], [ -50.131719791252266, -26.551457988092228 ], [ -50.125720806324289, -26.524149531315203 ], [ -50.113981242231056, -26.516505220519502 ], [ -50.084456329843384, -26.526158079846535 ], [ -50.032482460880153, -26.519191223473481 ], [ -50.018203225695189, -26.50256012761038 ], [ -49.994820912249743, -26.505835427051576 ], [ -49.955521409989046, -26.545139699079911 ], [ -49.953642557348971, -26.569108614758722 ], [ -49.920826305408518, -26.579380120154173 ], [ -49.909683071476003, -26.591807952645723 ], [ -49.909452001925047, -26.60107809064132 ], [ -49.896976876864684, -26.601780279251603 ], [ -49.881447687779229, -26.619468272401804 ], [ -49.881049330885105, -26.645822069312409 ], [ -49.855626257996875, -26.653644137718587 ], [ -49.838141537731076, -26.676295414453342 ], [ -49.839241011490479, -26.690225448891837 ], [ -49.829208245584368, -26.705424287992034 ], [ -49.8089834901769, -26.71394410090037 ], [ -49.792845822597762, -26.748489786687461 ], [ -49.776970709610303, -26.756383748015761 ], [ -49.77131541752081, -26.77396143976781 ], [ -49.752465156400334, -26.778554843406148 ], [ -49.752143971831366, -26.784385743686894 ], [ -49.747698696370939, -26.784589554899771 ], [ -49.726993502955516, -26.763371002795814 ], [ -49.719360540906422, -26.722611317320542 ], [ -49.692431553160269, -26.698167769050361 ], [ -49.68106862225968, -26.702871202210531 ], [ -49.643830055870396, -26.779645702062854 ], [ -49.630342757993816, -26.782158781880394 ], [ -49.624168076237638, -26.775954415366115 ], [ -49.616734694114278, -26.784865534073148 ], [ -49.5797942711404, -26.776516930042639 ], [ -49.565436381992811, -26.785829459453378 ], [ -49.563175893501857, -26.824743543137053 ], [ -49.548610498443878, -26.856659973017415 ], [ -49.552364109590975, -26.875090316642812 ], [ -49.548647746600544, -26.891812387788892 ], [ -49.511838045921699, -26.90778934797337 ], [ -49.507192454860075, -26.920919042483053 ], [ -49.486575348484891, -26.937229619347317 ], [ -49.465261747191782, -26.94014111357405 ], [ -49.460861465273908, -26.983494642279307 ], [ -49.469169555598981, -27.003684350058961 ], [ -49.467509952064084, -27.044766823404338 ], [ -49.471091709105217, -27.048001204388047 ], [ -49.466182896820648, -27.058049442699115 ], [ -49.470536379263315, -27.068352430719251 ], [ -49.456373436675932, -27.083848849763097 ], [ -49.458189036902326, -27.100692750530296 ], [ -49.472832724089109, -27.090767370307333 ], [ -49.476737375032918, -27.093856910969897 ], [ -49.469409559058143, -27.101316640040316 ], [ -49.456143031436696, -27.1531896624792 ], [ -49.462588974733592, -27.17092511710149 ], [ -49.440307494263799, -27.186922877285365 ], [ -49.456630517476533, -27.199506695694065 ], [ -49.462550402960794, -27.223071941679709 ], [ -49.447281609403987, -27.254531493689669 ], [ -49.421831731575459, -27.250525350501476 ], [ -49.410400196700657, -27.234194115670174 ], [ -49.390317963667016, -27.235321783091248 ], [ -49.373538173188564, -27.225810532295689 ], [ -49.342327297978642, -27.23846574987363 ], [ -49.322434673438231, -27.231527751240833 ], [ -49.309062707305721, -27.213461146632405 ], [ -49.263074987317552, -27.210793147968449 ], [ -49.246849818006098, -27.197392211331103 ], [ -49.242864818307282, -27.180600873806242 ], [ -49.211028072265812, -27.157663281589528 ], [ -49.194702419222608, -27.183618026485338 ], [ -49.200151137251005, -27.195267171642726 ], [ -49.187067587069862, -27.204082952783192 ], [ -49.207946898664147, -27.213689629678861 ], [ -49.212346525348096, -27.227157690924276 ], [ -49.221213827768345, -27.230005617946642 ], [ -49.234433820734651, -27.265588793974718 ], [ -49.247125844371233, -27.279286210938324 ], [ -49.241947208142143, -27.293026097825308 ], [ -49.223070885735027, -27.305617536454754 ], [ -49.224084974825885, -27.321227690625381 ], [ -49.278637492657502, -27.334373849211012 ], [ -49.31065803653447, -27.39535521818237 ], [ -49.295927823331645, -27.429296325579884 ], [ -49.294600915928307, -27.444155648861173 ], [ -49.301235873824972, -27.452471378413467 ], [ -49.292502265831345, -27.473765721245798 ], [ -49.325985306526988, -27.524631931258561 ], [ -49.31907468447222, -27.546352832644498 ], [ -49.327390071939227, -27.557608708864795 ], [ -49.313776841976029, -27.581898404602832 ], [ -49.304537658339115, -27.580419218898264 ], [ -49.300604232397262, -27.584419272755312 ], [ -49.322721234512485, -27.588841047255386 ], [ -49.354400525985717, -27.56281787000901 ], [ -49.380741107792367, -27.558065132859216 ], [ -49.413658921546237, -27.563440580540124 ], [ -49.4293770296593, -27.583679054831219 ], [ -49.445116314118266, -27.583587769953049 ], [ -49.476553124879437, -27.56360850538 ], [ -49.497009450303949, -27.584617905637376 ], [ -49.500522120154471, -27.598213212639877 ], [ -49.548788419501506, -27.612010140225674 ], [ -49.617380790912954, -27.659698890699477 ], [ -49.637492893284836, -27.659963392372983 ], [ -49.640058326242311, -27.648104384628418 ], [ -49.620701140451111, -27.622965621199469 ], [ -49.623421571526336, -27.618385278328699 ], [ -49.629982983613004, -27.619623425492865 ], [ -49.65054030754515, -27.642457821907847 ], [ -49.685088057615708, -27.653207252128961 ], [ -49.711441796701372, -27.643964145215218 ], [ -49.729390401045784, -27.656916556536643 ], [ -49.742132421664685, -27.631238375070883 ], [ -49.733617239232601, -27.617570601970453 ], [ -49.763719835038771, -27.582890795823662 ], [ -49.776010947575386, -27.586392084951711 ], [ -49.834678377025021, -27.539178447267943 ], [ -49.832349382264205, -27.529932378050045 ], [ -49.848690160156529, -27.510673518230846 ], [ -49.850295629008308, -27.494859560343695 ], [ -49.89222855068224, -27.497135935701714 ], [ -49.888512445156287, -27.465723705955181 ], [ -49.911078338026968, -27.44028425824478 ], [ -49.910070952924912, -27.434271892892212 ], [ -49.918299408888537, -27.432712902798635 ], [ -49.918467989707374, -27.425497966563057 ], [ -49.926922913344079, -27.419432571211988 ], [ -49.945212267985383, -27.424531350785646 ], [ -49.943297193769823, -27.418141254473625 ], [ -49.951408668578146, -27.416106810915117 ], [ -49.954630404348649, -27.406478926727925 ], [ -49.970946977287113, -27.412386546099736 ], [ -49.980265976634286, -27.408989955555118 ], [ -49.979154930961904, -27.416925400695344 ], [ -49.984248977203073, -27.418633661546167 ], [ -50.005959694439817, -27.398664104544498 ], [ -50.017718284103914, -27.398014359701985 ], [ -50.010099696805597, -27.387843878946672 ], [ -50.012161047549277, -27.379889565452185 ], [ -50.032651400478905, -27.371986172035381 ], [ -50.03060005494752, -27.356949910897963 ], [ -50.04419597705423, -27.34862581576964 ], [ -50.044096836091953, -27.335286029877484 ], [ -50.026221984022641, -27.343549318227108 ], [ -50.02509972428355, -27.328845729185669 ], [ -50.017996879134401, -27.331258258315422 ], [ -50.01456809627544, -27.322734123167645 ], [ -50.025540848051286, -27.325745069026699 ], [ -50.052357815422191, -27.316357644741135 ], [ -50.061057343203466, -27.322260331102655 ], [ -50.060355508226628, -27.311998119705954 ], [ -50.106925545350173, -27.294847176009061 ], [ -50.130526194222192, -27.273392926487741 ], [ -50.166946140760217, -27.274661603147536 ], [ -50.198264179197686, -27.238398958663435 ], [ -50.216339067333273, -27.247570431357371 ], [ -50.258378027660314, -27.232675757693073 ], [ -50.26703349186203, -27.221483595983891 ], [ -50.264307641319114, -27.202001670717269 ], [ -50.270232934254992, -27.210212906060757 ], [ -50.291242539539091, -27.215998674429986 ], [ -50.28777142780082, -27.183686377544841 ], [ -50.293856675683948, -27.178187761877094 ], [ -50.290123381542202, -27.17076890858873 ], [ -50.304798758636224, -27.168747860405571 ], [ -50.304298360326968, -27.152916014262484 ], [ -50.319012068211535, -27.146687943390013 ], [ -50.313562315722628, -27.129772288904 ], [ -50.32026283023675, -27.113403018223433 ], [ -50.329176159500427, -27.112307198343611 ], [ -50.333718950185059, -27.103243807711873 ], [ -50.349342931128383, -27.098383663511548 ] ] ] } },
{ "type": "Feature", "properties": { "fecam": "Ameosc" }, "geometry": { "type": "Polygon", "coordinates": [ [ [ -53.837092169991571, -27.168432073795319 ], [ -53.8286671666906, -27.14602594395431 ], [ -53.798664917340659, -27.142909769441285 ], [ -53.800764110408096, -27.137190337022446 ], [ -53.816652991216145, -27.14096373732453 ], [ -53.82418905552219, -27.133712705685571 ], [ -53.824341041355524, -27.126649771226337 ], [ -53.806296533758974, -27.121094839584128 ], [ -53.817335624162645, -27.100515037642442 ], [ -53.795182262038466, -27.110060043233247 ], [ -53.780072985253966, -27.103268408973019 ], [ -53.804611782096337, -27.082519589213366 ], [ -53.797993336545247, -27.066007383144512 ], [ -53.783170983287299, -27.077944159624806 ], [ -53.775668831783506, -27.073772169111241 ], [ -53.798045784653304, -27.058835210740607 ], [ -53.802428666597471, -27.04003645757075 ], [ -53.773337250564943, -27.065585465233333 ], [ -53.764962417386535, -27.064714504780966 ], [ -53.786209625097889, -27.027641030480993 ], [ -53.766254738096436, -27.043523557503583 ], [ -53.759707392433086, -27.033980776137156 ], [ -53.750861106222985, -27.032566935021066 ], [ -53.761144731705308, -27.005857964484484 ], [ -53.741598272957006, -27.014136750166998 ], [ -53.732593195512223, -27.005187943463206 ], [ -53.744176275680054, -26.992485040786729 ], [ -53.723046172128178, -26.989017360012213 ], [ -53.737538418179803, -26.974444230600781 ], [ -53.726728044206816, -26.959110297795757 ], [ -53.712751377549495, -26.965068599301013 ], [ -53.703893320694647, -26.959516214756214 ], [ -53.709357827006571, -26.93397501767242 ], [ -53.680481446063681, -26.938227624314582 ], [ -53.697172065276142, -26.929033312110601 ], [ -53.676207339617122, -26.913141259416122 ], [ -53.680005359727211, -26.909435550159365 ], [ -53.67649043863144, -26.892629621699935 ], [ -53.695988467656449, -26.887195291646236 ], [ -53.681796965686921, -26.870103115373098 ], [ -53.69567007706226, -26.858329242473172 ], [ -53.66862158041603, -26.86177111828329 ], [ -53.665606835753209, -26.858093507951203 ], [ -53.676685430719836, -26.845395018131878 ], [ -53.694266577213384, -26.848185172175636 ], [ -53.690048910014518, -26.836443021793372 ], [ -53.711273413423065, -26.811300986648341 ], [ -53.699249718991261, -26.811192850810425 ], [ -53.700805785451074, -26.799346180085049 ], [ -53.710023230081987, -26.797513779230375 ], [ -53.717455699595867, -26.782335403179257 ], [ -53.703817134761856, -26.769226580001231 ], [ -53.713129019221029, -26.766428414904556 ], [ -53.729188210885802, -26.774135930684302 ], [ -53.743363627593261, -26.761927828434757 ], [ -53.719822298443212, -26.759967504151316 ], [ -53.713850700782324, -26.753324056564619 ], [ -53.730174717482811, -26.733780529855231 ], [ -53.735550161580321, -26.740513069566568 ], [ -53.750994797973846, -26.740062278315456 ], [ -53.744873095899337, -26.730521966305783 ], [ -53.758381884931225, -26.720781763125647 ], [ -53.75548819964402, -26.710137875481678 ], [ -53.747429003945612, -26.719293750300771 ], [ -53.734988742336697, -26.716053643112051 ], [ -53.733328502993373, -26.700880013315096 ], [ -53.743482817468795, -26.680381595615209 ], [ -53.726770875027754, -26.690831847785461 ], [ -53.720381598943646, -26.682570243168513 ], [ -53.732165234709761, -26.678162325257222 ], [ -53.727216159503286, -26.667376367705913 ], [ -53.719506304306663, -26.664049960517541 ], [ -53.735184085630749, -26.646392275806431 ], [ -53.744783779356311, -26.648040015105096 ], [ -53.759911107609184, -26.640310875746319 ], [ -53.751623325295135, -26.63547758157231 ], [ -53.742198723890787, -26.640551206810446 ], [ -53.741035379127041, -26.630090971978809 ], [ -53.733762643140658, -26.63010176567613 ], [ -53.730319078756686, -26.621452423029705 ], [ -53.735318684319864, -26.607833405011146 ], [ -53.728931332867383, -26.601397652826559 ], [ -53.733256889721368, -26.586951458075674 ], [ -53.725364590837813, -26.587032708342893 ], [ -53.723412733901583, -26.565259325173592 ], [ -53.726769419430376, -26.56262951785655 ], [ -53.736429314394826, -26.56682381330701 ], [ -53.727376868111975, -26.554152361317094 ], [ -53.742222783090554, -26.544386002477314 ], [ -53.721574075450867, -26.538856556590993 ], [ -53.730066816894933, -26.501819734777452 ], [ -53.710175316107978, -26.506908304556916 ], [ -53.696765694678959, -26.490461112224629 ], [ -53.697081612340767, -26.478254302231271 ], [ -53.70780576018263, -26.481466082216031 ], [ -53.715678285828446, -26.471469844312772 ], [ -53.700395513557524, -26.462638576306247 ], [ -53.703338315202686, -26.440799938002918 ], [ -53.689217980540192, -26.442087478342639 ], [ -53.685927304988269, -26.432816032386068 ], [ -53.693800687660399, -26.430239476921589 ], [ -53.698595432375576, -26.416571801381394 ], [ -53.705384602125235, -26.416287021553401 ], [ -53.697343675042724, -26.402170265566085 ], [ -53.709991434808089, -26.387740349439127 ], [ -53.701522100166237, -26.386827527088165 ], [ -53.70027250818903, -26.362895027165536 ], [ -53.689252177055167, -26.35267088724984 ], [ -53.68572444387295, -26.335406957918973 ], [ -53.67281304705994, -26.330751402939146 ], [ -53.673940402475111, -26.324213652078317 ], [ -53.645851729760508, -26.286893550935833 ], [ -53.645794369143317, -26.247756180875228 ], [ -53.627518092990805, -26.263037760767137 ], [ -53.586298131130874, -26.255869718564529 ], [ -53.581760694951193, -26.272660822617119 ], [ -53.554018682417421, -26.292213386792845 ], [ -53.52370780180113, -26.29202576389272 ], [ -53.498732362213318, -26.302653212271473 ], [ -53.479397535354721, -26.290990103604528 ], [ -53.460948342687786, -26.296112227988093 ], [ -53.425236878461, -26.280306998267115 ], [ -53.399813162821644, -26.254016875598683 ], [ -53.376071636455876, -26.241618611731283 ], [ -53.305307246675923, -26.260270042342729 ], [ -53.28083934164485, -26.246140515706379 ], [ -53.279290178524747, -26.258626986916639 ], [ -53.267068226653983, -26.263759346242033 ], [ -53.263779925880939, -26.288444087718588 ], [ -53.253339852471953, -26.288659086962262 ], [ -53.226081196176459, -26.318332709667182 ], [ -53.197607522002897, -26.329791573014457 ], [ -53.184409304636993, -26.343708225004168 ], [ -53.160162688616431, -26.35061217793335 ], [ -53.191466391644148, -26.369359854847993 ], [ -53.219995396513525, -26.374239412471361 ], [ -53.233830478102824, -26.369728266360035 ], [ -53.257116603653955, -26.381574708038396 ], [ -53.264236652948988, -26.404890886925344 ], [ -53.27440617209669, -26.402166104907625 ], [ -53.273614802165362, -26.408445042047941 ], [ -53.266124953757412, -26.410430386569434 ], [ -53.278244085716864, -26.410076427379039 ], [ -53.275952315059826, -26.41808353848069 ], [ -53.286037885921338, -26.41983915549077 ], [ -53.285651841272845, -26.435666633305868 ], [ -53.281122656970823, -26.439563144923135 ], [ -53.285468266024438, -26.446668420789891 ], [ -53.281188469391651, -26.450805430138736 ], [ -53.260442898735, -26.449180595879362 ], [ -53.257213252950216, -26.44317247500706 ], [ -53.23995149606759, -26.451335130916451 ], [ -53.230029857226107, -26.474088860571626 ], [ -53.246700770330435, -26.513216919597291 ], [ -53.238237938209949, -26.521711172996305 ], [ -53.245460686959532, -26.527910016861917 ], [ -53.238999451981115, -26.533207702655385 ], [ -53.238744266589926, -26.543252999713705 ], [ -53.257928650785843, -26.550632061530997 ], [ -53.25386819200947, -26.570353227602329 ], [ -53.271433119281191, -26.566253994821647 ], [ -53.272501930894641, -26.575336028445211 ], [ -53.334053902419491, -26.590448676699452 ], [ -53.345478440638978, -26.585961022018925 ], [ -53.390325004657107, -26.620087653967996 ], [ -53.38757702785346, -26.64604961984405 ], [ -53.393094771857434, -26.661007226949259 ], [ -53.383598708744906, -26.665987273581479 ], [ -53.390319431696717, -26.679854758340849 ], [ -53.395118697813579, -26.678607705736869 ], [ -53.406418484537191, -26.690639032733191 ], [ -53.391054655915006, -26.694741778622692 ], [ -53.3856468402575, -26.715879598763564 ], [ -53.395196459260077, -26.710926339923475 ], [ -53.402304535745891, -26.715020216186929 ], [ -53.397395348487628, -26.728875418780706 ], [ -53.38692794388156, -26.728769946374598 ], [ -53.381241132402778, -26.717801757059174 ], [ -53.367860695013178, -26.726156737299917 ], [ -53.367876802523789, -26.736254606183707 ], [ -53.382920330404929, -26.739053072952068 ], [ -53.384707119919526, -26.74526292596898 ], [ -53.391506654962711, -26.747395467146827 ], [ -53.373380891170527, -26.758821473058841 ], [ -53.367564537857284, -26.754437462505862 ], [ -53.363654361614024, -26.765125458406814 ], [ -53.388046369612162, -26.76747229590206 ], [ -53.386196823738359, -26.781423163784638 ], [ -53.376340166935243, -26.780620686355608 ], [ -53.376430540529569, -26.787525224847048 ], [ -53.39477593754485, -26.789838102153311 ], [ -53.395555863466917, -26.806984308158189 ], [ -53.416167482366163, -26.808297345442835 ], [ -53.403892186373646, -26.823681053007874 ], [ -53.379288591822387, -26.823698878387216 ], [ -53.386583923698076, -26.838643777137499 ], [ -53.383710327443509, -26.850981167778219 ], [ -53.405275644551331, -26.848706361746633 ], [ -53.413869704123307, -26.858181850209352 ], [ -53.41477963134006, -26.866471654861147 ], [ -53.401375847735814, -26.876908157209154 ], [ -53.408523890211839, -26.889616730868983 ], [ -53.418133742279181, -26.892269546343051 ], [ -53.40603752631047, -26.903627477508831 ], [ -53.41013097097661, -26.926675199962485 ], [ -53.389700780457026, -26.936980839537856 ], [ -53.408101132833096, -26.942033650521314 ], [ -53.410172070376284, -26.948992561808623 ], [ -53.397434318788257, -26.953648662489073 ], [ -53.39817917026739, -26.974630761673097 ], [ -53.390208148874514, -26.979905995047577 ], [ -53.395798260867366, -26.988085956803616 ], [ -53.388365845481147, -26.997173373358894 ], [ -53.380203709411752, -26.993071671480983 ], [ -53.375374867249121, -27.01543467954172 ], [ -53.379229604688618, -27.029924822379925 ], [ -53.396883803854841, -27.0331190896182 ], [ -53.367974479807003, -27.037582523408453 ], [ -53.366400029779719, -27.066514014911832 ], [ -53.347565177983206, -27.070268797664518 ], [ -53.324753507479741, -27.099331102509737 ], [ -53.334699632252764, -27.098561280402407 ], [ -53.335533564560791, -27.111343121020042 ], [ -53.342810508927599, -27.104913299994337 ], [ -53.355378974074569, -27.111269640902709 ], [ -53.366094665310676, -27.093682543147125 ], [ -53.377280804615232, -27.092360391464748 ], [ -53.411701147739848, -27.14138119477327 ], [ -53.455369211122658, -27.156890043048033 ], [ -53.481936311785738, -27.135178091156856 ], [ -53.502306050573353, -27.135128720196228 ], [ -53.50778773423071, -27.151567903169763 ], [ -53.489733647359188, -27.180430214229229 ], [ -53.489607409997646, -27.199515115141121 ], [ -53.507479131795186, -27.204209018369966 ], [ -53.530738889809918, -27.194542808616745 ], [ -53.547853621890894, -27.176476094691921 ], [ -53.562703551228708, -27.172770727650171 ], [ -53.591443517143354, -27.187468570755559 ], [ -53.616798115177644, -27.187240979453517 ], [ -53.630728296250062, -27.213376193623294 ], [ -53.642115898827257, -27.219800566321517 ], [ -53.650816730819095, -27.215504662624348 ], [ -53.650461019357088, -27.178811638161029 ], [ -53.669314228560175, -27.162125153161814 ], [ -53.743652750538608, -27.19244136916447 ], [ -53.77284710270964, -27.148996094582461 ], [ -53.814847948394117, -27.175886230824005 ], [ -53.837092169991571, -27.168432073795319 ] ] ] } },
{ "type": "Feature", "properties": { "fecam": "Amerios" }, "geometry": { "type": "Polygon", "coordinates": [ [ [ -53.423849634946087, -26.889458748639868 ], [ -53.408535497270954, -26.889913247816153 ], [ -53.40231806234177, -26.87724247833436 ], [ -53.415699326204233, -26.865913151105705 ], [ -53.414006555231346, -26.858271419572251 ], [ -53.406002880046948, -26.848494868171048 ], [ -53.385618218232246, -26.849701798939321 ], [ -53.386798971376692, -26.838773822169994 ], [ -53.381160344898198, -26.826957319748718 ], [ -53.404149864645518, -26.823899742716556 ], [ -53.419456995598956, -26.804535443875945 ], [ -53.396709895436906, -26.806769669429688 ], [ -53.39567573517121, -26.78922105743591 ], [ -53.385103188372604, -26.786044198518852 ], [ -53.38926583259061, -26.765903827290298 ], [ -53.366076190254624, -26.762629955836982 ], [ -53.391651781567013, -26.750520346849612 ], [ -53.393367675417622, -26.743229062822252 ], [ -53.368913472891592, -26.7354058115653 ], [ -53.368348930108333, -26.726060897276923 ], [ -53.379820290755987, -26.719116109520314 ], [ -53.386777807038506, -26.729266055865189 ], [ -53.397220327591576, -26.729702660737139 ], [ -53.404013425556911, -26.716133403263722 ], [ -53.395673622583871, -26.710397586847844 ], [ -53.387822150875479, -26.711679920485835 ], [ -53.390579167166088, -26.696647148410307 ], [ -53.410819513328988, -26.694193637102448 ], [ -53.398800793792269, -26.682550644569016 ], [ -53.402276424436209, -26.677544729731899 ], [ -53.397287664622226, -26.673398722799782 ], [ -53.389995228027679, -26.677628769101563 ], [ -53.38488506650549, -26.668511617637076 ], [ -53.394063055766296, -26.662554207073445 ], [ -53.387722855497984, -26.646040383063244 ], [ -53.393469474312724, -26.622521430166014 ], [ -53.344801012935307, -26.585278710106333 ], [ -53.333297718182244, -26.59025166927248 ], [ -53.2754132421408, -26.576051007337579 ], [ -53.275199169579487, -26.56508773407225 ], [ -53.256707056074994, -26.56895416121418 ], [ -53.258941371767115, -26.550254136450363 ], [ -53.237109265264216, -26.540999869292531 ], [ -53.248401388913997, -26.528168411667625 ], [ -53.240659945069034, -26.522668925709443 ], [ -53.247380693050125, -26.514504696712425 ], [ -53.231179201355985, -26.488491469611475 ], [ -53.233208639203177, -26.462934261171299 ], [ -53.256555363441386, -26.443862440473684 ], [ -53.280864177691313, -26.453902544931683 ], [ -53.286963375886685, -26.44476209610556 ], [ -53.283274998353249, -26.439000263110561 ], [ -53.291501674932093, -26.432995357760564 ], [ -53.285666950439115, -26.430936765273898 ], [ -53.286684520548377, -26.418301061859101 ], [ -53.278908054578181, -26.415967843946746 ], [ -53.283748941181862, -26.407524782002692 ], [ -53.274720774226488, -26.408106720074265 ], [ -53.276103070827354, -26.398025871083341 ], [ -53.264386475014959, -26.402895977087443 ], [ -53.257288780198166, -26.381375665656329 ], [ -53.23262089338693, -26.369131087562106 ], [ -53.219706400583114, -26.374141380314249 ], [ -53.191752897942855, -26.369398621501052 ], [ -53.150346536437212, -26.344390073937916 ], [ -53.127160147808468, -26.372201845565787 ], [ -53.093273758946694, -26.382486283667948 ], [ -53.090468746289091, -26.391258572713891 ], [ -53.046305529289945, -26.381273674586971 ], [ -52.98874497911774, -26.345841404498398 ], [ -52.937664489714464, -26.362208671573374 ], [ -52.961538147864466, -26.398674065104398 ], [ -52.964345998226285, -26.423004167335847 ], [ -52.970195494372419, -26.427261147219085 ], [ -52.966008971778841, -26.43997848417138 ], [ -53.025066152732805, -26.408772086577649 ], [ -53.030322765479589, -26.435907750013094 ], [ -53.043878260492171, -26.444677214832833 ], [ -53.065382991526683, -26.479996968457574 ], [ -53.058106089604031, -26.501792446779334 ], [ -53.046130594981655, -26.511837713213019 ], [ -53.032083617662742, -26.51079177537207 ], [ -53.018796333613061, -26.531521182120109 ], [ -53.016227102245487, -26.543835288024507 ], [ -52.992145523828135, -26.547379740923549 ], [ -52.978532618922749, -26.534803195210753 ], [ -52.946636163346277, -26.567198563145894 ], [ -52.92600671035774, -26.575114229326989 ], [ -52.926574854335783, -26.582902633289422 ], [ -52.933602049688531, -26.585731791660447 ], [ -52.924486013168071, -26.599362747550284 ], [ -52.927985062909613, -26.605924107671186 ], [ -52.997894275642786, -26.635173695544839 ], [ -53.062642235408383, -26.643603978667727 ], [ -53.075411976936259, -26.66981063924797 ], [ -53.058212806943601, -26.703468473456208 ], [ -53.062269951705943, -26.732369991248266 ], [ -53.048816293750157, -26.732840537332297 ], [ -53.047933931041882, -26.74490185328715 ], [ -53.027514239254742, -26.742656458426232 ], [ -53.019824489033759, -26.75353975103874 ], [ -53.008980084950068, -26.75097224323401 ], [ -53.002814453367428, -26.740992971333348 ], [ -52.957840883863483, -26.754663913452131 ], [ -52.98580008125893, -26.773399406395516 ], [ -53.00263749883441, -26.775310830953668 ], [ -52.995769597290973, -26.793696256846456 ], [ -53.000722873446463, -26.80380555580026 ], [ -53.033540533931671, -26.80851752264298 ], [ -53.038536291025061, -26.818320236876762 ], [ -53.032706932932527, -26.827238356995299 ], [ -53.046177846205374, -26.83100825062143 ], [ -53.043593496319097, -26.841062632324906 ], [ -53.047485703559182, -26.844390459399797 ], [ -53.037704803807941, -26.855931984390132 ], [ -53.043733023241195, -26.862264542647747 ], [ -53.036530295521239, -26.875363836858366 ], [ -53.00769492174463, -26.875579146977127 ], [ -53.004968480517846, -26.887017780268476 ], [ -52.947540532793688, -26.881674460865796 ], [ -52.939624919917797, -26.892761626616288 ], [ -52.941852361799072, -26.916199009625629 ], [ -52.926975544665055, -26.92637494851316 ], [ -52.93364664199526, -26.934957352710562 ], [ -52.929450564914916, -26.949671458541236 ], [ -52.945404943718067, -26.948467211184205 ], [ -52.965243044531334, -26.963177410159229 ], [ -52.982374165273058, -26.95642584466864 ], [ -52.991818867790521, -26.967577030443319 ], [ -53.046573299575506, -26.967957980811402 ], [ -53.068837699294768, -26.981601532297116 ], [ -53.069868592681068, -26.991218555739795 ], [ -53.090295306265823, -26.992562973797035 ], [ -53.095298230107403, -27.027710381027163 ], [ -53.110032504545757, -27.034287526227793 ], [ -53.102228835677053, -27.043208514571162 ], [ -53.108643641813252, -27.047062277862317 ], [ -53.100825555368303, -27.053517679675934 ], [ -53.104531228630613, -27.063880959292405 ], [ -53.094459409592389, -27.064948011763498 ], [ -53.097831868653401, -27.079344446419835 ], [ -53.075198494984299, -27.090595123293326 ], [ -53.085976815957842, -27.09613139555012 ], [ -53.076703279383814, -27.1078464631717 ], [ -53.069723305379831, -27.14866537904723 ], [ -53.075328231536695, -27.161976225832355 ], [ -53.132181971290308, -27.180224874095888 ], [ -53.149934959571887, -27.144520162583341 ], [ -53.159649683504014, -27.140406033344714 ], [ -53.17245486059646, -27.148527439319579 ], [ -53.185998028914518, -27.191589900754238 ], [ -53.24194263256004, -27.171924920769314 ], [ -53.292763560559912, -27.196789000459155 ], [ -53.310992767356602, -27.218725533788092 ], [ -53.320599496572228, -27.216240529250985 ], [ -53.320722805637523, -27.198238829860298 ], [ -53.294531277015508, -27.147616275161219 ], [ -53.296232480404122, -27.130779045379192 ], [ -53.312426533065285, -27.119747534111077 ], [ -53.350430208136238, -27.118215166175656 ], [ -53.355375381997582, -27.111274977201901 ], [ -53.344156919608956, -27.104433456984111 ], [ -53.335964575115298, -27.107621676072888 ], [ -53.334395312984448, -27.095749436442102 ], [ -53.327682929983474, -27.094940776172599 ], [ -53.329534348857337, -27.089077558612612 ], [ -53.347829857580301, -27.077223327837782 ], [ -53.349136507632814, -27.070266016427585 ], [ -53.366779552321361, -27.06747377145777 ], [ -53.368951437325798, -27.038152866616027 ], [ -53.39408034961837, -27.036572653321059 ], [ -53.40175103788075, -27.029533195391778 ], [ -53.379953429705211, -27.029440257595454 ], [ -53.375477361710999, -27.014861764519914 ], [ -53.379724396896833, -26.996320877908044 ], [ -53.388107998937201, -26.998385937275486 ], [ -53.396953603923031, -26.986763179809305 ], [ -53.392197368100007, -26.980670063523334 ], [ -53.398340080002825, -26.975695602645992 ], [ -53.397975475812544, -26.954667512102024 ], [ -53.41090826937436, -26.95167763463542 ], [ -53.409080332562475, -26.942154294404215 ], [ -53.395439572204438, -26.935852682882572 ], [ -53.411002760710232, -26.926784811322449 ], [ -53.406587525886557, -26.903663592999315 ], [ -53.423849634946087, -26.889458748639868 ] ], [ [ -53.379081229607685, -26.787660064934645 ], [ -53.376368827436906, -26.784292805766189 ], [ -53.379542181342451, -26.781538560497346 ], [ -53.383190006750993, -26.784976365523356 ], [ -53.379081229607685, -26.787660064934645 ] ] ] } },
{ "type": "Feature", "properties": { "fecam": "Amesc" }, "geometry": { "type": "Polygon", "coordinates": [ [ [ -50.177494301745796, -29.248520399955424 ], [ -50.141201368188227, -29.237210113704847 ], [ -50.141363519187934, -29.230067164262515 ], [ -50.151223819659407, -29.230150409434785 ], [ -50.150664008823597, -29.224571769297246 ], [ -50.136005388677482, -29.20667401451745 ], [ -50.143391199741288, -29.201562622827417 ], [ -50.161531497945028, -29.203937454967516 ], [ -50.13964859030586, -29.192224244648944 ], [ -50.135414507396689, -29.198307282028164 ], [ -50.120384064703593, -29.197744442730755 ], [ -50.123971402721004, -29.202470272478802 ], [ -50.115497471676505, -29.208757937524268 ], [ -50.089280605972228, -29.212230749439428 ], [ -50.086533724590723, -29.200399093156577 ], [ -50.096887108049032, -29.200285830149259 ], [ -50.088884827383772, -29.185015782011661 ], [ -50.098375677576151, -29.181094263675927 ], [ -50.094146882620954, -29.175432787941215 ], [ -50.101045530161784, -29.161506420818508 ], [ -50.079822010969878, -29.155369165958202 ], [ -50.057190998340438, -29.157947314886648 ], [ -50.077982304549721, -29.157713502212303 ], [ -50.089207257473028, -29.165470809009296 ], [ -50.072085299639916, -29.184174717518285 ], [ -50.059733531718649, -29.175255850268815 ], [ -50.059095102604793, -29.18431047009085 ], [ -50.030570519794246, -29.175700869717314 ], [ -50.027018221083111, -29.164195021731821 ], [ -50.018783212376398, -29.161826668144311 ], [ -50.021057617390547, -29.151009499029257 ], [ -50.010790214791591, -29.156243455952549 ], [ -50.006340248880591, -29.151257859101051 ], [ -50.013414035893028, -29.126821457502292 ], [ -50.004621977146634, -29.120096836138565 ], [ -50.005271140352072, -29.127832391692706 ], [ -49.989887974931563, -29.128876360165737 ], [ -49.990196547958782, -29.13577777292689 ], [ -49.983921231597371, -29.136996027554236 ], [ -49.981756343643852, -29.13268920115414 ], [ -49.993012855145025, -29.118193791418285 ], [ -49.964791794803226, -29.116150408282248 ], [ -49.970486003758104, -29.101345214269266 ], [ -49.96378825424938, -29.097853324344022 ], [ -49.96778235132259, -29.083025141691888 ], [ -49.956229592016335, -29.081805317127756 ], [ -49.958129841724173, -29.067987487793857 ], [ -50.004397390030718, -29.072377049369386 ], [ -49.961203982095491, -29.050633836627359 ], [ -49.956283125094068, -29.035191342980969 ], [ -49.945877075015432, -29.024579426447708 ], [ -49.965985752640648, -29.021742941912223 ], [ -49.942390510324387, -28.990723668283753 ], [ -49.941676442459887, -28.981439989961281 ], [ -49.93411201580539, -28.985280257972114 ], [ -49.925846808556706, -28.980045949537104 ], [ -49.933218111728415, -28.963482016219956 ], [ -49.958023018230328, -28.962548652391163 ], [ -49.95978493216716, -28.935590559440218 ], [ -49.954708081815234, -28.927288328793903 ], [ -49.968719056345655, -28.92204953430759 ], [ -49.950021027903489, -28.898418393805294 ], [ -49.948006857959996, -28.883593322818115 ], [ -49.953329349967241, -28.871538513594306 ], [ -49.96986070248758, -28.876486058219506 ], [ -49.957014992256511, -28.859328062036177 ], [ -49.962385888190042, -28.852416254875568 ], [ -49.958149667244406, -28.8295279876018 ], [ -49.966140400607522, -28.82132703643688 ], [ -49.962700201724431, -28.799114735891965 ], [ -49.95228290494051, -28.797704631841647 ], [ -49.961327407598745, -28.772182392809984 ], [ -49.95128166191018, -28.766199508549306 ], [ -49.949540539467364, -28.752419905021299 ], [ -49.926815498958909, -28.752648037332179 ], [ -49.922486681139205, -28.744643807789011 ], [ -49.934672918490591, -28.725677866140604 ], [ -49.906091030301077, -28.70768116939033 ], [ -49.909818259349244, -28.723293728428605 ], [ -49.881773063400558, -28.718937905740837 ], [ -49.893157304867245, -28.736701323180085 ], [ -49.886476997324948, -28.739609730755195 ], [ -49.88587872867943, -28.745567338524634 ], [ -49.879904260092481, -28.744819411269521 ], [ -49.883506960012909, -28.738105091326695 ], [ -49.872828880174694, -28.72657481023889 ], [ -49.869375607793692, -28.701018762945893 ], [ -49.841258274751638, -28.705040859650374 ], [ -49.834375705483083, -28.693147937220555 ], [ -49.838008241437883, -28.690021769827972 ], [ -49.839172311943592, -28.666546252233097 ], [ -49.828692429891134, -28.667783813981259 ], [ -49.818344924360019, -28.659274997964296 ], [ -49.822741968561019, -28.654537295345456 ], [ -49.795117779553422, -28.615047466657071 ], [ -49.782625416290955, -28.609828442411636 ], [ -49.777394567918805, -28.627442887323326 ], [ -49.757366432994182, -28.615418623542347 ], [ -49.752944168852508, -28.627909547090535 ], [ -49.715948433173686, -28.623796782990155 ], [ -49.704143511290908, -28.63002882013264 ], [ -49.71188988822918, -28.664424598406303 ], [ -49.673937081930376, -28.700919965915475 ], [ -49.673390208748586, -28.728730233396227 ], [ -49.681083969238244, -28.738061904398293 ], [ -49.67067476018839, -28.752078170617214 ], [ -49.648147852381037, -28.747382647585695 ], [ -49.635506876733146, -28.75881692869639 ], [ -49.628059918664192, -28.75093214713927 ], [ -49.604770170065791, -28.752365214382408 ], [ -49.595286105859856, -28.801016517000491 ], [ -49.57287109419044, -28.803355313508085 ], [ -49.54464343452112, -28.828823833264323 ], [ -49.534849933109342, -28.829268370408212 ], [ -49.531205397714302, -28.840848032254581 ], [ -49.524341007037279, -28.840083800370856 ], [ -49.523260647534862, -28.85192753395166 ], [ -49.509263952154434, -28.855632822122516 ], [ -49.506385833969368, -28.848892300803197 ], [ -49.491485532413321, -28.849777462124141 ], [ -49.489679764609598, -28.84406219559029 ], [ -49.453790575706776, -28.845753582991822 ], [ -49.446303843580274, -28.840618824144695 ], [ -49.447663478340708, -28.829891243226861 ], [ -49.432301043551014, -28.826919881506157 ], [ -49.424922246482524, -28.814546445980348 ], [ -49.397613079093524, -28.833738845409226 ], [ -49.290115944249926, -28.883167216648506 ], [ -49.376534786499647, -28.956178624102755 ], [ -49.515908399838018, -29.09564807275293 ], [ -49.645021984112262, -29.238301896442721 ], [ -49.712939616392852, -29.325580498332354 ], [ -49.744383886022902, -29.328817318086823 ], [ -49.743560127996773, -29.319720907602441 ], [ -49.737101406088236, -29.316267634321843 ], [ -49.743863416170079, -29.310999340012447 ], [ -49.742705165064834, -29.300046366125859 ], [ -49.771939135857629, -29.298809040354978 ], [ -49.791404428254339, -29.286050670085537 ], [ -49.795636909696633, -29.289446449779177 ], [ -49.82872683186735, -29.276174293644843 ], [ -49.84350414419356, -29.277838036443971 ], [ -49.842207608910947, -29.261582464240924 ], [ -49.855066983469776, -29.256853942545391 ], [ -49.851029773846776, -29.247604102910906 ], [ -49.857423204286384, -29.245168852485609 ], [ -49.857774063041425, -29.232740138916689 ], [ -49.869101699952985, -29.224557317044624 ], [ -49.958893070691012, -29.199060977037565 ], [ -49.96507940114482, -29.200312658858067 ], [ -49.969285770783799, -29.21177801023612 ], [ -49.996585899388734, -29.228258939977803 ], [ -50.010686843057236, -29.225647411147627 ], [ -50.061757600309498, -29.241778544436045 ], [ -50.065343441527332, -29.249577407050158 ], [ -50.113381834457279, -29.258768262710738 ], [ -50.109008387749391, -29.279761718078756 ], [ -50.092720523873872, -29.297286837850518 ], [ -50.052613370969304, -29.32227576651227 ], [ -50.033701799514255, -29.349845184886785 ], [ -50.040085135432648, -29.354808897140174 ], [ -50.047500726740829, -29.340769240472181 ], [ -50.068738303024567, -29.342602108256116 ], [ -50.062469327364234, -29.329337722780025 ], [ -50.074461579649636, -29.32819442987417 ], [ -50.076073973228176, -29.323178180056015 ], [ -50.087740926900842, -29.324319534314558 ], [ -50.085875999495315, -29.313562393778415 ], [ -50.112488163120439, -29.305750666457701 ], [ -50.109300204423484, -29.299753664313226 ], [ -50.119968068631565, -29.296777786342972 ], [ -50.12373274462378, -29.283855999895298 ], [ -50.129913331372208, -29.286851637027244 ], [ -50.128740743462991, -29.303545289135208 ], [ -50.138226387625302, -29.292125271181767 ], [ -50.144925644042068, -29.293587622608356 ], [ -50.142610386008087, -29.28516846961616 ], [ -50.150475983216417, -29.285298867340344 ], [ -50.14042404251019, -29.267111705446752 ], [ -50.145316271493812, -29.253024481862187 ], [ -50.177494301745796, -29.248520399955424 ] ], [ [ -49.950644636448466, -29.06285237605449 ], [ -49.944380188846075, -29.060833241596111 ], [ -49.948384161420634, -29.058643369726951 ], [ -49.950644636448466, -29.06285237605449 ] ], [ [ -50.083918175081486, -29.220165332011589 ], [ -50.094979303778572, -29.21689241360599 ], [ -50.098269744936225, -29.221209726317738 ], [ -50.091325682091593, -29.232592812822208 ], [ -50.084504273065214, -29.227283528026646 ], [ -50.083918175081486, -29.220165332011589 ] ] ] } },
{ "type": "Feature", "properties": { "fecam": "Ammoc" }, "geometry": { "type": "Polygon", "coordinates": [ [ [ -51.884092740971063, -26.677666841409184 ], [ -51.855513419118111, -26.672992559045664 ], [ -51.847212461778007, -26.662072419420792 ], [ -51.85263467838648, -26.650435138687907 ], [ -51.832798771870713, -26.625093399647813 ], [ -51.832520795088911, -26.602801576821818 ], [ -51.8220173292627, -26.595852922363481 ], [ -51.82055895128962, -26.578605208524966 ], [ -51.789396655949794, -26.5885412516092 ], [ -51.73454499995254, -26.572380225709185 ], [ -51.695874670840801, -26.581215290483307 ], [ -51.664105684156759, -26.563745705235991 ], [ -51.630668345678458, -26.587667164571069 ], [ -51.59698922015447, -26.584065745116561 ], [ -51.536103091629357, -26.591718678841907 ], [ -51.510904850617521, -26.5810641819333 ], [ -51.498514234007914, -26.584590411167387 ], [ -51.479651167404398, -26.607144639193304 ], [ -51.484485521698382, -26.622558200988323 ], [ -51.467635489734718, -26.622301559681919 ], [ -51.45488716402879, -26.640658467669105 ], [ -51.456009028221423, -26.653636487594337 ], [ -51.43949795976485, -26.667236491552497 ], [ -51.435048595558293, -26.687941494618688 ], [ -51.407322652601039, -26.700621271894803 ], [ -51.411478402311232, -26.717120465825531 ], [ -51.469078439748863, -26.79344387380344 ], [ -51.46097463539094, -26.812659622057399 ], [ -51.432383625840899, -26.824238340937224 ], [ -51.426268121473555, -26.844711472261768 ], [ -51.43648031125754, -26.855770747954796 ], [ -51.494013175881875, -26.84523295455492 ], [ -51.487705035276562, -26.859360804240382 ], [ -51.4934449837329, -26.867566678842049 ], [ -51.478595177193363, -26.898054026909438 ], [ -51.477291269902715, -26.925455459392929 ], [ -51.44967174614478, -26.929513031323918 ], [ -51.445509104307021, -26.934517391936762 ], [ -51.439034673216383, -26.929063622672309 ], [ -51.43547080146697, -26.939891359267129 ], [ -51.406059860601133, -26.943099220680498 ], [ -51.406901959408998, -26.951392457228323 ], [ -51.401651654919533, -26.952519834945331 ], [ -51.395744140057992, -26.968525888915515 ], [ -51.381656221347761, -26.968962621853724 ], [ -51.37961735433398, -26.980049085298972 ], [ -51.36938503143795, -26.984223222195613 ], [ -51.349571823183226, -26.982295012153649 ], [ -51.351194840125075, -26.988505976639459 ], [ -51.340213612901543, -26.997474522720221 ], [ -51.344706244756459, -27.003216180902928 ], [ -51.336918027465863, -27.005652319730842 ], [ -51.34285301886127, -27.015520340734067 ], [ -51.335981180563572, -27.019558614074487 ], [ -51.317552169364689, -27.01881134494197 ], [ -51.317340503073346, -27.044077318060722 ], [ -51.293305991679141, -27.061845526565499 ], [ -51.319833980455321, -27.07790070111718 ], [ -51.337569769996321, -27.131355177210679 ], [ -51.321512854962357, -27.15079884792133 ], [ -51.31976853931554, -27.168849305592197 ], [ -51.280596774651677, -27.199621384216538 ], [ -51.280760773208122, -27.212946185897088 ], [ -51.312624478764818, -27.239939593624921 ], [ -51.312238829095378, -27.251733079558253 ], [ -51.325264491165399, -27.260156239942912 ], [ -51.299795651277833, -27.290431480429262 ], [ -51.306219180198063, -27.297701373523804 ], [ -51.303853649799031, -27.307824284629124 ], [ -51.3116365337481, -27.315848743522121 ], [ -51.288359040643634, -27.323403424206493 ], [ -51.299722967287998, -27.332426122268966 ], [ -51.309790202864562, -27.332510694868041 ], [ -51.307497887312564, -27.341624869967887 ], [ -51.319154324432397, -27.339470886608741 ], [ -51.318802959500601, -27.347431696849906 ], [ -51.331894984912772, -27.341257732394098 ], [ -51.327685036598702, -27.330024352546108 ], [ -51.338486643846949, -27.326848602894703 ], [ -51.342782339160138, -27.332739017928684 ], [ -51.353839185059527, -27.325318059160253 ], [ -51.360914001850169, -27.334286643431771 ], [ -51.35582096417528, -27.340628388703632 ], [ -51.372586917462534, -27.344189026062068 ], [ -51.373409372315663, -27.324112798972411 ], [ -51.387966846779811, -27.325153041949662 ], [ -51.389529599808363, -27.332436922682874 ], [ -51.410931424867819, -27.32977242333277 ], [ -51.419971194160283, -27.313017394619067 ], [ -51.424524445104524, -27.319178887539742 ], [ -51.436760052955172, -27.31762335854031 ], [ -51.437697749876094, -27.327443173989703 ], [ -51.445703255345229, -27.322602795575847 ], [ -51.458765376835693, -27.34369368205591 ], [ -51.468831122470661, -27.331898116502231 ], [ -51.486330342253886, -27.328610762585857 ], [ -51.489830949018163, -27.309353432121959 ], [ -51.500024326613627, -27.306484204534488 ], [ -51.514531763536603, -27.316511888902919 ], [ -51.533758300978455, -27.314096268366587 ], [ -51.524861561723675, -27.303280382515975 ], [ -51.531839085723263, -27.299952554628998 ], [ -51.5388703949071, -27.28423455881428 ], [ -51.562852514126234, -27.276479149188315 ], [ -51.562193946513432, -27.295192762272574 ], [ -51.578114028739712, -27.314673721367441 ], [ -51.586424997172891, -27.29464124534071 ], [ -51.595909036233223, -27.298949658321845 ], [ -51.610239597894093, -27.325372429380732 ], [ -51.591990650716674, -27.332448522119044 ], [ -51.565298193938744, -27.328490481449577 ], [ -51.532364717970857, -27.375270850714106 ], [ -51.554351208531301, -27.384591121808377 ], [ -51.56175521032204, -27.460603955433996 ], [ -51.574024379522605, -27.463732237415272 ], [ -51.582201470964868, -27.475936896337153 ], [ -51.592357657274071, -27.475526663411241 ], [ -51.600163700167016, -27.4869105558152 ], [ -51.630496827585681, -27.480366817049923 ], [ -51.645340178321881, -27.495355553671683 ], [ -51.647435438103663, -27.516328950718801 ], [ -51.659661862880597, -27.51929693922391 ], [ -51.677498623509997, -27.504890703236796 ], [ -51.676871516918936, -27.485049517129884 ], [ -51.701226897004695, -27.479731350710377 ], [ -51.686487636179343, -27.433175362335863 ], [ -51.705729902187919, -27.425525820330012 ], [ -51.731877427106276, -27.396972697939013 ], [ -51.737123919975019, -27.359070323603184 ], [ -51.729768525007358, -27.356750091268797 ], [ -51.737012871217921, -27.35097692152576 ], [ -51.73066978807767, -27.335476190494465 ], [ -51.760581312526931, -27.307036874088539 ], [ -51.751329002643132, -27.285518135312934 ], [ -51.764952531195839, -27.259763143907115 ], [ -51.738718720803774, -27.246015960310984 ], [ -51.720421646214959, -27.218308327361687 ], [ -51.72467563176923, -27.206740516003634 ], [ -51.686683270762025, -27.18343764663577 ], [ -51.69473578374469, -27.148924799437498 ], [ -51.681907654191221, -27.151635977072164 ], [ -51.685718983038122, -27.126164940850419 ], [ -51.674594093183238, -27.116528510496344 ], [ -51.700266653439215, -27.104820172217778 ], [ -51.723703992026877, -27.111795861514096 ], [ -51.751200051709056, -27.106458064064352 ], [ -51.762097515823761, -27.096884726262346 ], [ -51.761002435145073, -27.081208182947773 ], [ -51.77048127465298, -27.081567590208238 ], [ -51.776233961001175, -27.072927926747546 ], [ -51.783224392715852, -27.07847924123805 ], [ -51.781267397317606, -27.087701282851473 ], [ -51.799078355447151, -27.085707542531427 ], [ -51.803620642155387, -27.096013810007189 ], [ -51.812236875192859, -27.088956396386109 ], [ -51.821355278706243, -27.099566380309934 ], [ -51.833310713708933, -27.082710209535371 ], [ -51.830864112539729, -27.066327583336285 ], [ -51.802834328018818, -27.038273775841994 ], [ -51.82125240833647, -27.015436831860811 ], [ -51.863051240709474, -26.981310568565426 ], [ -51.820032983482683, -26.937777434680463 ], [ -51.827666800482191, -26.907503033820941 ], [ -51.819676300198687, -26.901701722354218 ], [ -51.814700839351268, -26.867441165784825 ], [ -51.818015424840596, -26.852873639909994 ], [ -51.824989959547274, -26.850946298850456 ], [ -51.811694838516701, -26.8452791856331 ], [ -51.804829717453373, -26.86055796996413 ], [ -51.796707559217367, -26.858157111069055 ], [ -51.796377045841169, -26.853147193948107 ], [ -51.771706323445088, -26.853226629476339 ], [ -51.768531508215389, -26.839258588017874 ], [ -51.751636844463746, -26.845569769215878 ], [ -51.747956429780324, -26.841183388583232 ], [ -51.73412676563683, -26.852363984141686 ], [ -51.721737036173927, -26.845546577030628 ], [ -51.712687976035369, -26.82501886732252 ], [ -51.681532619173375, -26.815762159860437 ], [ -51.703066304628422, -26.791461303425542 ], [ -51.731524726009354, -26.790115421190595 ], [ -51.751842797965175, -26.775486476702554 ], [ -51.765577288083456, -26.788224827461111 ], [ -51.776934185525199, -26.78047362551316 ], [ -51.777372782070437, -26.77035723770727 ], [ -51.785713711363016, -26.770363347838178 ], [ -51.782886616002237, -26.757263230663519 ], [ -51.775125996658709, -26.7445611681052 ], [ -51.758765848881318, -26.735147855579907 ], [ -51.779017030803708, -26.708345199179348 ], [ -51.807960678229541, -26.693978613821432 ], [ -51.81285382555771, -26.700673536187889 ], [ -51.820002080205128, -26.69667317054251 ], [ -51.824975847010201, -26.702322796902919 ], [ -51.84184976736546, -26.700644473915183 ], [ -51.84470572854238, -26.70930988403191 ], [ -51.853476737174468, -26.710321632868116 ], [ -51.849808617098198, -26.68451412186915 ], [ -51.87006829071688, -26.690805819518342 ], [ -51.884092740971063, -26.677666841409184 ] ], [ [ -51.817124212046004, -27.084661167683972 ], [ -51.81239262208819, -27.08853687387515 ], [ -51.81272887707533, -27.084114157735197 ], [ -51.817124212046004, -27.084661167683972 ] ] ] } },
{ "type": "Feature", "properties": { "fecam": "Amnoroeste" }, "geometry": { "type": "Polygon", "coordinates": [ [ [ -53.065552262278317, -26.484936322940861 ], [ -53.04366451676492, -26.444319601404644 ], [ -53.030368093678135, -26.43531948682929 ], [ -53.026806869435624, -26.407023465045835 ], [ -52.971074849893419, -26.43753988163138 ], [ -52.970965416811516, -26.426155393616231 ], [ -52.964091663046901, -26.422016453418266 ], [ -52.952092516629342, -26.378403667245856 ], [ -52.935122106055829, -26.360486309375478 ], [ -52.916778746054099, -26.355567024569549 ], [ -52.874244379669463, -26.360891556421208 ], [ -52.846927173678573, -26.344409558055332 ], [ -52.760346491938975, -26.354900850817163 ], [ -52.751711725612161, -26.344571048228307 ], [ -52.736898244355132, -26.342368666376181 ], [ -52.718522704301073, -26.35712177795099 ], [ -52.678624067640449, -26.352680132786322 ], [ -52.602977891726027, -26.415014907593076 ], [ -52.556972221004962, -26.407761180185826 ], [ -52.58304539057108, -26.435275938616872 ], [ -52.58019085805671, -26.455581046739852 ], [ -52.599376460388541, -26.459536030536103 ], [ -52.597540228611763, -26.471654171578614 ], [ -52.60984519448845, -26.477725806629021 ], [ -52.608996675480981, -26.505261952618262 ], [ -52.616180670662899, -26.513606816352826 ], [ -52.608831815033035, -26.544034096689682 ], [ -52.648412320575112, -26.568897286774945 ], [ -52.649072832818121, -26.587024802387891 ], [ -52.670174486037837, -26.601668487371008 ], [ -52.708869796469983, -26.582553798848874 ], [ -52.726531075594153, -26.581334391189255 ], [ -52.751452381677069, -26.594855694008892 ], [ -52.759293548535659, -26.586436812248596 ], [ -52.837112423098127, -26.592161023573041 ], [ -52.839625108216083, -26.605855726247452 ], [ -52.849836091524551, -26.613174930185359 ], [ -52.833474064970297, -26.630798052840252 ], [ -52.847053486521141, -26.631809261397571 ], [ -52.854253184673574, -26.65309179738437 ], [ -52.844659532084002, -26.672449587526888 ], [ -52.804046446659612, -26.68586307055854 ], [ -52.775989856841086, -26.67198102305866 ], [ -52.757652533398002, -26.67667060871122 ], [ -52.749313739783908, -26.658506623242531 ], [ -52.741237651441068, -26.657602468938006 ], [ -52.720750906489918, -26.672585700113189 ], [ -52.679835954116648, -26.673102403257175 ], [ -52.661762676380199, -26.655102072080773 ], [ -52.631362016866817, -26.642000438666727 ], [ -52.625526846860467, -26.654841157614165 ], [ -52.608250256380842, -26.653538970309096 ], [ -52.608496524951633, -26.66367268655706 ], [ -52.615928022420974, -26.668447853168544 ], [ -52.60737989116177, -26.674855017284919 ], [ -52.616548296469624, -26.698035985410499 ], [ -52.601283860221258, -26.701583406305726 ], [ -52.594962726012504, -26.723533778313111 ], [ -52.634174146159829, -26.729311765335709 ], [ -52.62736459284271, -26.742065560673545 ], [ -52.64032643038059, -26.746470259388833 ], [ -52.628919158673547, -26.754393100434275 ], [ -52.637670645775145, -26.764679615549813 ], [ -52.623621801453226, -26.776394937546861 ], [ -52.641003865733694, -26.775466697192911 ], [ -52.652970167105948, -26.753513825216743 ], [ -52.677096660998394, -26.764206205180667 ], [ -52.69496329384625, -26.76253982871664 ], [ -52.695314386924885, -26.769627285008983 ], [ -52.664907507103081, -26.784937938770423 ], [ -52.667658014926687, -26.796597226162636 ], [ -52.684951479769985, -26.806890931422661 ], [ -52.713274868694469, -26.801593772353893 ], [ -52.712259266668489, -26.820085750596906 ], [ -52.739583901645005, -26.81952262019977 ], [ -52.743513649702983, -26.840354811562364 ], [ -52.783230766496658, -26.788765411062904 ], [ -52.793346218697295, -26.788121315379282 ], [ -52.80227834908689, -26.776010345647567 ], [ -52.803116441067637, -26.75040498155095 ], [ -52.820349877560169, -26.732450209274283 ], [ -52.819066659998292, -26.715656815109796 ], [ -52.8484321251943, -26.670498807028455 ], [ -52.919822904470841, -26.672528258448118 ], [ -52.910204169362927, -26.658696684658143 ], [ -52.917517150598165, -26.657002652451808 ], [ -52.922090343612446, -26.664895189875914 ], [ -52.929272806695046, -26.659519622964428 ], [ -52.926179624958486, -26.652081327398847 ], [ -52.935607606421577, -26.649385592646063 ], [ -52.935488346274724, -26.626748653598241 ], [ -52.944624354238144, -26.619649471373343 ], [ -52.927395746003725, -26.601897544953527 ], [ -52.931699504958161, -26.597836537338036 ], [ -52.929097751947872, -26.588791078243602 ], [ -52.936504323532837, -26.581869664731848 ], [ -52.925006801840752, -26.581444123186213 ], [ -52.924065567147672, -26.576573536357838 ], [ -52.945801775987363, -26.56942328301519 ], [ -52.943956829998335, -26.564171017158177 ], [ -52.964736210022579, -26.552984174519302 ], [ -52.977922737864574, -26.536458057031286 ], [ -52.99189803937201, -26.54765408037419 ], [ -53.017104759908229, -26.544075901269597 ], [ -53.026320974835095, -26.517920546883769 ], [ -53.046525011928132, -26.511948767474124 ], [ -53.065552262278317, -26.484936322940861 ] ] ] } },
{ "type": "Feature", "properties": { "fecam": "Amosc" }, "geometry": { "type": "Polygon", "coordinates": [ [ [ -53.113311097759038, -27.046449703215849 ], [ -53.104624864277078, -27.042157096715478 ], [ -53.110718370261402, -27.033534140774449 ], [ -53.095301176924728, -27.026778970028616 ], [ -53.090463770807439, -26.99129454534248 ], [ -53.071421901552853, -26.990879135281386 ], [ -53.069764077661702, -26.982104377838823 ], [ -53.041377225722321, -26.966546569144626 ], [ -52.992700415338234, -26.967498849523942 ], [ -52.982419871200022, -26.955615525840667 ], [ -52.965291943237339, -26.962643666445828 ], [ -52.937567728119397, -26.946582965040523 ], [ -52.936879822354165, -26.955257885846695 ], [ -52.929727231602492, -26.949000194951832 ], [ -52.934007532143013, -26.93457409571586 ], [ -52.928549964328084, -26.926474322055871 ], [ -52.942266479203695, -26.91656434392959 ], [ -52.93970827525456, -26.892935612045651 ], [ -52.944742275747664, -26.882159671840267 ], [ -53.007649983038313, -26.887324279209928 ], [ -53.009019474143741, -26.876080981769004 ], [ -53.037199557329977, -26.875597850534426 ], [ -53.04454317387713, -26.861179182924715 ], [ -53.039260314567905, -26.854513186498831 ], [ -53.053047261405759, -26.838688583347992 ], [ -53.046965852652562, -26.839121256328486 ], [ -53.047978709749785, -26.830739508688456 ], [ -53.035146968706002, -26.826372694646437 ], [ -53.043116253060518, -26.813923582640061 ], [ -53.00086103920777, -26.803508457892438 ], [ -52.996146852993576, -26.79324518749922 ], [ -53.00526655746598, -26.774821702329618 ], [ -52.985685879776796, -26.77324187673695 ], [ -52.961090561276059, -26.754305171100704 ], [ -52.96912793824572, -26.751306357815107 ], [ -52.971813650202783, -26.744693950774252 ], [ -53.001141699566098, -26.741219030432543 ], [ -53.008820521745989, -26.751193320202248 ], [ -53.021785387720044, -26.75397183638276 ], [ -53.028234511724847, -26.743110137736622 ], [ -53.049294687450889, -26.74598902051796 ], [ -53.050929121768796, -26.733840850792472 ], [ -53.069480062152586, -26.737704039235641 ], [ -53.058465688833444, -26.703488938432564 ], [ -53.075756146078213, -26.669971742917713 ], [ -53.063410054463539, -26.64356898594259 ], [ -52.995048392798338, -26.637509119509179 ], [ -52.940742673675196, -26.614035574685484 ], [ -52.935646074726165, -26.648288904732912 ], [ -52.922725919276708, -26.653052051430048 ], [ -52.927071441308129, -26.661035950453197 ], [ -52.921669195804803, -26.662955745054187 ], [ -52.917719501623317, -26.656163239742934 ], [ -52.907150050995867, -26.657910831389025 ], [ -52.914557259700999, -26.671823171094786 ], [ -52.851114396494907, -26.669714873369109 ], [ -52.848595540027354, -26.666102365485713 ], [ -52.854655793887922, -26.654903232806525 ], [ -52.84875071138466, -26.634080139545574 ], [ -52.836597513122307, -26.628998617960626 ], [ -52.851778133136897, -26.613094840842827 ], [ -52.840084489696032, -26.605755787205737 ], [ -52.839591202411746, -26.593012489360213 ], [ -52.760472384632806, -26.586610049256418 ], [ -52.750398357092756, -26.595989293531538 ], [ -52.727417412712541, -26.581283667185939 ], [ -52.672761218453445, -26.599273654302159 ], [ -52.660191163140155, -26.631297624483349 ], [ -52.65307549338776, -26.632944064071133 ], [ -52.647649098758656, -26.626143362666735 ], [ -52.642244362276784, -26.629346783423404 ], [ -52.639631719153606, -26.6220240952543 ], [ -52.632362039237471, -26.635858040678123 ], [ -52.618125296725964, -26.641561459557813 ], [ -52.655930821053417, -26.651433977859142 ], [ -52.678510188763617, -26.673113499235871 ], [ -52.72110340655621, -26.672644656909682 ], [ -52.745344273620553, -26.657593053735141 ], [ -52.75203354405415, -26.673642143559185 ], [ -52.775966555354948, -26.672091226096626 ], [ -52.803331482300408, -26.686164313785657 ], [ -52.842916963551986, -26.676524465326697 ], [ -52.843337412668816, -26.684397115537635 ], [ -52.818663394971651, -26.716248071676944 ], [ -52.816923759409576, -26.734191120939823 ], [ -52.802914286113726, -26.750319634696329 ], [ -52.802157947674374, -26.775833013615987 ], [ -52.791498313428299, -26.789192264705612 ], [ -52.783992894309243, -26.787758263679045 ], [ -52.746758184443451, -26.835564859836708 ], [ -52.742683153780753, -26.833804760536491 ], [ -52.74061792843419, -26.818977344974144 ], [ -52.714011407469286, -26.818898001491867 ], [ -52.716942184782681, -26.803622484860661 ], [ -52.656472721384077, -26.853443388504228 ], [ -52.620805281813702, -26.864848014827089 ], [ -52.622831186828265, -26.874474983405083 ], [ -52.63402895841368, -26.88006721761294 ], [ -52.616366665933434, -26.907183514099628 ], [ -52.629473953299964, -26.92260319628663 ], [ -52.590528628851487, -26.961892705874753 ], [ -52.591792715822649, -26.975873480863203 ], [ -52.584660417520858, -26.973807436716783 ], [ -52.586009962110474, -27.030242491250256 ], [ -52.571871889249394, -27.039597596370282 ], [ -52.571047141197212, -27.051169440001491 ], [ -52.556981460797708, -27.054349296727018 ], [ -52.554007790091482, -27.059448562008484 ], [ -52.558739954558909, -27.063211110860372 ], [ -52.551904930524941, -27.071058834693311 ], [ -52.516562447131832, -27.082665387912439 ], [ -52.51455468247098, -27.095281035789515 ], [ -52.488895549417592, -27.090565133124969 ], [ -52.47912310717264, -27.073124890592243 ], [ -52.462537574913924, -27.074861423918101 ], [ -52.479274446689722, -27.046829659464578 ], [ -52.474146697624974, -27.041674629599335 ], [ -52.459896932218662, -27.043602089890619 ], [ -52.452074633828403, -27.05580397079666 ], [ -52.446018304217844, -27.052607794965589 ], [ -52.451071865353903, -27.037493832586186 ], [ -52.443208175967079, -27.031144832235533 ], [ -52.462649621406534, -27.026175511574998 ], [ -52.463518494140736, -27.003338902884565 ], [ -52.443354613444384, -26.992288527947231 ], [ -52.42958006223197, -27.010246709173558 ], [ -52.419000239793469, -27.006403076557053 ], [ -52.413535532380031, -27.03321812680613 ], [ -52.403548566440151, -27.034458418871001 ], [ -52.399843853554934, -27.088380102469106 ], [ -52.390887578545993, -27.090497151790391 ], [ -52.402674240515914, -27.103044784548974 ], [ -52.397480822343638, -27.112663031962128 ], [ -52.404812437736673, -27.119035578978195 ], [ -52.432309372003424, -27.114395882287482 ], [ -52.442826560736258, -27.12440621857467 ], [ -52.46919942198663, -27.130399558792874 ], [ -52.489978073308748, -27.114324584432872 ], [ -52.501444363872842, -27.116601971637834 ], [ -52.503388025641961, -27.120807978768955 ], [ -52.48820925701088, -27.141061647885373 ], [ -52.508455344662984, -27.140054638891431 ], [ -52.516588429742114, -27.148103379632509 ], [ -52.504067361967614, -27.16002814577412 ], [ -52.460639043400299, -27.172763777019235 ], [ -52.440747198609714, -27.192025905422053 ], [ -52.43667713809041, -27.18989859666841 ], [ -52.438313756291599, -27.182588962667552 ], [ -52.421762574425053, -27.189811157957067 ], [ -52.413685352213086, -27.182652157353733 ], [ -52.401895140065719, -27.190627877967867 ], [ -52.426794460535334, -27.216757191683126 ], [ -52.444969326858967, -27.217043536616739 ], [ -52.478348679059799, -27.234615950640478 ], [ -52.480399788130676, -27.266473490829533 ], [ -52.538104858592348, -27.257196613177317 ], [ -52.546490044010426, -27.241674613504653 ], [ -52.56484561842089, -27.249166781016932 ], [ -52.588872688936682, -27.247506233355679 ], [ -52.611287155894409, -27.264065452018176 ], [ -52.626593022396392, -27.266090706921716 ], [ -52.644888624107722, -27.261664257926611 ], [ -52.655259224250841, -27.241908474401363 ], [ -52.666373488161348, -27.238448341839838 ], [ -52.691957604793238, -27.284542724014049 ], [ -52.706083706176841, -27.27574657008428 ], [ -52.717191702492933, -27.236689807050478 ], [ -52.730496155056052, -27.238586813244691 ], [ -52.743369913243299, -27.258244035536734 ], [ -52.760823920146493, -27.253697558548723 ], [ -52.760476844602806, -27.21456731215018 ], [ -52.785784467197665, -27.206037542712092 ], [ -52.845670813485228, -27.207442643307285 ], [ -52.843258563196102, -27.178913349630825 ], [ -52.853302398409411, -27.168107005060744 ], [ -52.9005678286698, -27.197711153777991 ], [ -52.927009604595121, -27.204006517937636 ], [ -52.937221503805098, -27.199660900146199 ], [ -52.938786876920602, -27.171129536032375 ], [ -52.955553398146442, -27.164503176275261 ], [ -52.969827431578601, -27.216215950918119 ], [ -52.991717000477898, -27.217650134986219 ], [ -53.002572499840511, -27.194014689799598 ], [ -52.983284197737625, -27.165236256640661 ], [ -52.992883345418029, -27.138179237914528 ], [ -53.003144815441871, -27.136083064426877 ], [ -53.022641924927662, -27.156662388179885 ], [ -53.03754709393602, -27.157743679213866 ], [ -53.044773953072408, -27.133925943813129 ], [ -53.019242944368706, -27.090936998882196 ], [ -53.027705635888864, -27.083307968120248 ], [ -53.045328201966363, -27.083453287951084 ], [ -53.076699905345414, -27.107840489974592 ], [ -53.088271512317355, -27.094029402845358 ], [ -53.081274879850191, -27.087666568772867 ], [ -53.098883805537689, -27.079394650981492 ], [ -53.095516131280498, -27.067477896615696 ], [ -53.10675776891128, -27.06607080804455 ], [ -53.101928820389446, -27.053633261876293 ], [ -53.113311097759038, -27.046449703215849 ] ] ] } },
{ "type": "Feature", "properties": { "fecam": "Amplanorte" }, "geometry": { "type": "Polygon", "coordinates": [ [ [ -51.270356949822656, -26.386901446098637 ], [ -51.252612961729731, -26.37481815046543 ], [ -51.260103197606725, -26.362517341101494 ], [ -51.247948286438351, -26.329869571888075 ], [ -51.216185486245649, -26.315978325460406 ], [ -51.207195447064649, -26.296305783255033 ], [ -51.187508427062753, -26.300970803043391 ], [ -51.163680048816438, -26.291647691139595 ], [ -51.163159799846333, -26.283563434526066 ], [ -51.154079252906577, -26.279521912262421 ], [ -51.138665905233218, -26.285126985507969 ], [ -51.13504721258797, -26.279143999877938 ], [ -51.104827984277108, -26.275921949286385 ], [ -51.081164253965397, -26.227896278453215 ], [ -51.056501936591353, -26.243688397948318 ], [ -50.998972473712961, -26.231058026265639 ], [ -50.974894673607096, -26.244117689353509 ], [ -50.969700798451356, -26.263034845140986 ], [ -50.952758298569762, -26.269800072577503 ], [ -50.9448956581777, -26.280720506607171 ], [ -50.932080375996733, -26.267807586024173 ], [ -50.944191942117982, -26.238055814736882 ], [ -50.932513682365318, -26.234496545661223 ], [ -50.908209777245567, -26.251216578348018 ], [ -50.909055845142575, -26.28378804700014 ], [ -50.90176109464673, -26.289999497190262 ], [ -50.882021846401777, -26.279013056751406 ], [ -50.868566717773284, -26.241370766064051 ], [ -50.839344529301464, -26.269467446085248 ], [ -50.824484943267194, -26.244825344266808 ], [ -50.780717318549797, -26.225237928279039 ], [ -50.750565527642912, -26.224454365111786 ], [ -50.741075712684143, -26.248672222421323 ], [ -50.718478571573719, -26.244946670131306 ], [ -50.731467697743291, -26.207025550165632 ], [ -50.703830286287385, -26.188770267074641 ], [ -50.678818724584062, -26.148354873435473 ], [ -50.649418478581872, -26.130720462839456 ], [ -50.656558706546633, -26.101813651743104 ], [ -50.629990262364508, -26.063679578088841 ], [ -50.594666577831184, -26.070305041647256 ], [ -50.553004557742078, -26.057873197463518 ], [ -50.55434383410342, -26.043494357282373 ], [ -50.581378913180366, -26.048173620375604 ], [ -50.591447724608003, -26.041493287504235 ], [ -50.591485577844125, -26.022540232231094 ], [ -50.570231194646816, -26.001958013133887 ], [ -50.547381784364781, -26.038810805301562 ], [ -50.513303863270202, -26.026134072648073 ], [ -50.504484313226186, -26.030569892976867 ], [ -50.499098877397174, -26.022211909128352 ], [ -50.476380016316796, -26.026912069046922 ], [ -50.471823695373054, -26.020978047238813 ], [ -50.459133147204355, -26.027216033750225 ], [ -50.457349370139589, -26.035873681397625 ], [ -50.443793600232169, -26.034303218876261 ], [ -50.448426773940398, -26.045519530424489 ], [ -50.433344005067518, -26.061565035882928 ], [ -50.409236524822646, -26.065397494293322 ], [ -50.403968955823963, -26.056694197451765 ], [ -50.372123753200356, -26.078736461274087 ], [ -50.361556902460819, -26.093750577287594 ], [ -50.368515080948178, -26.110134454957873 ], [ -50.364079797643448, -26.112946220744366 ], [ -50.361093551672802, -26.109812542804644 ], [ -50.34029164972241, -26.130658651803987 ], [ -50.325138483642682, -26.133781274181779 ], [ -50.322832451649006, -26.126562549753874 ], [ -50.333882719513724, -26.125118444543631 ], [ -50.326154077821712, -26.120620235874554 ], [ -50.33252355284975, -26.107720400731683 ], [ -50.332552556883485, -26.099317167549803 ], [ -50.326451974305328, -26.095873652141243 ], [ -50.331729502580217, -26.083421660125683 ], [ -50.298013490003811, -26.05432118504504 ], [ -50.286993398188358, -26.055472739508108 ], [ -50.267283388262122, -26.042623066697953 ], [ -50.253057313426417, -26.048898468824593 ], [ -50.251219287363796, -26.030478034072917 ], [ -50.236341475577547, -26.035464148530401 ], [ -50.224316132989593, -26.059440465003227 ], [ -50.209739720285754, -26.056733637973707 ], [ -50.179618291844314, -26.076789171259225 ], [ -50.17325300447186, -26.063624685234359 ], [ -50.155440238962008, -26.048380519640581 ], [ -50.156656622012562, -26.039591307514183 ], [ -50.168924764877559, -26.041352994669545 ], [ -50.180357125422539, -26.032884997523208 ], [ -50.170250103077237, -26.025192646420798 ], [ -50.140167587839933, -26.026586626923336 ], [ -50.145301251267945, -26.05042725764654 ], [ -50.131553877991358, -26.042279317648923 ], [ -50.119854181136297, -26.058327152013455 ], [ -50.116172692075516, -26.050994721632875 ], [ -50.105566745721177, -26.057085877903585 ], [ -50.091048029164725, -26.044027826432526 ], [ -50.082697049716572, -26.02409932400764 ], [ -50.076292061553097, -26.040392988788803 ], [ -50.071340290390737, -26.034891721527746 ], [ -50.036180529418225, -26.027020744754676 ], [ -50.009186460193689, -26.043017917379135 ], [ -50.01093628250063, -26.013332187910795 ], [ -49.977455883101356, -26.013685179058619 ], [ -49.963142367537287, -26.027599653484106 ], [ -49.976786079019867, -26.051265004755326 ], [ -49.971742230627591, -26.057060959952892 ], [ -49.949474159342387, -26.031777475056955 ], [ -49.960782900220103, -26.020984747299089 ], [ -49.941694734747252, -26.00841808279695 ], [ -49.933971993382279, -26.017704138457525 ], [ -49.939773345652341, -26.0263932470172 ], [ -49.935196679174226, -26.032408472063921 ], [ -49.914790379986066, -26.025426965762616 ], [ -49.900005962571427, -26.034382262450539 ], [ -49.890772104638827, -26.029369292756737 ], [ -49.869973178732643, -26.033252536956887 ], [ -49.863356029700363, -26.054880344280981 ], [ -49.845628508750906, -26.064136518305325 ], [ -49.831703892992742, -26.053106993274778 ], [ -49.837978993646708, -26.069930890704633 ], [ -49.829572166658416, -26.069302878540185 ], [ -49.824814431166878, -26.091811419246504 ], [ -49.80705697072932, -26.088914219923389 ], [ -49.804487922944666, -26.107389199689894 ], [ -49.795101556850142, -26.112355939966807 ], [ -49.78736883783526, -26.098470373366482 ], [ -49.777724539239287, -26.117790627135527 ], [ -49.771341482779562, -26.112408105718476 ], [ -49.778291885213797, -26.108447346579759 ], [ -49.776944903549953, -26.101824034298623 ], [ -49.768307290198322, -26.10431681994277 ], [ -49.748803092690451, -26.124175692469176 ], [ -49.748049632552302, -26.139751329421024 ], [ -49.724716558537118, -26.144541885596723 ], [ -49.736329116549214, -26.15731181031671 ], [ -49.729040746953288, -26.16905126645138 ], [ -49.711456184735809, -26.154328405940973 ], [ -49.690866319478481, -26.176601979947524 ], [ -49.6769090601356, -26.176072827250099 ], [ -49.685589628761988, -26.184268182286111 ], [ -49.684512074978677, -26.188377433909373 ], [ -49.653693839422928, -26.186964008781683 ], [ -49.651180869783367, -26.20663955581157 ], [ -49.645692754827081, -26.209672331223629 ], [ -49.634691493222221, -26.202002761166462 ], [ -49.636723627990321, -26.191054904332834 ], [ -49.630543317442161, -26.191082756587665 ], [ -49.625350960855734, -26.201677566308341 ], [ -49.631316415678313, -26.210386443866575 ], [ -49.621769069697756, -26.21517198794503 ], [ -49.614871739814724, -26.20761716066604 ], [ -49.605239489369879, -26.211933938497694 ], [ -49.60313315846593, -26.226638338054425 ], [ -49.612437883766226, -26.226973558019882 ], [ -49.616923556320472, -26.234213813562786 ], [ -49.613073559632369, -26.24017441242945 ], [ -49.620411139597664, -26.243107949368181 ], [ -49.61682960418571, -26.252629997736634 ], [ -49.626307912811626, -26.271413565478774 ], [ -49.620204860607259, -26.279667250679584 ], [ -49.628813072930278, -26.287217041378348 ], [ -49.617518755574174, -26.292220563490282 ], [ -49.6312489760546, -26.294656164525666 ], [ -49.633489002860053, -26.303647200902041 ], [ -49.610718727247757, -26.313044135435312 ], [ -49.620456339321969, -26.321058441309614 ], [ -49.611219161518505, -26.33590377274378 ], [ -49.62361239366912, -26.331568441418725 ], [ -49.626389511789284, -26.343974834514501 ], [ -49.640436567420174, -26.341575251392978 ], [ -49.649682647687186, -26.349288234783277 ], [ -49.644086807951254, -26.354457282034481 ], [ -49.649942664669169, -26.356361840748043 ], [ -49.649269489856877, -26.363874947079911 ], [ -49.635339512382465, -26.361161340692991 ], [ -49.639010577790224, -26.367409629533672 ], [ -49.632049828596998, -26.371680104197349 ], [ -49.633297924584454, -26.380161808843638 ], [ -49.640679424431859, -26.374462563973335 ], [ -49.664994627190453, -26.37908337490126 ], [ -49.676327142481405, -26.393283681760309 ], [ -49.689930618305119, -26.38926385643817 ], [ -49.69736246261153, -26.406740648487965 ], [ -49.7088040676365, -26.407843879575136 ], [ -49.712276280809206, -26.424232972698718 ], [ -49.716970115591216, -26.417133330649325 ], [ -49.726481616974937, -26.428637210459708 ], [ -49.732049420027579, -26.419862039425656 ], [ -49.74599848438698, -26.432706461745372 ], [ -49.743712532080053, -26.44532163338744 ], [ -49.759983851286989, -26.459848659636283 ], [ -49.74950745995163, -26.469828550583422 ], [ -49.759971131603734, -26.474474986591016 ], [ -49.757631579465034, -26.494616754530991 ], [ -49.734698457594753, -26.522241843616175 ], [ -49.732379960410519, -26.550133455060699 ], [ -49.707016057144315, -26.571488377341129 ], [ -49.694189383567462, -26.572266961979846 ], [ -49.686111939705008, -26.586266971818521 ], [ -49.68604996929276, -26.615526543311447 ], [ -49.675743728871232, -26.623657657884014 ], [ -49.700347739681469, -26.636189141733691 ], [ -49.706399797594358, -26.664790529918839 ], [ -49.687705070962465, -26.691282580402827 ], [ -49.665546546899492, -26.687875788148371 ], [ -49.652073046409733, -26.693236602714062 ], [ -49.701999992626952, -26.704678449456978 ], [ -49.719377728090315, -26.722857127767625 ], [ -49.731787508649269, -26.772353351565314 ], [ -49.746906615520274, -26.785539163400216 ], [ -49.755579714531329, -26.776244377413157 ], [ -49.772238019165627, -26.773870881634199 ], [ -49.776949105626585, -26.756936528047483 ], [ -49.792518840165386, -26.74921758105814 ], [ -49.808941022864879, -26.714343390470432 ], [ -49.828161200878192, -26.707214222953219 ], [ -49.839431361889879, -26.690207462107761 ], [ -49.838560246238153, -26.675834154417348 ], [ -49.855255151373392, -26.654154617823636 ], [ -49.881575894609412, -26.64640842718142 ], [ -49.882185890333695, -26.618613578865347 ], [ -49.895956835256911, -26.602995779346781 ], [ -49.910581472826465, -26.602073779688354 ], [ -49.913492804731824, -26.584923650471151 ], [ -49.931160458589488, -26.572575775441763 ], [ -49.954765008633245, -26.568871564980704 ], [ -49.955997805466666, -26.544733643589794 ], [ -49.994564167546613, -26.506166250724586 ], [ -50.017533958210954, -26.502839547712206 ], [ -50.031786395684058, -26.519194688882958 ], [ -50.091072706169186, -26.524000781958687 ], [ -50.107068432006791, -26.516721300131117 ], [ -50.125206231792355, -26.524159207169472 ], [ -50.131337397465053, -26.549729804007885 ], [ -50.118657709253846, -26.563867057844242 ], [ -50.127724093379392, -26.580073029961309 ], [ -50.12531920187223, -26.591850059434144 ], [ -50.131138476091131, -26.596930444028942 ], [ -50.128633242470912, -26.601935236407979 ], [ -50.119484682082131, -26.603507029858854 ], [ -50.124249900529648, -26.608468705855259 ], [ -50.112950748776214, -26.616331785609834 ], [ -50.110347433355614, -26.632478159268466 ], [ -50.120826182300974, -26.630722061630593 ], [ -50.130333068800276, -26.644996245847654 ], [ -50.132369605050982, -26.676225507391337 ], [ -50.113011672723424, -26.710292200976596 ], [ -50.121129512085382, -26.736679435009648 ], [ -50.107014451242414, -26.756808123946481 ], [ -50.105872935849135, -26.79149793342026 ], [ -50.085991339473637, -26.809942057621662 ], [ -50.101195217558534, -26.817591559604185 ], [ -50.142633306351357, -26.795053939069842 ], [ -50.156888876198991, -26.798183306399718 ], [ -50.16397606055893, -26.790436483310835 ], [ -50.199474617617454, -26.813710153038848 ], [ -50.219885589961052, -26.814570083663892 ], [ -50.254481162025783, -26.863071979200043 ], [ -50.281293374062116, -26.836071288259642 ], [ -50.328247573265813, -26.83808761032147 ], [ -50.343136470808631, -26.820543232928536 ], [ -50.334343228435806, -26.795809504508462 ], [ -50.336753941880758, -26.777942125446934 ], [ -50.31999263845983, -26.772254927253648 ], [ -50.319418950395701, -26.76747381619397 ], [ -50.326280720667157, -26.761618171136082 ], [ -50.351106648560602, -26.761517202954391 ], [ -50.354879405016639, -26.749699160623599 ], [ -50.346845609057631, -26.742949276637788 ], [ -50.353272611879454, -26.737098132845194 ], [ -50.385875006393164, -26.739121351784103 ], [ -50.405222107921418, -26.732940210824101 ], [ -50.407991378147841, -26.72744497181095 ], [ -50.41400244724673, -26.729231800845657 ], [ -50.432517082295938, -26.714252182188076 ], [ -50.471966760594434, -26.700267174036338 ], [ -50.469540919521272, -26.662781623693757 ], [ -50.492614770226332, -26.648039470294393 ], [ -50.493713516401911, -26.642730788526826 ], [ -50.507528707382541, -26.636161200909861 ], [ -50.514613621762166, -26.640199575213007 ], [ -50.531431442935506, -26.608317004557151 ], [ -50.578857274860979, -26.603340622111428 ], [ -50.564609748642496, -26.592650709557844 ], [ -50.597837546008215, -26.567910051197295 ], [ -50.604364178895459, -26.542246139920859 ], [ -50.630746048558478, -26.533605478734049 ], [ -50.640900532475882, -26.513019309611671 ], [ -50.654724765948686, -26.512717490779931 ], [ -50.668001452770312, -26.49888995551483 ], [ -50.698896455019259, -26.500394789422771 ], [ -50.739644249332812, -26.524747913689247 ], [ -50.786033945299749, -26.507729394701595 ], [ -50.801355572861922, -26.508693565160115 ], [ -50.825116254624518, -26.548137409716574 ], [ -50.855995794090937, -26.560593216667655 ], [ -50.902302097619454, -26.556341808338427 ], [ -50.914895718276689, -26.546279225359172 ], [ -50.92116993948391, -26.55259054315567 ], [ -50.94238536534742, -26.550329291388561 ], [ -50.961257507180228, -26.523192177115867 ], [ -50.971829443031055, -26.52299591118414 ], [ -51.009321592557612, -26.495167226641364 ], [ -51.005174251633534, -26.484717459423379 ], [ -50.995398664026062, -26.481292586046365 ], [ -50.99720090300162, -26.465061683458238 ], [ -51.007515192321769, -26.45915437109166 ], [ -50.97820363611347, -26.442716641374062 ], [ -50.980503017406853, -26.427883629143274 ], [ -50.968520173114818, -26.425955863497762 ], [ -50.985400454975512, -26.405215775406404 ], [ -51.027475988247424, -26.405578386312769 ], [ -51.042261459963946, -26.395217380261119 ], [ -51.052795297851276, -26.400562088972912 ], [ -51.057924930170934, -26.396451685530582 ], [ -51.063376136902889, -26.402129233102002 ], [ -51.089283387216788, -26.391374195856596 ], [ -51.114472367839959, -26.390926011955532 ], [ -51.19016041785563, -26.452140839534355 ], [ -51.202104946981045, -26.4427725323904 ], [ -51.202763763057732, -26.426569341152788 ], [ -51.258169093451336, -26.400455399142896 ], [ -51.270356949822656, -26.386901446098637 ] ] ] } },
{ "type": "Feature", "properties": { "fecam": "Amplasc" }, "geometry": { "type": "Polygon", "coordinates": [ [ [ -51.631016620889213, -27.482020341550623 ], [ -51.61933933902246, -27.47863848530254 ], [ -51.609664788850381, -27.488064954017162 ], [ -51.601141635440115, -27.487067665792164 ], [ -51.592184302533191, -27.474843586101553 ], [ -51.582289914297903, -27.475398796429964 ], [ -51.574156193042207, -27.463545194505798 ], [ -51.56223409512188, -27.460172708497595 ], [ -51.554286847287088, -27.383314129745479 ], [ -51.533905517857036, -27.374801922029604 ], [ -51.554205666196708, -27.336909135986932 ], [ -51.56494899530194, -27.328846161801053 ], [ -51.612019036148979, -27.327356354492206 ], [ -51.590057996791074, -27.291189033425372 ], [ -51.577565107673877, -27.309455227765238 ], [ -51.563592596682078, -27.296830336753832 ], [ -51.563210316087925, -27.274175144193777 ], [ -51.539585108060727, -27.282493500843753 ], [ -51.53202888738317, -27.299186086470144 ], [ -51.521823973331237, -27.301257648202089 ], [ -51.529270740034505, -27.314334073007348 ], [ -51.514431257987837, -27.316265262293204 ], [ -51.499523552496221, -27.305990257131675 ], [ -51.488067688865584, -27.309965886281994 ], [ -51.485861640536591, -27.327978087510751 ], [ -51.468603088267422, -27.33180596530978 ], [ -51.459965540224822, -27.341420557184268 ], [ -51.444400451839542, -27.320022238338524 ], [ -51.439370877504345, -27.32204853912036 ], [ -51.437938874732147, -27.31618431833089 ], [ -51.4252372139578, -27.318476795950787 ], [ -51.421658658500043, -27.311990080847171 ], [ -51.413441281177832, -27.315716945482851 ], [ -51.416856717009459, -27.322473476859571 ], [ -51.410109275623206, -27.329862521064008 ], [ -51.390908032452003, -27.331558616602848 ], [ -51.389599167292047, -27.315862168822918 ], [ -51.384429231453169, -27.324672392005702 ], [ -51.371818647961994, -27.32321080874561 ], [ -51.370519861102032, -27.343262212055475 ], [ -51.359708779480535, -27.340748667990269 ], [ -51.3618311562944, -27.334995553458189 ], [ -51.354494658702265, -27.324032109800918 ], [ -51.344590735481759, -27.331121931860526 ], [ -51.339419719570337, -27.326167870824101 ], [ -51.324579551515491, -27.330875849819204 ], [ -51.330376650640048, -27.340255883828558 ], [ -51.324138488572814, -27.344147893104843 ], [ -51.323132095523491, -27.337817142520368 ], [ -51.310882097176354, -27.339138744972367 ], [ -51.312852308131063, -27.331122877841466 ], [ -51.299788825128246, -27.332202003459326 ], [ -51.291788026021045, -27.324690656195969 ], [ -51.316551880018906, -27.315334072626278 ], [ -51.30475907209815, -27.307937902754208 ], [ -51.306618686318707, -27.297451547629294 ], [ -51.300904408451004, -27.289662634112627 ], [ -51.326651597864377, -27.258627861430469 ], [ -51.313272307697304, -27.251986400341554 ], [ -51.313649477319416, -27.240791905955916 ], [ -51.283200814062525, -27.21278332321679 ], [ -51.257533668044687, -27.233515590135312 ], [ -51.220957066031353, -27.236107625401043 ], [ -51.209630256331778, -27.260169358343539 ], [ -51.158786383169215, -27.286570854556679 ], [ -51.14362896890173, -27.269822958858285 ], [ -51.1445489733199, -27.261011790428867 ], [ -51.120974136013281, -27.253770831629264 ], [ -51.11263404324621, -27.238999547198912 ], [ -51.080746888664287, -27.253570728108521 ], [ -51.0372509706797, -27.236801157398936 ], [ -51.025864318036838, -27.220530077147462 ], [ -51.025855591661283, -27.195040934002268 ], [ -51.010584434521263, -27.174006280158522 ], [ -50.960680734047642, -27.154576277207703 ], [ -50.929794908184306, -27.118935438874928 ], [ -50.880412139914704, -27.126637165804407 ], [ -50.874955967230882, -27.149027528697793 ], [ -50.862302154934476, -27.157990477102551 ], [ -50.846459362778219, -27.157468632058059 ], [ -50.844636018003847, -27.184458988814328 ], [ -50.817513320761982, -27.208624121916088 ], [ -50.821510348998473, -27.228158728904056 ], [ -50.80824654603569, -27.230529488693904 ], [ -50.809583585522908, -27.238666893159419 ], [ -50.787629576338325, -27.250939288186757 ], [ -50.796649050286121, -27.261604740970494 ], [ -50.776746483491287, -27.2676539481016 ], [ -50.778070046107779, -27.294082480577242 ], [ -50.750496875657696, -27.322420981559461 ], [ -50.761671961351375, -27.349607086638024 ], [ -50.736825212137845, -27.352873205582817 ], [ -50.758188778745627, -27.365785302493766 ], [ -50.756346104764489, -27.389046355159181 ], [ -50.76921260591137, -27.403072023336787 ], [ -50.754403456837139, -27.422851485072965 ], [ -50.771008790156223, -27.442434535172907 ], [ -50.784055736011489, -27.429676060650543 ], [ -50.79079105381242, -27.430294681363389 ], [ -50.781223666689236, -27.452247791621527 ], [ -50.786428501687297, -27.459656201371093 ], [ -50.80485541428358, -27.457272027932589 ], [ -50.80920472085203, -27.469904426856662 ], [ -50.821824971255076, -27.453248533021792 ], [ -50.826567523927423, -27.454288985377726 ], [ -50.832358495278825, -27.475599402643056 ], [ -50.805647239180175, -27.483114365427564 ], [ -50.801695079240027, -27.494356914814016 ], [ -50.825127245551485, -27.503399202419981 ], [ -50.832646171767244, -27.515940568344902 ], [ -50.851355378112622, -27.511118100358914 ], [ -50.865914394270987, -27.531492323467521 ], [ -50.860696677846512, -27.54390841158164 ], [ -50.872835987042905, -27.545566569829148 ], [ -50.886064075361745, -27.538106693426261 ], [ -50.896347957849116, -27.561410792837453 ], [ -50.903530115105866, -27.55334728489953 ], [ -50.902383090697036, -27.539388308303266 ], [ -50.907785076507977, -27.536041155849929 ], [ -50.912431000494848, -27.557669769168523 ], [ -50.919264992401544, -27.560916771465571 ], [ -50.949604193787806, -27.551106131215924 ], [ -50.957007163830056, -27.55417315501186 ], [ -50.931748078794115, -27.577240595542989 ], [ -50.967488055197222, -27.571312394828933 ], [ -50.97002265189861, -27.578449431222314 ], [ -50.954961817241845, -27.597395388638354 ], [ -50.992448200200798, -27.61093143365796 ], [ -50.990178573214571, -27.620742913027001 ], [ -50.958866249749448, -27.645084329246622 ], [ -50.975461798125195, -27.660433761828031 ], [ -51.004208843187747, -27.663862346209601 ], [ -50.994087585012579, -27.645242936235402 ], [ -51.000743587235078, -27.639013041255392 ], [ -51.046266806984676, -27.640124622033305 ], [ -51.044395215582135, -27.652866994225182 ], [ -51.068512785749434, -27.646403386369332 ], [ -51.085972584304372, -27.655742518121663 ], [ -51.086476407331666, -27.630602297935461 ], [ -51.102599751425032, -27.633771101861644 ], [ -51.141315854246386, -27.613873698103763 ], [ -51.166720796433864, -27.626047705440147 ], [ -51.18574912781655, -27.614865765674356 ], [ -51.177971138295561, -27.595420732172755 ], [ -51.193231823536323, -27.594117122556845 ], [ -51.200754636436372, -27.613779893406232 ], [ -51.212621906039722, -27.622081162369977 ], [ -51.207129183017905, -27.634723158112639 ], [ -51.198159362711834, -27.63699277503186 ], [ -51.193688477432708, -27.658363071420268 ], [ -51.210563867749862, -27.671237188813098 ], [ -51.22257099682156, -27.723185725506035 ], [ -51.236320776924373, -27.720836228117481 ], [ -51.264324759940529, -27.738785268110799 ], [ -51.276489124834384, -27.724089543218284 ], [ -51.309297944936738, -27.719069789723118 ], [ -51.302680710833116, -27.702860868316193 ], [ -51.31264238571945, -27.69326740008886 ], [ -51.316237891384233, -27.674907731120232 ], [ -51.330996983974103, -27.671118265971643 ], [ -51.352856326745815, -27.680124975254934 ], [ -51.370278786235374, -27.672124175117688 ], [ -51.377930983066499, -27.660022839464574 ], [ -51.370592867911007, -27.636939807275748 ], [ -51.380860937229976, -27.626108582751922 ], [ -51.401541662301014, -27.629724952101014 ], [ -51.415452810271667, -27.652141535843324 ], [ -51.432363179021742, -27.655601908133601 ], [ -51.437029735179237, -27.629412256187713 ], [ -51.45733074950261, -27.607518485138467 ], [ -51.476760146716245, -27.598772861245713 ], [ -51.477836901494392, -27.571527999397368 ], [ -51.486854810771348, -27.561194724747587 ], [ -51.545676011174692, -27.55925997312821 ], [ -51.560857179944989, -27.58307883079674 ], [ -51.579475564734992, -27.575953628375405 ], [ -51.587378841105149, -27.565625171819477 ], [ -51.578019684952935, -27.531118894272876 ], [ -51.583699336539887, -27.523674808609101 ], [ -51.61498544177126, -27.545385342594219 ], [ -51.629882178423571, -27.542859037284746 ], [ -51.619715970682314, -27.500622294769396 ], [ -51.631016620889213, -27.482020341550623 ] ] ] } },
{ "type": "Feature", "properties": { "fecam": "Amrec" }, "geometry": { "type": "Polygon", "coordinates": [ [ [ -49.712321674762727, -28.664527308121073 ], [ -49.710174927391201, -28.640360143219144 ], [ -49.704136776980896, -28.630029532685516 ], [ -49.670290262796563, -28.61456478151824 ], [ -49.666226131889402, -28.602626093182423 ], [ -49.6531902364122, -28.599653701149762 ], [ -49.646176203506776, -28.589422831560999 ], [ -49.648421171061571, -28.567832404151446 ], [ -49.656067023383969, -28.565472781804825 ], [ -49.645179588386576, -28.542277214876009 ], [ -49.614977166883776, -28.530420450836676 ], [ -49.590338127578619, -28.500317418861702 ], [ -49.568526907538264, -28.502377349682881 ], [ -49.554348943951823, -28.494723369965818 ], [ -49.549027594906768, -28.48548165721655 ], [ -49.562650372244391, -28.467802459969768 ], [ -49.54629332236626, -28.443107745330025 ], [ -49.560868627826615, -28.435301462902192 ], [ -49.55803358107692, -28.425712647137271 ], [ -49.567097937946812, -28.414003544286778 ], [ -49.550788854895174, -28.404246771040953 ], [ -49.545491984421872, -28.386212906522509 ], [ -49.558828943972003, -28.372638922896748 ], [ -49.55075330744129, -28.366800730910224 ], [ -49.551223157873451, -28.352960020485494 ], [ -49.544074210713283, -28.349781095569217 ], [ -49.545999057157147, -28.34504982177701 ], [ -49.534816142046388, -28.332036100287795 ], [ -49.533903849864799, -28.308278594862998 ], [ -49.52603499731466, -28.306104358855688 ], [ -49.526865962047182, -28.284564307391339 ], [ -49.519347777048068, -28.273654760283637 ], [ -49.534127715628678, -28.266164532598911 ], [ -49.548399303427388, -28.272809660609099 ], [ -49.542634154465695, -28.258353196940046 ], [ -49.534755311969221, -28.252627287171332 ], [ -49.541433082595425, -28.247272129225479 ], [ -49.539725177725067, -28.241559061961485 ], [ -49.549979618032559, -28.239654812685977 ], [ -49.531802065283792, -28.225970814962373 ], [ -49.535244455808595, -28.218932055094594 ], [ -49.528833305969172, -28.211341389792857 ], [ -49.532543144913255, -28.207428832642155 ], [ -49.531018965871063, -28.187788187931357 ], [ -49.514735849212229, -28.175147652319612 ], [ -49.517008060570838, -28.170503419396582 ], [ -49.510226680961779, -28.167064843873973 ], [ -49.510550924682107, -28.155060173450835 ], [ -49.490888060640174, -28.145666373254755 ], [ -49.487242567346115, -28.127939565775002 ], [ -49.470746927694549, -28.126555239520393 ], [ -49.473387084156919, -28.135112403672821 ], [ -49.461086859723501, -28.139345985210532 ], [ -49.440359221966247, -28.132774895749193 ], [ -49.429786010298024, -28.150006514645593 ], [ -49.414030392237784, -28.148976428998207 ], [ -49.39783439955383, -28.158250391172242 ], [ -49.395441945109681, -28.193746941754668 ], [ -49.348902970233908, -28.23819802165778 ], [ -49.315330716163132, -28.241770738255575 ], [ -49.302124231493245, -28.252187689127169 ], [ -49.278248381467421, -28.245736746154758 ], [ -49.232515909152937, -28.256266900185054 ], [ -49.205276218375417, -28.273330963674816 ], [ -49.200226600976301, -28.288458147622197 ], [ -49.217602117299691, -28.289381797359379 ], [ -49.223107922581704, -28.296279819661223 ], [ -49.215128764772203, -28.301404106658435 ], [ -49.211583376396817, -28.328723878719249 ], [ -49.21971168923583, -28.341977419615354 ], [ -49.214436350423803, -28.361143936569139 ], [ -49.225317833381894, -28.370757692233362 ], [ -49.21554193047286, -28.387358337473572 ], [ -49.197437522831208, -28.379601688248471 ], [ -49.189775108991967, -28.389354278584101 ], [ -49.209920455963918, -28.401621567310173 ], [ -49.196104853253466, -28.4237286247409 ], [ -49.214381106038289, -28.433738154014492 ], [ -49.221143838910045, -28.431637350362561 ], [ -49.234465857937813, -28.447243667938075 ], [ -49.233695190449367, -28.456206152986002 ], [ -49.254486101350011, -28.462577241556527 ], [ -49.256614695762984, -28.474114599912486 ], [ -49.278893617954701, -28.484602751920747 ], [ -49.289606542497111, -28.50378584681884 ], [ -49.266584120066497, -28.532412233349461 ], [ -49.251486148959842, -28.536465340497603 ], [ -49.256429988626572, -28.553194230070126 ], [ -49.249857744584006, -28.567303175920461 ], [ -49.259313702570452, -28.578089397044216 ], [ -49.252660091257312, -28.588785722033052 ], [ -49.242611532030239, -28.589417286086761 ], [ -49.203957288006947, -28.614261169958567 ], [ -49.196370081832654, -28.634158547989667 ], [ -49.174786438614866, -28.645308201387159 ], [ -49.177526670268612, -28.727267854147254 ], [ -49.201388370482107, -28.746272287898531 ], [ -49.195333796213873, -28.756521595042685 ], [ -49.206888247483285, -28.76417432168563 ], [ -49.206775595605222, -28.78666290609765 ], [ -49.18860334899535, -28.803899836336555 ], [ -49.289099128189847, -28.882474788535362 ], [ -49.351555372895099, -28.85513908591598 ], [ -49.424540057898938, -28.81526999425196 ], [ -49.431998266873698, -28.827093210260642 ], [ -49.446299618655146, -28.830148343385346 ], [ -49.445845734466523, -28.841166386051167 ], [ -49.453976322928142, -28.845931664224082 ], [ -49.486764160054179, -28.844267059771912 ], [ -49.489071358040434, -28.850177765272978 ], [ -49.504347110905499, -28.849177083382088 ], [ -49.506789159444544, -28.856890797944526 ], [ -49.516980423038511, -28.857783451446906 ], [ -49.534747260271757, -28.829855054823454 ], [ -49.543979361671404, -28.829437005408217 ], [ -49.572806928365466, -28.803577202628954 ], [ -49.595427116824006, -28.802033058016928 ], [ -49.595564315739196, -28.775785601163467 ], [ -49.60509326216404, -28.752811063089666 ], [ -49.627338260592218, -28.751102426463316 ], [ -49.635253875116845, -28.760373104762017 ], [ -49.648408319201067, -28.74779735655807 ], [ -49.670749829086596, -28.753447169598211 ], [ -49.682096913017546, -28.737505055986585 ], [ -49.673459835384989, -28.728058827507311 ], [ -49.674163988212193, -28.701020182356341 ], [ -49.712321674762727, -28.664527308121073 ] ], [ [ -49.538949454413782, -28.431945647801427 ], [ -49.539243875460784, -28.436405718838035 ], [ -49.534529025768954, -28.436503125133576 ], [ -49.534613941343046, -28.431978810368882 ], [ -49.538949454413782, -28.431945647801427 ] ] ] } },
{ "type": "Feature", "properties": { "fecam": "Amunesc" }, "geometry": { "type": "MultiPolygon", "coordinates": [ [ [ [ -48.486005619175742, -26.16405381367732 ], [ -48.482734528662746, -26.164912957750346 ], [ -48.48039105941298, -26.164750396780658 ], [ -48.482352381143173, -26.166656882222629 ], [ -48.486005619175742, -26.16405381367732 ] ] ], [ [ [ -48.477907455467573, -26.164787888979834 ], [ -48.478050393465082, -26.163255014560765 ], [ -48.477933683606665, -26.163366941473544 ], [ -48.477907455467573, -26.164787888979834 ] ] ], [ [ [ -48.476238480911562, -26.166942517570231 ], [ -48.475898865395948, -26.166893894022891 ], [ -48.475838894224033, -26.167235299379083 ], [ -48.476238480911562, -26.166942517570231 ] ] ], [ [ [ -48.487000297339584, -26.184837648042414 ], [ -48.485836579252812, -26.175468074560811 ], [ -48.481321173799053, -26.179842948175089 ], [ -48.487000297339584, -26.184837648042414 ] ] ], [ [ [ -48.49319508920334, -26.202772390716248 ], [ -48.493248494194297, -26.202224537713068 ], [ -48.49126413718016, -26.201576189359812 ], [ -48.49319508920334, -26.202772390716248 ] ] ], [ [ [ -49.761920695697022, -26.460725632808256 ], [ -49.750609582388606, -26.45682034730077 ], [ -49.744043665500591, -26.445337268564078 ], [ -49.747322444931839, -26.433988461932827 ], [ -49.729777977855967, -26.41717118481241 ], [ -49.725329271699849, -26.424963688900565 ], [ -49.708770942154537, -26.406467128769968 ], [ -49.697618243357695, -26.406103866229063 ], [ -49.690171764871188, -26.388003056831991 ], [ -49.676383689563046, -26.392536682122355 ], [ -49.665237911993707, -26.378984259670151 ], [ -49.638738035755239, -26.373240141232035 ], [ -49.641660505485824, -26.364209815270939 ], [ -49.65030409585426, -26.365642475285163 ], [ -49.652548552612743, -26.350990593497059 ], [ -49.640644281980251, -26.341324289118191 ], [ -49.627679793028712, -26.343032393933072 ], [ -49.625405169629865, -26.330079788649272 ], [ -49.616251253669823, -26.330289719969024 ], [ -49.621616450288137, -26.320222654031632 ], [ -49.614979024030681, -26.312315503673155 ], [ -49.633883879788286, -26.30526245538876 ], [ -49.62995802150035, -26.291557105631739 ], [ -49.633122043255085, -26.288053409359332 ], [ -49.621800817045489, -26.279842217144505 ], [ -49.626903799980028, -26.271778073036003 ], [ -49.617253706830475, -26.252638942117763 ], [ -49.622463464667177, -26.242908179131259 ], [ -49.615848519305771, -26.240257105934486 ], [ -49.617683054423694, -26.234701862555927 ], [ -49.611817860078631, -26.225954316778839 ], [ -49.600591527381837, -26.228140379069774 ], [ -49.587899957163138, -26.217044135880613 ], [ -49.590217864540065, -26.228455249448807 ], [ -49.584261655683456, -26.230078251196812 ], [ -49.578483079816621, -26.2135565311299 ], [ -49.5668677511784, -26.233317030487402 ], [ -49.555458526400251, -26.236824545213118 ], [ -49.548521990205415, -26.230061478261799 ], [ -49.55196187319617, -26.225134232372188 ], [ -49.538700750981029, -26.227634751881904 ], [ -49.537651467883826, -26.212824760155247 ], [ -49.520814323849621, -26.225755868375295 ], [ -49.512179222625008, -26.22111959015745 ], [ -49.503455275854918, -26.225388286745357 ], [ -49.491933328933136, -26.214152842571288 ], [ -49.499952475636299, -26.203140022135194 ], [ -49.489437344532917, -26.197140218487057 ], [ -49.487209633652455, -26.180452926950728 ], [ -49.478008081942413, -26.185203604574482 ], [ -49.464988043794968, -26.173958717282598 ], [ -49.460927988542601, -26.162301012595716 ], [ -49.433927961621166, -26.170223629988783 ], [ -49.417846987566193, -26.164942625329363 ], [ -49.416493256967719, -26.15306339156086 ], [ -49.409397509438371, -26.159983946413814 ], [ -49.400369700408014, -26.150509555435249 ], [ -49.389686003177552, -26.159900228167949 ], [ -49.370778843372321, -26.155747554815644 ], [ -49.360845293313595, -26.137093111004919 ], [ -49.335847950768553, -26.126201146547288 ], [ -49.321702851220529, -26.109984004101623 ], [ -49.303906150759808, -26.112791119150362 ], [ -49.299946411893195, -26.103929638250278 ], [ -49.290777882961542, -26.102193357842381 ], [ -49.293408954258375, -26.082385563819994 ], [ -49.267529800279341, -26.080241422096709 ], [ -49.266747927747687, -26.066881364213586 ], [ -49.256143244561457, -26.066575796970895 ], [ -49.254118895208052, -26.050579743944802 ], [ -49.237775268079822, -26.038016637082844 ], [ -49.238345407457629, -26.031019180811189 ], [ -49.212213223592073, -26.025524615931577 ], [ -49.209658475000062, -26.01774220833337 ], [ -49.180646260861955, -26.008462707764 ], [ -49.174958423706393, -26.000059318096966 ], [ -49.141631674928597, -26.015102982327978 ], [ -49.125793516544952, -25.996135596758641 ], [ -49.113383167161068, -26.004129886795866 ], [ -49.107049431380013, -25.998847992526763 ], [ -49.097473759466929, -26.009833913180334 ], [ -49.071708184763025, -26.000398933404998 ], [ -49.054997861138631, -26.019130023546499 ], [ -49.04128652645521, -26.004010113824723 ], [ -49.007121660236464, -26.015832603219799 ], [ -48.984749704625713, -26.00462648500049 ], [ -48.979437180370859, -25.988918202677436 ], [ -48.960474075502738, -25.980803494322259 ], [ -48.682343132033097, -25.983662093811706 ], [ -48.647476657094167, -25.956576204775811 ], [ -48.638109800980281, -25.960685680699847 ], [ -48.63387325090217, -25.976252256375023 ], [ -48.621547138134908, -25.974298094334067 ], [ -48.619697280273961, -25.982306572603054 ], [ -48.594129062512316, -25.977317644814619 ], [ -48.610189830264531, -26.062763958674722 ], [ -48.60255636856926, -26.071733169922094 ], [ -48.600180915300598, -26.118667788191519 ], [ -48.588920601923157, -26.154023936803082 ], [ -48.568678487165975, -26.167828727782435 ], [ -48.546568452495073, -26.170963548296157 ], [ -48.527647706304649, -26.163826808724135 ], [ -48.519717585965005, -26.218969313062075 ], [ -48.506269119494867, -26.226033799004806 ], [ -48.493020466159791, -26.218349399853629 ], [ -48.59010216757855, -26.402228490454807 ], [ -48.599382900132412, -26.432098575598744 ], [ -48.59355321030008, -26.45307461595586 ], [ -48.626715915064686, -26.498657015931489 ], [ -48.664838536391237, -26.580925643966889 ], [ -48.688917267522015, -26.572580095292668 ], [ -48.706729791344436, -26.597156797901853 ], [ -48.723365694879881, -26.598173946933162 ], [ -48.730639682401275, -26.571313169248398 ], [ -48.757109872270199, -26.536434032852252 ], [ -48.810861120541226, -26.51428241186704 ], [ -48.814305329149441, -26.51937568011628 ], [ -48.826865154256843, -26.516600057387368 ], [ -48.832842127972803, -26.524258798959604 ], [ -48.829789146654804, -26.529982414981237 ], [ -48.849217871727149, -26.528193811100184 ], [ -48.85734591547984, -26.540932546447554 ], [ -48.86452736996295, -26.540380362118675 ], [ -48.908496485430817, -26.496603049031947 ], [ -48.895212388661477, -26.477290934245584 ], [ -48.881172433462815, -26.476251159782663 ], [ -48.881686677612535, -26.457804169102566 ], [ -48.871700158033065, -26.456013948341692 ], [ -48.87499488613367, -26.4488683580981 ], [ -48.83860999545999, -26.438283044264921 ], [ -48.877000849337044, -26.380782082618524 ], [ -48.90589207772247, -26.373640728754751 ], [ -48.922144888002826, -26.379600810640724 ], [ -48.924282148127084, -26.416132731697282 ], [ -48.930498570354921, -26.421204715185265 ], [ -48.974822216120806, -26.395413176579382 ], [ -49.002932342404932, -26.389775621573037 ], [ -49.003964735588234, -26.367747849794739 ], [ -49.020741685471698, -26.350505350728959 ], [ -49.012178329860106, -26.326397906205049 ], [ -49.000300447258049, -26.312489237344298 ], [ -49.026392746022459, -26.307313867079507 ], [ -49.03518082291977, -26.314086700463918 ], [ -49.045964054401367, -26.307125786258574 ], [ -49.063315584643966, -26.312705580575351 ], [ -49.048539680489839, -26.282902782087753 ], [ -49.050637080481089, -26.279004540612242 ], [ -49.057881612708876, -26.280156266612885 ], [ -49.062199755854763, -26.296604022512067 ], [ -49.082488679297875, -26.296331353529194 ], [ -49.085893008083765, -26.320350884900854 ], [ -49.095173767769758, -26.330012000643894 ], [ -49.106905886189416, -26.317578230124344 ], [ -49.106790717228719, -26.298362297944848 ], [ -49.139828267617531, -26.317271115740994 ], [ -49.143578844163287, -26.303884178224095 ], [ -49.155406717531704, -26.301340783859537 ], [ -49.164340247902139, -26.272389844365879 ], [ -49.175681504676085, -26.265049555502056 ], [ -49.172625619359707, -26.218290423438361 ], [ -49.19967934852265, -26.220107233245322 ], [ -49.205685114850525, -26.229915708459405 ], [ -49.226309908359667, -26.234391906047485 ], [ -49.228062059686806, -26.267801519466992 ], [ -49.234855124654509, -26.270941398472335 ], [ -49.168954178000263, -26.307977097233717 ], [ -49.180081633588323, -26.312170556411616 ], [ -49.186756246632569, -26.334247934267214 ], [ -49.175903089400073, -26.365612560655975 ], [ -49.195705653456315, -26.37129355265186 ], [ -49.20168402202588, -26.38276612536432 ], [ -49.220740809776679, -26.386519617537697 ], [ -49.230961559505779, -26.397110990857758 ], [ -49.275138017254363, -26.388727330353262 ], [ -49.280776426203126, -26.376415437582239 ], [ -49.299039244509238, -26.37431659602488 ], [ -49.303050779113583, -26.368445988781477 ], [ -49.323874318281476, -26.374717960961995 ], [ -49.320800394047723, -26.385898906808873 ], [ -49.327829299164485, -26.387617499244211 ], [ -49.356777732843796, -26.376658324985691 ], [ -49.363775591084128, -26.360564622989017 ], [ -49.401218430694833, -26.349029386006343 ], [ -49.436322346566101, -26.372199149247542 ], [ -49.444685552668751, -26.426393048440445 ], [ -49.479769637054446, -26.421746274558782 ], [ -49.495146185667743, -26.429076060861888 ], [ -49.492249856792107, -26.439665802152948 ], [ -49.471281798633783, -26.454663702121803 ], [ -49.46615520494224, -26.471816765767247 ], [ -49.444102435197088, -26.49254903654213 ], [ -49.452926717055014, -26.502171452038752 ], [ -49.49187047874446, -26.508411127626669 ], [ -49.5189138778792, -26.52500491013809 ], [ -49.549385118988084, -26.525632603873433 ], [ -49.564599928347697, -26.566020759741356 ], [ -49.582320682201555, -26.584713991881262 ], [ -49.585726556602751, -26.624584574516039 ], [ -49.618490565272097, -26.64335375716022 ], [ -49.617600435786919, -26.703760398378186 ], [ -49.641190006230964, -26.69165383869603 ], [ -49.691946393086084, -26.689363662258422 ], [ -49.707976756117034, -26.650001520958469 ], [ -49.700262850615339, -26.635641884714836 ], [ -49.678826030436518, -26.625417993852409 ], [ -49.686259603809539, -26.615949116890047 ], [ -49.686258599860736, -26.586134934888346 ], [ -49.694156806653112, -26.572801391069174 ], [ -49.706691685683346, -26.571823177914929 ], [ -49.73263022267944, -26.55021142731319 ], [ -49.735921148021788, -26.519388255665046 ], [ -49.757643649659443, -26.494934670100335 ], [ -49.761435500472814, -26.479773815066693 ], [ -49.760056155052759, -26.470617879293702 ], [ -49.754422396375595, -26.466807290779208 ], [ -49.761920695697022, -26.460725632808256 ] ], [ [ -48.959781722888842, -25.990510426666891 ], [ -48.954925646507249, -25.9917595891283 ], [ -48.953186656746738, -25.987945432271786 ], [ -48.958856368839641, -25.984379995425392 ], [ -48.959781722888842, -25.990510426666891 ] ], [ [ -49.045257501660046, -26.278334801449567 ], [ -49.030509332754505, -26.27377504508485 ], [ -49.032574680553076, -26.264182128608766 ], [ -49.046040384873933, -26.272022943042359 ], [ -49.045257501660046, -26.278334801449567 ] ], [ [ -49.637703168713628, -26.371621492463504 ], [ -49.633134966436025, -26.375697833760945 ], [ -49.633339408925075, -26.37144059254739 ], [ -49.637703168713628, -26.371621492463504 ] ] ], [ [ [ -48.59122049605763, -25.97748513934873 ], [ -48.591728524506031, -25.976774688117022 ], [ -48.5908021079251, -25.976079886439042 ], [ -48.59122049605763, -25.97748513934873 ] ] ], [ [ [ -48.523113472105543, -26.374190727386107 ], [ -48.521270837307824, -26.36828399864747 ], [ -48.520755670462243, -26.372305002748089 ], [ -48.523113472105543, -26.374190727386107 ] ] ], [ [ [ -48.524167585933178, -26.386457298124864 ], [ -48.524902090185549, -26.381167962032784 ], [ -48.523393021031687, -26.380608670308575 ], [ -48.524167585933178, -26.386457298124864 ] ] ], [ [ [ -48.561120505620842, -26.513575028775922 ], [ -48.561677494089558, -26.513319948271455 ], [ -48.561071870681317, -26.513526664656375 ], [ -48.561120505620842, -26.513575028775922 ] ] ], [ [ [ -48.570566978208404, -26.460272027205932 ], [ -48.566981070949865, -26.458144567317536 ], [ -48.566919791699235, -26.458112269126584 ], [ -48.56653688686815, -26.461270052544702 ], [ -48.570566978208404, -26.460272027205932 ] ] ], [ [ [ -48.578759805119368, -26.4616212208667 ], [ -48.583320284886746, -26.459872874560379 ], [ -48.579000031434347, -26.45428202326217 ], [ -48.578759805119368, -26.4616212208667 ] ] ], [ [ [ -48.582067770734724, -26.468223818704061 ], [ -48.580116477975238, -26.468820011328575 ], [ -48.580099855961457, -26.46888616293904 ], [ -48.582067770734724, -26.468223818704061 ] ] ], [ [ [ -48.58453466971384, -26.49807897563694 ], [ -48.584536515608043, -26.497285096772476 ], [ -48.583513160398709, -26.497050515550605 ], [ -48.58453466971384, -26.49807897563694 ] ] ] ] } },
{ "type": "Feature", "properties": { "fecam": "Amurc" }, "geometry": { "type": "Polygon", "coordinates": [ [ [ -50.838653583443197, -27.185812656069292 ], [ -50.824538368830638, -27.171586822349475 ], [ -50.828424268792162, -27.158934703841805 ], [ -50.784264780602037, -27.118235399469903 ], [ -50.735614198787857, -27.120387701230044 ], [ -50.721661842344211, -27.136796508951456 ], [ -50.717085111542033, -27.136672353726073 ], [ -50.707862258219976, -27.119326737256586 ], [ -50.718873441095703, -27.111572117081977 ], [ -50.716703110890961, -27.104535052148979 ], [ -50.690177812351003, -27.094158767874109 ], [ -50.691096264298999, -27.083827746912515 ], [ -50.67011655534295, -27.081027651872279 ], [ -50.67215214014545, -27.069354016427145 ], [ -50.660732122909522, -27.065765107202573 ], [ -50.663701215417845, -27.058657016844105 ], [ -50.650934112419883, -27.041914876882366 ], [ -50.656336430814711, -27.027397756068346 ], [ -50.637408690445788, -27.02841836028184 ], [ -50.631361212330653, -27.009497427609045 ], [ -50.619732963669207, -27.001204406543721 ], [ -50.625146354314936, -26.990157063526723 ], [ -50.606790901811841, -26.992170545564797 ], [ -50.601685810943579, -26.985763506096074 ], [ -50.603555073069295, -26.974503388940441 ], [ -50.613734690059424, -26.975198029323849 ], [ -50.609886166531112, -26.968400248122297 ], [ -50.619140281657849, -26.953656133824982 ], [ -50.59186752469747, -26.928692977705115 ], [ -50.599747267399181, -26.90871556721779 ], [ -50.590285068614882, -26.891815212948046 ], [ -50.584861676366486, -26.890472812931591 ], [ -50.588447902641832, -26.874493200458602 ], [ -50.57972896517299, -26.869452668385438 ], [ -50.588365563010491, -26.863604625697135 ], [ -50.575855370622129, -26.844302027950341 ], [ -50.565115388506726, -26.844842317565309 ], [ -50.552879008129274, -26.828584534260145 ], [ -50.541417327303058, -26.834261156566104 ], [ -50.519944825910059, -26.8217456813769 ], [ -50.511756176473774, -26.825893366490835 ], [ -50.490744746066873, -26.818854495482725 ], [ -50.506320855323942, -26.807819802017985 ], [ -50.527278142102979, -26.778667009711199 ], [ -50.500893624466173, -26.77119893600986 ], [ -50.494448117965582, -26.7601134679736 ], [ -50.516441809023569, -26.715410158618514 ], [ -50.507412716694311, -26.698493898926941 ], [ -50.512937927822186, -26.695022204704483 ], [ -50.512672848066401, -26.681573558296815 ], [ -50.492728045449823, -26.648300604120355 ], [ -50.468464192446717, -26.6633996827773 ], [ -50.470626212345366, -26.700865157553466 ], [ -50.414223638754073, -26.728750338513542 ], [ -50.407465462876075, -26.724107669189362 ], [ -50.403647345699646, -26.733453582790968 ], [ -50.386264120798188, -26.739054090999652 ], [ -50.345477705393783, -26.742031551218666 ], [ -50.354339810516436, -26.750054475510126 ], [ -50.351029394252514, -26.760675356375227 ], [ -50.325653680266932, -26.761569423332368 ], [ -50.314961881104303, -26.772634102324524 ], [ -50.336694371227551, -26.77897612047499 ], [ -50.340201628568337, -26.828326967118716 ], [ -50.327624395838917, -26.838045282898438 ], [ -50.280403264111882, -26.83608790290932 ], [ -50.269255508752615, -26.853879666291274 ], [ -50.254303077493411, -26.859147918758744 ], [ -50.276634334834348, -26.875300208448373 ], [ -50.261174194934895, -26.881333691337051 ], [ -50.260602676625048, -26.891617707617293 ], [ -50.271718679122124, -26.903409575850056 ], [ -50.276650694183537, -26.91857048004313 ], [ -50.271487195708573, -26.930397786465559 ], [ -50.294915153202119, -26.972339134567996 ], [ -50.290669386020596, -26.986799429407075 ], [ -50.308119332589271, -26.99305094672523 ], [ -50.307571774827665, -27.010164519560259 ], [ -50.315921639591068, -27.008551094858991 ], [ -50.319281936041655, -27.014830710983762 ], [ -50.313911307782668, -27.033791368090494 ], [ -50.322350322035092, -27.044707478910563 ], [ -50.316647052730396, -27.054069272762913 ], [ -50.32684830697243, -27.061402766414989 ], [ -50.311309092840006, -27.067841653634868 ], [ -50.314376471349796, -27.075257447690685 ], [ -50.327353582149414, -27.073613780419223 ], [ -50.348231115520022, -27.093151923030693 ], [ -50.348702388882991, -27.098603072876706 ], [ -50.34006269765456, -27.102013538091697 ], [ -50.338550363093752, -27.095995244801564 ], [ -50.329515556704898, -27.111478269604927 ], [ -50.320581508144919, -27.112314056591899 ], [ -50.313365991820334, -27.129611632220129 ], [ -50.317829437376062, -27.146439595739118 ], [ -50.303761206674714, -27.152392621931781 ], [ -50.30338634585425, -27.168271298609536 ], [ -50.286630982882102, -27.169341104464412 ], [ -50.292456026947939, -27.177256117517736 ], [ -50.287586209558938, -27.182489614413647 ], [ -50.290134689582615, -27.213802144947586 ], [ -50.270967525798262, -27.210285672465936 ], [ -50.266090755871943, -27.197873801712603 ], [ -50.26444668209448, -27.226291733076728 ], [ -50.217122440788138, -27.247202823853666 ], [ -50.198969204841056, -27.237214745572995 ], [ -50.175262603774691, -27.269221545831282 ], [ -50.189226238943689, -27.277212758819967 ], [ -50.188188314458387, -27.29205812156502 ], [ -50.177943299165705, -27.300134360412127 ], [ -50.185291661724833, -27.323135117140733 ], [ -50.196756999633131, -27.328280167470371 ], [ -50.198379314403738, -27.340834668115384 ], [ -50.207722239789206, -27.346364586027793 ], [ -50.358147863098885, -27.343503512844581 ], [ -50.399658875790486, -27.362145585527813 ], [ -50.428766909505583, -27.366715178914369 ], [ -50.44024109606368, -27.358102781767645 ], [ -50.45145355319162, -27.367751287558573 ], [ -50.462729007562992, -27.367478301020437 ], [ -50.486938894028413, -27.398843641175848 ], [ -50.476657447181225, -27.417120195238308 ], [ -50.486236681460404, -27.434772924394437 ], [ -50.476323580794684, -27.444137718633606 ], [ -50.499003350250696, -27.466719996418043 ], [ -50.513659952282396, -27.457466471905146 ], [ -50.529758407054395, -27.466337422175908 ], [ -50.524054093068798, -27.47535540625239 ], [ -50.526197699722097, -27.491545908742957 ], [ -50.542821684774715, -27.485261031197442 ], [ -50.573605331081041, -27.504488132511629 ], [ -50.575941213597069, -27.485220594191247 ], [ -50.568957011440077, -27.467889636668321 ], [ -50.58333110769221, -27.469295583473286 ], [ -50.595170026650784, -27.460743875282496 ], [ -50.604044781211918, -27.470005637397009 ], [ -50.634719785202826, -27.454357889868749 ], [ -50.639445429024939, -27.457354281228408 ], [ -50.636761986682089, -27.470748498632975 ], [ -50.65088322056706, -27.453829851800325 ], [ -50.669646219673041, -27.470787039761266 ], [ -50.67810772956156, -27.463371345393035 ], [ -50.671037606611613, -27.456205222331402 ], [ -50.674187004355062, -27.441744665707159 ], [ -50.688973069994169, -27.443491579433879 ], [ -50.692094367510542, -27.427137478414068 ], [ -50.700128243444432, -27.429741326316488 ], [ -50.700965164124966, -27.442985552101874 ], [ -50.716386666782412, -27.432803640118465 ], [ -50.714488268352817, -27.450831078761418 ], [ -50.736063397301713, -27.438851138978436 ], [ -50.748862317100716, -27.450176403946635 ], [ -50.753000688565933, -27.430860879837354 ], [ -50.74521418675193, -27.424400936054234 ], [ -50.770277470244366, -27.402756739244634 ], [ -50.756597168073689, -27.388797322952051 ], [ -50.758571941340627, -27.365263233416886 ], [ -50.743680888247823, -27.355785558519752 ], [ -50.745716881184265, -27.352095875220691 ], [ -50.763856572279515, -27.350340407053647 ], [ -50.750420087778146, -27.326342161484316 ], [ -50.779178542168196, -27.292171680757146 ], [ -50.77768303670544, -27.268166815423506 ], [ -50.799439870627303, -27.263233620594669 ], [ -50.789902841430028, -27.250289329963724 ], [ -50.811214964241536, -27.237905149125993 ], [ -50.810910909018553, -27.230659361722857 ], [ -50.820736310946842, -27.229472369619494 ], [ -50.818064953697913, -27.209065340633416 ], [ -50.826117346708777, -27.204139262717568 ], [ -50.826903954690309, -27.191470285173072 ], [ -50.838653583443197, -27.185812656069292 ] ], [ [ -50.530689536133416, -27.117427459245821 ], [ -50.524620947268339, -27.11837312564592 ], [ -50.526511008605887, -27.111161628039387 ], [ -50.530670537282177, -27.112075518978308 ], [ -50.530689536133416, -27.117427459245821 ] ] ] } },
{ "type": "Feature", "properties": { "fecam": "Amurel" }, "geometry": { "type": "MultiPolygon", "coordinates": [ [ [ [ -48.601338408171031, -28.35205889299738 ], [ -48.601695679378977, -28.351510169580756 ], [ -48.600428716362245, -28.351875824732367 ], [ -48.601338408171031, -28.35205889299738 ] ] ], [ [ [ -49.440290629578755, -28.134624330716623 ], [ -49.43230133212932, -28.113856196398757 ], [ -49.392458047364904, -28.110573748151168 ], [ -49.38989092673885, -28.101829365077197 ], [ -49.401080417907899, -28.098341549441678 ], [ -49.404051706688065, -28.080285115993199 ], [ -49.396388599393767, -28.080002302518675 ], [ -49.391507680179906, -28.068256300566262 ], [ -49.368736481790904, -28.061822203009349 ], [ -49.371084421492881, -28.045598240480512 ], [ -49.353737047989213, -28.02654879724626 ], [ -49.347646759417302, -28.007065710772572 ], [ -49.353291225451301, -28.000974998597339 ], [ -49.319369274385423, -27.983079508759566 ], [ -49.307826097736161, -27.969220528114203 ], [ -49.312383873507507, -27.958594143039324 ], [ -49.307840694540616, -27.940984005430685 ], [ -49.290868770807066, -27.935934271920356 ], [ -49.264939562359984, -27.950554797079842 ], [ -49.244516987632444, -27.949947545599926 ], [ -49.201205962288, -27.965389989522379 ], [ -49.184913631921084, -27.980459857832695 ], [ -49.175596077998577, -27.98055413200882 ], [ -49.157895998254688, -27.963967383631257 ], [ -49.142309085951908, -28.004699738548918 ], [ -49.103968688845399, -28.007339434042414 ], [ -49.052015524304004, -27.990049367905559 ], [ -49.035447255259356, -28.010541034183447 ], [ -49.030302511618046, -28.039786428986254 ], [ -48.968450347817445, -28.082488539409336 ], [ -48.967293641740376, -28.107919017979494 ], [ -48.951091586406484, -28.106789758485323 ], [ -48.951186553814431, -28.096549292669685 ], [ -48.939033953267383, -28.089991571420512 ], [ -48.942334851613822, -28.083086056993508 ], [ -48.936769720914903, -28.072865078119811 ], [ -48.901701718270019, -28.060858556790503 ], [ -48.892956215934454, -28.079040519310809 ], [ -48.874015625723544, -28.07239128926712 ], [ -48.865560519198532, -28.078227650589874 ], [ -48.832263562116502, -28.07163768909475 ], [ -48.810092654081934, -28.078374198279725 ], [ -48.800447265889488, -28.09478564405558 ], [ -48.707014554536528, -28.082653144209178 ], [ -48.700682210338698, -28.102170973402405 ], [ -48.678590095914139, -28.105582856156587 ], [ -48.66619940423373, -28.117509099516475 ], [ -48.634311036006139, -28.113050690323288 ], [ -48.631771416225831, -28.122380921292617 ], [ -48.642998025543498, -28.129597650235414 ], [ -48.635584628280604, -28.139055024328282 ], [ -48.640888005334304, -28.151318753367953 ], [ -48.65847407332658, -28.168019929997961 ], [ -48.662923712309343, -28.18723767199609 ], [ -48.656843202492048, -28.195639312526943 ], [ -48.666803185761466, -28.213531292886078 ], [ -48.660978321636279, -28.22666219675078 ], [ -48.645440707980015, -28.234606802412912 ], [ -48.654926576930954, -28.249243374921914 ], [ -48.658839974434436, -28.244276647328096 ], [ -48.67398724051413, -28.254946244185927 ], [ -48.697426008346966, -28.291580511071409 ], [ -48.709070180126183, -28.326252436488993 ], [ -48.697543472124437, -28.337761804107998 ], [ -48.708112405494454, -28.343786213552768 ], [ -48.738397412907041, -28.383514732008447 ], [ -48.746569222166549, -28.414438544384332 ], [ -48.738271050819961, -28.423364301413908 ], [ -48.76487473433464, -28.459841523888279 ], [ -48.762849030824775, -28.491886822957809 ], [ -48.744536243513764, -28.496745426706472 ], [ -48.7612691742249, -28.517969508940137 ], [ -48.761416384460972, -28.53624079129467 ], [ -48.756099546077188, -28.541247630521319 ], [ -48.763942764616928, -28.537288296070965 ], [ -48.783612950741748, -28.550542650543509 ], [ -48.786269752825447, -28.569144160530904 ], [ -48.796039571244258, -28.569063346793367 ], [ -48.812695346148359, -28.584879642253227 ], [ -48.813608502873997, -28.606305572656598 ], [ -48.85800514820528, -28.615736526984609 ], [ -48.974433084006492, -28.671410297296916 ], [ -49.184785859621826, -28.801481273243006 ], [ -49.207163595095274, -28.786739518690503 ], [ -49.202482654167888, -28.770356400765674 ], [ -49.207211273022814, -28.762918807350566 ], [ -49.197278524812198, -28.756358964808697 ], [ -49.203536739324697, -28.747907827837267 ], [ -49.177510786027781, -28.726603197757218 ], [ -49.174915378845853, -28.646084861873334 ], [ -49.196533630083692, -28.634304390944862 ], [ -49.204594970238546, -28.613876861365 ], [ -49.242725533058149, -28.590178920028951 ], [ -49.251249513771306, -28.590662988684397 ], [ -49.260521885496928, -28.578087425835797 ], [ -49.250543972775738, -28.567332446650465 ], [ -49.256649282161192, -28.553210712991739 ], [ -49.252601942156204, -28.537258586653298 ], [ -49.266406913376436, -28.532725758039575 ], [ -49.290255322438036, -28.503983914295276 ], [ -49.279576931908146, -28.485179000841562 ], [ -49.257540422954605, -28.474248400251845 ], [ -49.257725008922009, -28.464844430046909 ], [ -49.243664850076627, -28.454698536321352 ], [ -49.234052472721125, -28.456273915936286 ], [ -49.226371422192244, -28.433864872410886 ], [ -49.197997993216347, -28.423237621610038 ], [ -49.211293907830466, -28.401136015011581 ], [ -49.194571746757845, -28.391712000861833 ], [ -49.196259669595918, -28.382606198929299 ], [ -49.215215681071328, -28.388688819582349 ], [ -49.223790791082045, -28.380540433075055 ], [ -49.225952570981924, -28.36748587583844 ], [ -49.215097410289395, -28.360554865093373 ], [ -49.219928821587864, -28.341480121484487 ], [ -49.211695987743077, -28.327929557946042 ], [ -49.215073867198704, -28.302157565478925 ], [ -49.22432938589084, -28.29519624368908 ], [ -49.202584437882905, -28.288604627966993 ], [ -49.205055042026281, -28.274203971290962 ], [ -49.232715222571706, -28.256244229851813 ], [ -49.276180902822979, -28.247839288907475 ], [ -49.29084111106279, -28.253523458148678 ], [ -49.325011361312662, -28.238916754776966 ], [ -49.348105453157928, -28.23881378013251 ], [ -49.395772113150002, -28.193590131763333 ], [ -49.398542492785808, -28.157992916510011 ], [ -49.414061028726245, -28.149122389110477 ], [ -49.429789834538923, -28.15064985899722 ], [ -49.440290629578755, -28.134624330716623 ] ], [ [ -48.928008322076131, -28.51520714695258 ], [ -48.923725700625994, -28.514051164805579 ], [ -48.924944412149657, -28.509582575278483 ], [ -48.930106990257059, -28.510605200745278 ], [ -48.928008322076131, -28.51520714695258 ] ] ], [ [ [ -48.656304399876021, -28.189102176963964 ], [ -48.656649966606679, -28.189139571869063 ], [ -48.655969478849855, -28.18873652115866 ], [ -48.656304399876021, -28.189102176963964 ] ] ], [ [ [ -48.649619691188143, -28.322012532926649 ], [ -48.646688457659032, -28.31792183592831 ], [ -48.646649084476714, -28.317872242538105 ], [ -48.6466822576552, -28.320645754912771 ], [ -48.649619691188143, -28.322012532926649 ] ] ], [ [ [ -48.710257831872184, -28.448189853855499 ], [ -48.71025276180368, -28.446498170610454 ], [ -48.707683392920508, -28.44801348042688 ], [ -48.710257831872184, -28.448189853855499 ] ] ] ] } },
{ "type": "Feature", "properties": { "fecam": "Amures" }, "geometry": { "type": "Polygon", "coordinates": [ [ [ -51.273154935990505, -27.750857112014433 ], [ -51.273091689068565, -27.735268008653865 ], [ -51.260074977935624, -27.736960055028572 ], [ -51.235805091195296, -27.720441840106588 ], [ -51.222094446192585, -27.720876891535649 ], [ -51.210506643019386, -27.670729562672634 ], [ -51.193679168722014, -27.654194077848956 ], [ -51.215239182684115, -27.618697817498212 ], [ -51.201440016053418, -27.61410317169527 ], [ -51.194873899180124, -27.594097535473235 ], [ -51.1790897262172, -27.594659543175446 ], [ -51.18471577719933, -27.615384929619555 ], [ -51.168649763769878, -27.625274877361441 ], [ -51.141595436153239, -27.613494706788163 ], [ -51.103226026883597, -27.63343683677455 ], [ -51.08398047626401, -27.629757518014603 ], [ -51.08401765340043, -27.65321995232895 ], [ -51.068375266984248, -27.646157979784007 ], [ -51.048882550306054, -27.651080808484444 ], [ -51.050237435700815, -27.640162508780747 ], [ -50.998562025609701, -27.639127550670398 ], [ -50.993162313372189, -27.64402743691069 ], [ -50.999266180179674, -27.662892154941684 ], [ -50.973019851316913, -27.659407058221905 ], [ -50.960121214969845, -27.644828342614275 ], [ -50.993970386967604, -27.61285973171643 ], [ -50.957211399043132, -27.5975551696224 ], [ -50.970738300106277, -27.57769832549868 ], [ -50.96799395961331, -27.570620553060973 ], [ -50.935420841703355, -27.573654264387923 ], [ -50.938121431016896, -27.566772249365169 ], [ -50.960161716036041, -27.556555988208189 ], [ -50.950690644813903, -27.550795736329675 ], [ -50.917692202734209, -27.559359628594677 ], [ -50.91538001687308, -27.539058993102937 ], [ -50.907521377824331, -27.533010816337555 ], [ -50.898684086810405, -27.556444821096935 ], [ -50.886015069187195, -27.536116895949181 ], [ -50.873052415762146, -27.545268698082868 ], [ -50.863461909066686, -27.543966312448287 ], [ -50.866468641100731, -27.531882158920904 ], [ -50.850839543530618, -27.510087135896413 ], [ -50.83281278393423, -27.515075770290728 ], [ -50.825694785411407, -27.503595554264884 ], [ -50.802497875937682, -27.49323018117796 ], [ -50.806406790319073, -27.482995980655026 ], [ -50.833648867368304, -27.476151162357116 ], [ -50.825631416058606, -27.453639402093291 ], [ -50.817925983751643, -27.453828234795669 ], [ -50.810129584602784, -27.464633229710333 ], [ -50.805542357677936, -27.456472137653751 ], [ -50.785529675984627, -27.458356064908443 ], [ -50.781936500799709, -27.451107261160033 ], [ -50.793745725191549, -27.430430850109371 ], [ -50.784705524633161, -27.4289619947772 ], [ -50.769361820695835, -27.441013700950958 ], [ -50.749269714654609, -27.420873732091348 ], [ -50.741956333921031, -27.427173826899693 ], [ -50.752234126079991, -27.431790981690309 ], [ -50.748549664396691, -27.446572749418308 ], [ -50.736609625707096, -27.4381173952236 ], [ -50.718297548973027, -27.448060089280741 ], [ -50.718575824647246, -27.426576332205155 ], [ -50.703586499848981, -27.439318170541256 ], [ -50.700442473140548, -27.428938386090302 ], [ -50.689935566952116, -27.426302504412888 ], [ -50.688170418898871, -27.441865809622282 ], [ -50.674547907726684, -27.439520251399927 ], [ -50.670685853463326, -27.456775096770418 ], [ -50.676527247669497, -27.463810836457601 ], [ -50.67055923129297, -27.46961327936301 ], [ -50.650336471547782, -27.452300126757464 ], [ -50.643712236971659, -27.460465185234749 ], [ -50.634143231422129, -27.454160010700217 ], [ -50.605367902356988, -27.469169739878389 ], [ -50.595284931321828, -27.459534526135108 ], [ -50.583118256405513, -27.469046688794005 ], [ -50.565169132042179, -27.466224278664477 ], [ -50.575918860421261, -27.485439472079779 ], [ -50.577467136615006, -27.500114061410947 ], [ -50.568836257523373, -27.50349126595453 ], [ -50.542286264663396, -27.484782567097412 ], [ -50.526800979072561, -27.48962105754687 ], [ -50.524523614887336, -27.476137959593572 ], [ -50.534563005598798, -27.470847532537043 ], [ -50.515797288950552, -27.457668788038408 ], [ -50.501009767637676, -27.466445682701387 ], [ -50.483352187406375, -27.457691087738855 ], [ -50.476910079896335, -27.444156795695093 ], [ -50.487030664833796, -27.432751018753169 ], [ -50.476931217887596, -27.416621464895311 ], [ -50.481401268146108, -27.403410721049688 ], [ -50.489983898516591, -27.402163632170822 ], [ -50.461185556414193, -27.365336113239646 ], [ -50.451272187398317, -27.367259995881128 ], [ -50.440121667037019, -27.357073360357717 ], [ -50.428265544854753, -27.366515885377247 ], [ -50.399796236689021, -27.362157848550186 ], [ -50.358559388400018, -27.343486669148216 ], [ -50.207487647804399, -27.346170235810437 ], [ -50.198703519903319, -27.340633801985231 ], [ -50.197458002043625, -27.328327744592389 ], [ -50.184970924258153, -27.322097338983546 ], [ -50.17845624699261, -27.301042697564419 ], [ -50.188393282603663, -27.29233360388363 ], [ -50.189063062779141, -27.274835536226341 ], [ -50.175184012362521, -27.2692306542781 ], [ -50.129556810672156, -27.274018684920723 ], [ -50.106891248613863, -27.294788129296634 ], [ -50.073407773142527, -27.303277670777788 ], [ -50.056877305045155, -27.317387845535588 ], [ -50.026563923056536, -27.324803550765346 ], [ -50.008387803819303, -27.319057001427147 ], [ -50.018633034597507, -27.332475047176757 ], [ -50.024271626592089, -27.332520365403099 ], [ -50.024043759709372, -27.344161955517908 ], [ -50.040541275770551, -27.33698460478815 ], [ -50.044167600279529, -27.339612580198452 ], [ -50.043524695889673, -27.348736981293847 ], [ -50.030159708139784, -27.356259666189008 ], [ -50.031689334905849, -27.371754155263407 ], [ -50.012531114279412, -27.378711962229261 ], [ -50.009650936921851, -27.387626810913897 ], [ -50.014017390583383, -27.397043538533378 ], [ -50.006299884884406, -27.398267573089012 ], [ -49.986170742010763, -27.418323002449874 ], [ -49.9811402468682, -27.414620571628511 ], [ -49.987924803071174, -27.404007492866498 ], [ -49.97100589573175, -27.411880217715925 ], [ -49.956696293304319, -27.401727003798214 ], [ -49.951015141002415, -27.408838039256089 ], [ -49.946077499529792, -27.40649417387915 ], [ -49.949406719027841, -27.414361733444309 ], [ -49.94110918198507, -27.416957561111044 ], [ -49.940795916134164, -27.422521455373829 ], [ -49.931188585819022, -27.42071269476158 ], [ -49.930725379114378, -27.415438636306849 ], [ -49.918629281835983, -27.432038090193579 ], [ -49.907128441165653, -27.432255062952052 ], [ -49.910006295457258, -27.442339175705996 ], [ -49.888182949715016, -27.465771335661877 ], [ -49.891147161462172, -27.495695109456882 ], [ -49.849664421752429, -27.493679137191542 ], [ -49.850744050931901, -27.505701740787078 ], [ -49.825790636551716, -27.549802022847061 ], [ -49.790855930831604, -27.570368180196823 ], [ -49.778979374555931, -27.585238211588571 ], [ -49.763478789359411, -27.580838622189628 ], [ -49.758016267380818, -27.595183727320801 ], [ -49.750517902240468, -27.595709453623886 ], [ -49.732100863333173, -27.619451825985152 ], [ -49.741905695788681, -27.632277289135626 ], [ -49.73902748929649, -27.646870324432829 ], [ -49.729500037566595, -27.655970976471902 ], [ -49.711500798644423, -27.643561181134796 ], [ -49.685365640142578, -27.65307770172496 ], [ -49.665392229830388, -27.649555610170804 ], [ -49.624032338493194, -27.618003925510891 ], [ -49.620256431662021, -27.622479530127539 ], [ -49.639825678905019, -27.648602057311312 ], [ -49.637168537811696, -27.659678626914186 ], [ -49.627610199217948, -27.66292561923818 ], [ -49.589064115393612, -27.644775075461499 ], [ -49.58043087282222, -27.629568437229317 ], [ -49.569693268855232, -27.630221884231503 ], [ -49.548544858660158, -27.611842450729586 ], [ -49.506622874066871, -27.60072871949296 ], [ -49.510161557940947, -27.634954940799538 ], [ -49.504484636324179, -27.653094573622649 ], [ -49.48010532827287, -27.672411353487067 ], [ -49.458091026509443, -27.71071664871863 ], [ -49.472657239801642, -27.72936613328271 ], [ -49.468411608291781, -27.750939511352925 ], [ -49.457599209551631, -27.760024643751528 ], [ -49.435680384093885, -27.758091523056226 ], [ -49.425069290358238, -27.7647761502786 ], [ -49.428994711403973, -27.772487601693722 ], [ -49.41888342248312, -27.778952613360371 ], [ -49.422709996225585, -27.786290317431803 ], [ -49.405770813547562, -27.791380690092957 ], [ -49.383476248427399, -27.815260589080115 ], [ -49.356425072880093, -27.811592440419648 ], [ -49.337525908460641, -27.836688769103628 ], [ -49.31413753470612, -27.831493526090547 ], [ -49.306089338389278, -27.847927930159159 ], [ -49.309361886175566, -27.855760959496443 ], [ -49.303363649898927, -27.857984222521598 ], [ -49.296022207758853, -27.874030416747402 ], [ -49.280726741331449, -27.87338213012432 ], [ -49.299583339162446, -27.902345289663572 ], [ -49.309476267705925, -27.932527089159247 ], [ -49.308839595910669, -27.971198471273755 ], [ -49.317796052138782, -27.98348700698277 ], [ -49.338844651512986, -27.987492769952787 ], [ -49.350796783078643, -27.998633043245793 ], [ -49.347069447006653, -28.005236875540056 ], [ -49.353676344036202, -28.026583623670088 ], [ -49.370728321571676, -28.045695627734204 ], [ -49.367592794003613, -28.062197727289306 ], [ -49.390804282057132, -28.068199287199889 ], [ -49.396580010830974, -28.08113656737563 ], [ -49.403188916770731, -28.0824903925546 ], [ -49.400813764663816, -28.097658033251978 ], [ -49.388562615170727, -28.100758942676936 ], [ -49.392879834146179, -28.111807270416804 ], [ -49.431603196351389, -28.114060924675755 ], [ -49.440360625830493, -28.132768051784584 ], [ -49.4536806972623, -28.139349579684076 ], [ -49.475488084695655, -28.135006120950376 ], [ -49.474303837185566, -28.126086853538858 ], [ -49.486048255032038, -28.127870603345663 ], [ -49.490591926719389, -28.145897331803223 ], [ -49.509655687368848, -28.154904997899614 ], [ -49.511268012253275, -28.172785514759514 ], [ -49.530829939504436, -28.188181786303293 ], [ -49.532310277196622, -28.206038662652546 ], [ -49.526456966578877, -28.209562445359154 ], [ -49.534178938832106, -28.219093398892007 ], [ -49.529940457665681, -28.224876848033063 ], [ -49.545233844275252, -28.237533616443844 ], [ -49.533814479856559, -28.241832230692097 ], [ -49.538763928164585, -28.247730837869874 ], [ -49.531172636581459, -28.253075671647977 ], [ -49.54246948937039, -28.258509588157853 ], [ -49.546401827173042, -28.269189747770145 ], [ -49.515186875462007, -28.264832976625808 ], [ -49.52664562652059, -28.284451365053581 ], [ -49.523051519725215, -28.306982933423502 ], [ -49.533610453762307, -28.309502333884378 ], [ -49.534588074546257, -28.331966874746428 ], [ -49.542386198477296, -28.341454171505525 ], [ -49.530286297274017, -28.345207854296536 ], [ -49.550124347936162, -28.352796567538217 ], [ -49.550274033993517, -28.366876305946615 ], [ -49.55766060555878, -28.372880626219509 ], [ -49.551276780666846, -28.383767207567814 ], [ -49.542152687866405, -28.382199597888338 ], [ -49.550906602063442, -28.397771270354934 ], [ -49.544211242033711, -28.401718517141596 ], [ -49.565490411276507, -28.41462968894783 ], [ -49.557542869768128, -28.425939095759393 ], [ -49.559930439936487, -28.435276549460323 ], [ -49.552267622858992, -28.44043987232104 ], [ -49.53396396565492, -28.432921911487021 ], [ -49.546090948383871, -28.442769765804194 ], [ -49.544604490816667, -28.454956217846266 ], [ -49.55135363340262, -28.453317941924389 ], [ -49.561651844612484, -28.466881132163504 ], [ -49.548133045115073, -28.483866795599688 ], [ -49.569509554846114, -28.502624415508759 ], [ -49.590710067431779, -28.500978564157879 ], [ -49.615042077772898, -28.530594924963452 ], [ -49.645023795044985, -28.542444193824529 ], [ -49.654573519539653, -28.562839485129466 ], [ -49.648497492199972, -28.566320204266741 ], [ -49.645538853644823, -28.589223426850257 ], [ -49.650746483482266, -28.594695436164578 ], [ -49.647046978635032, -28.598584825023046 ], [ -49.665440123306318, -28.60260009280552 ], [ -49.670812166089362, -28.61551392029649 ], [ -49.704686176977347, -28.631617908445367 ], [ -49.692165339459791, -28.619551815811302 ], [ -49.698584802427725, -28.607032331856161 ], [ -49.710190317973371, -28.604341681416656 ], [ -49.712243098761462, -28.575890659610145 ], [ -49.72063127772838, -28.576897254717384 ], [ -49.731240770135983, -28.551331074071317 ], [ -49.749420565163703, -28.545690407571346 ], [ -49.728852123042337, -28.516754953198394 ], [ -49.746553416858056, -28.506824083146146 ], [ -49.740479878695425, -28.500939324023388 ], [ -49.742642411751092, -28.496133253030923 ], [ -49.763901374442611, -28.501370386248631 ], [ -49.770827780639145, -28.494328204711056 ], [ -49.76952098620901, -28.463966688624168 ], [ -49.78147521629748, -28.473656995046156 ], [ -49.780836437201174, -28.495722009111475 ], [ -49.791936413135197, -28.495763778082715 ], [ -49.80810172349441, -28.470325453217797 ], [ -49.814515537079025, -28.469038188013602 ], [ -49.817568206171792, -28.472553095523832 ], [ -49.8115469445979, -28.484729593156615 ], [ -49.826098883605155, -28.479342567877371 ], [ -49.839343499438968, -28.496482124896797 ], [ -49.84537597825063, -28.493094961329199 ], [ -49.845838032851773, -28.486391330668233 ], [ -49.866646473439339, -28.488628347030531 ], [ -49.863828780867813, -28.46392937404724 ], [ -49.87776007809326, -28.454522752400464 ], [ -49.87141587552675, -28.451314227894663 ], [ -49.872775176011231, -28.446882063360114 ], [ -49.883626622686542, -28.447615648218232 ], [ -49.893125192912237, -28.441302929275331 ], [ -49.897502987364362, -28.446021174760787 ], [ -49.890221912004307, -28.461548443633625 ], [ -49.904498592540655, -28.464606602008718 ], [ -49.929579135529117, -28.452076727955422 ], [ -49.937263021551225, -28.459398311818155 ], [ -49.928448625042947, -28.471408212717289 ], [ -49.944390591426895, -28.482736344751736 ], [ -49.952193774866899, -28.452540167827575 ], [ -49.967223575996655, -28.455909344651428 ], [ -49.976120368836064, -28.439972238378573 ], [ -49.988133701343472, -28.445424439876533 ], [ -49.989396667667044, -28.457150565431853 ], [ -50.018605957672953, -28.452373640728144 ], [ -50.025826900035028, -28.473081359592072 ], [ -50.038596755596785, -28.479709822976009 ], [ -50.072817856262517, -28.48080393933515 ], [ -50.086407702703539, -28.473455856730709 ], [ -50.100994894551086, -28.48632611955275 ], [ -50.107509643754483, -28.47375809785914 ], [ -50.12618359710288, -28.474524604109845 ], [ -50.126835588330309, -28.463373690480605 ], [ -50.112484652143074, -28.445004751459532 ], [ -50.124705498100312, -28.433690605665728 ], [ -50.126936923633608, -28.439727543132264 ], [ -50.14573736754236, -28.448027670868747 ], [ -50.148265294678424, -28.460923464242882 ], [ -50.157464109504289, -28.461982325285163 ], [ -50.13926319505233, -28.493951600724333 ], [ -50.156343632905539, -28.497909276672793 ], [ -50.178410590053993, -28.45225650125273 ], [ -50.203260715282219, -28.444157893917875 ], [ -50.222649306027002, -28.463268698195353 ], [ -50.235705950294111, -28.457026663477823 ], [ -50.247336752826101, -28.430419158354621 ], [ -50.261793036820187, -28.442104063606013 ], [ -50.251122955469043, -28.449177971471538 ], [ -50.272912600406187, -28.457069342023235 ], [ -50.29284543227817, -28.451030738034181 ], [ -50.304418782954116, -28.437891853568715 ], [ -50.330009473651408, -28.434544210377211 ], [ -50.339700892125187, -28.440951772599043 ], [ -50.336948319801749, -28.457419254016443 ], [ -50.345845485018117, -28.463550314945969 ], [ -50.352141132694193, -28.456389593011142 ], [ -50.347991801328035, -28.431786285098916 ], [ -50.358624224809013, -28.420688281945395 ], [ -50.370521918177843, -28.423453975379982 ], [ -50.381154777615286, -28.447022031341316 ], [ -50.39554259289892, -28.433288133565888 ], [ -50.424755367706418, -28.433297096241908 ], [ -50.44653545420497, -28.424128690322298 ], [ -50.456944313614528, -28.410993910607409 ], [ -50.499571155641604, -28.412959703765452 ], [ -50.523318091257657, -28.403556015727336 ], [ -50.53110704633081, -28.407968392594164 ], [ -50.528872162561775, -28.426745114147849 ], [ -50.538010211122412, -28.429601549589567 ], [ -50.564430026867967, -28.414116565534052 ], [ -50.591189008022418, -28.383252435479243 ], [ -50.611560836798425, -28.393262565655338 ], [ -50.6256810843118, -28.392053943924243 ], [ -50.633286221529751, -28.378915076567939 ], [ -50.62944664842793, -28.364153561140558 ], [ -50.665226367726824, -28.337923776584713 ], [ -50.659634642379046, -28.323038274442723 ], [ -50.695220974053314, -28.28851777185076 ], [ -50.696261443943328, -28.270010625537257 ], [ -50.753341866073434, -28.245682052867355 ], [ -50.76446510703601, -28.1924363733512 ], [ -50.777500722208082, -28.2000446364254 ], [ -50.788818304537585, -28.198331452909038 ], [ -50.78295742465108, -28.177773849889594 ], [ -50.792622716567472, -28.159169930339448 ], [ -50.789468585333246, -28.14119965133337 ], [ -50.819834342416691, -28.140445712876922 ], [ -50.833012025987124, -28.119160894205706 ], [ -50.858991850938935, -28.139702364308025 ], [ -50.871965256808132, -28.137417070887025 ], [ -50.868882165305052, -28.111626866467152 ], [ -50.875654020625753, -28.095816414545588 ], [ -50.903928882668239, -28.08584336549465 ], [ -50.881611692116238, -28.067284702117306 ], [ -50.875940892427934, -28.040890436087295 ], [ -50.892406619434141, -28.021265713879128 ], [ -50.923234727260734, -28.011985621103495 ], [ -50.926363780762927, -27.96953612245818 ], [ -50.976922427538568, -27.951965101861163 ], [ -50.985799227779395, -27.941945234478734 ], [ -51.006825371531747, -27.965217319341459 ], [ -51.020669080328233, -27.95442750417412 ], [ -51.017186738113836, -27.925532318570927 ], [ -51.055962563596069, -27.903668821358274 ], [ -51.054020334629335, -27.869886048633223 ], [ -51.078590076145446, -27.861594368158173 ], [ -51.076841401448654, -27.842114120502035 ], [ -51.088830236371436, -27.830430286658402 ], [ -51.129610254792723, -27.831632884198672 ], [ -51.135644357219043, -27.803970335839676 ], [ -51.157790686908335, -27.802885604193513 ], [ -51.193116508213123, -27.775738840374359 ], [ -51.222144164946783, -27.769984562215047 ], [ -51.240123360905876, -27.77901757424284 ], [ -51.247215075505224, -27.759774084261981 ], [ -51.273154935990505, -27.750857112014433 ] ], [ [ -49.839492837781236, -27.683589213960595 ], [ -49.834808448380841, -27.68204237057023 ], [ -49.836770286996803, -27.675169388727554 ], [ -49.843062968834168, -27.678283737073276 ], [ -49.839492837781236, -27.683589213960595 ] ], [ [ -50.266230475982113, -27.527184430375812 ], [ -50.270014243773922, -27.525107376726389 ], [ -50.272198851963196, -27.528728037142553 ], [ -50.268309037398282, -27.531136794322503 ], [ -50.266230475982113, -27.527184430375812 ] ] ] } },
{ "type": "Feature", "properties": { "fecam": "Granfpolis" }, "geometry": { "type": "MultiPolygon", "coordinates": [ [ [ [ -48.334667577580866, -27.278643297669142 ], [ -48.327979825546571, -27.2680760755329 ], [ -48.32795826636827, -27.268045450453204 ], [ -48.329976374023865, -27.27208805662082 ], [ -48.334667577580866, -27.278643297669142 ] ] ], [ [ [ -48.349173130102969, -27.439603233891368 ], [ -48.348763106480561, -27.439528838618443 ], [ -48.348806630552097, -27.440174171897844 ], [ -48.349173130102969, -27.439603233891368 ] ] ], [ [ [ -48.348709747348387, -27.442671504198273 ], [ -48.347161935335905, -27.442748375452855 ], [ -48.347343487421568, -27.444138275427783 ], [ -48.348709747348387, -27.442671504198273 ] ] ], [ [ [ -48.355148634355608, -27.418619817806267 ], [ -48.356226977600464, -27.418516074389441 ], [ -48.354684577013316, -27.418229433460336 ], [ -48.355148634355608, -27.418619817806267 ] ] ], [ [ [ -48.365463660790162, -27.490316568357805 ], [ -48.36385293787049, -27.486665703863142 ], [ -48.355426017130327, -27.483885665391135 ], [ -48.35498843014765, -27.485459481653862 ], [ -48.365463660790162, -27.490316568357805 ] ] ], [ [ [ -48.377093410714757, -27.283458531219246 ], [ -48.369663295432431, -27.271069409603616 ], [ -48.359476864871965, -27.273359101556373 ], [ -48.356771962559627, -27.299648667559108 ], [ -48.377093410714757, -27.283458531219246 ] ] ], [ [ [ -49.510434495339716, -27.627033741609178 ], [ -49.497346615302071, -27.58496196265834 ], [ -49.472926587241744, -27.565779795483834 ], [ -49.436408692936226, -27.583873765944244 ], [ -49.410514565412861, -27.560834660253075 ], [ -49.380973047779051, -27.558010292764944 ], [ -49.354498087278536, -27.5626602269442 ], [ -49.32333138238215, -27.588267554230441 ], [ -49.313750658953857, -27.586340003541586 ], [ -49.328107576067261, -27.557124261925996 ], [ -49.319455602431077, -27.54596944482573 ], [ -49.326237110873208, -27.524627962360668 ], [ -49.292883541215339, -27.473434151212896 ], [ -49.301781635201714, -27.451484624357292 ], [ -49.294838497455743, -27.443917670222415 ], [ -49.295926701619472, -27.429471860389757 ], [ -49.311108779889381, -27.396094276329777 ], [ -49.278708047670271, -27.334049488804446 ], [ -49.224220484221711, -27.321133171220094 ], [ -49.218589281593694, -27.304157502591561 ], [ -49.199523683709856, -27.292940544936407 ], [ -49.156095603951186, -27.291768187416718 ], [ -49.122180994836704, -27.275604743419276 ], [ -49.109797175700358, -27.280291245925444 ], [ -49.074951113302006, -27.270760433410356 ], [ -49.069101052260599, -27.278966542639925 ], [ -49.049448135061532, -27.269505276656616 ], [ -49.037227767979822, -27.271429154943569 ], [ -49.009349079321836, -27.248945703191353 ], [ -48.972945657883557, -27.240311902435238 ], [ -48.933993140761565, -27.212471910888713 ], [ -48.930766850351667, -27.201608392476395 ], [ -48.882652270100671, -27.184694123270578 ], [ -48.878208120177064, -27.177153706483381 ], [ -48.81217576889879, -27.134767635180268 ], [ -48.797204075871363, -27.154701204884418 ], [ -48.778524211259068, -27.151315752507024 ], [ -48.770826285946796, -27.134339993485227 ], [ -48.756274947333374, -27.134454629032348 ], [ -48.747953303567762, -27.148044141412303 ], [ -48.690033470713807, -27.141394921769752 ], [ -48.680275903927154, -27.165647181132279 ], [ -48.687889047225994, -27.16869427287406 ], [ -48.689352432045077, -27.1852948816279 ], [ -48.66904897962911, -27.201035294316711 ], [ -48.666503983762816, -27.212060319143312 ], [ -48.604385817482992, -27.212295577686429 ], [ -48.615318847803756, -27.271664309837735 ], [ -48.59506725360513, -27.315248784677664 ], [ -48.58458435142996, -27.319461093923401 ], [ -48.564310414683924, -27.308454635126704 ], [ -48.558340485222075, -27.314385383755717 ], [ -48.539548486822113, -27.298745265772521 ], [ -48.537918806315844, -27.324951889722094 ], [ -48.52929349177532, -27.330434136060152 ], [ -48.524306456452187, -27.328506297180454 ], [ -48.52334804214712, -27.334057494689109 ], [ -48.536480161463786, -27.357804536328032 ], [ -48.525443450713809, -27.376683801101198 ], [ -48.533838244883654, -27.384398627610622 ], [ -48.526750779959379, -27.405648259332899 ], [ -48.483470745296572, -27.378285384393102 ], [ -48.416293210393164, -27.380648906689739 ], [ -48.412543957180475, -27.402915889381926 ], [ -48.395454935529251, -27.430716485489146 ], [ -48.374387442780254, -27.442975185336703 ], [ -48.365107457858848, -27.432563549976024 ], [ -48.360374439870505, -27.446464282803365 ], [ -48.375372442723865, -27.45980682108322 ], [ -48.37574136770089, -27.480618793125526 ], [ -48.399996622471171, -27.499067586160429 ], [ -48.424053645098198, -27.538247182508975 ], [ -48.427851215637133, -27.567449356155233 ], [ -48.411891235450646, -27.57501152224248 ], [ -48.434983518055468, -27.606550570122579 ], [ -48.431381069065914, -27.616154524472467 ], [ -48.467160666142036, -27.651115498809904 ], [ -48.481766982061529, -27.691718489759559 ], [ -48.505402410419187, -27.724117396956004 ], [ -48.505616410385457, -27.74759263813354 ], [ -48.476520127925241, -27.763497181196541 ], [ -48.475640742797715, -27.770416749516084 ], [ -48.486644913007439, -27.776326468012265 ], [ -48.483530456857345, -27.785260175833621 ], [ -48.49789669810847, -27.79499082646463 ], [ -48.509455023661673, -27.782395248106972 ], [ -48.524660335474969, -27.785204344233506 ], [ -48.544261376134848, -27.829861850767539 ], [ -48.559654243889881, -27.839054216856244 ], [ -48.568045090080851, -27.835380609813065 ], [ -48.579786967352817, -27.853134593704638 ], [ -48.596536674845225, -27.853060720939535 ], [ -48.601759268159768, -27.867678532353196 ], [ -48.59389505877391, -27.882764068432799 ], [ -48.575015866714921, -27.877546142831275 ], [ -48.582510315688104, -27.906648763097266 ], [ -48.593001962922592, -27.911296396821925 ], [ -48.620852286521128, -27.94408350261202 ], [ -48.630662453289666, -28.006629457444919 ], [ -48.621938054906927, -28.019967880750702 ], [ -48.608738574305072, -28.016366148036958 ], [ -48.597777454211467, -28.030141953540401 ], [ -48.609901521613665, -28.042825038720657 ], [ -48.60908493049412, -28.062766280105194 ], [ -48.630898048991639, -28.084376092220516 ], [ -48.634379645624463, -28.113057162862226 ], [ -48.666869408039275, -28.11772334932634 ], [ -48.678795136877262, -28.105672163471191 ], [ -48.701411120559747, -28.102355833205102 ], [ -48.706973284955502, -28.082783097036806 ], [ -48.801986836835084, -28.095012142008805 ], [ -48.810267208786591, -28.078578764321602 ], [ -48.831948869345794, -28.071747796182304 ], [ -48.893688957606905, -28.080031980463989 ], [ -48.892485575617798, -28.074273547322854 ], [ -48.902972166863449, -28.061430937688463 ], [ -48.936834637033307, -28.073219102548777 ], [ -48.941806231340941, -28.082901154667667 ], [ -48.9373004642963, -28.090149124279389 ], [ -48.950334423196331, -28.096530969582243 ], [ -48.949899064111058, -28.107631869561928 ], [ -48.96951704132632, -28.108136361115207 ], [ -48.969176840795157, -28.082101344678218 ], [ -49.034724058466388, -28.035210179280174 ], [ -49.03564579849774, -28.010466590889319 ], [ -49.051432355381181, -27.990842015306686 ], [ -49.10396177821746, -28.007393510080203 ], [ -49.146838323558619, -28.004076033157734 ], [ -49.158497943943367, -27.96601885655414 ], [ -49.182999558869568, -27.980835300837295 ], [ -49.193311546253696, -27.969251293764 ], [ -49.241747335075004, -27.950675567420269 ], [ -49.264354434444634, -27.950857945808465 ], [ -49.287232358691611, -27.936624360740506 ], [ -49.307839496581693, -27.940976425875366 ], [ -49.30027305386826, -27.902726515084961 ], [ -49.283277800228312, -27.883908089642318 ], [ -49.281163394547022, -27.875408669899663 ], [ -49.292601756550049, -27.875468450904986 ], [ -49.304923138005854, -27.856971813403046 ], [ -49.311626032542542, -27.857092748991434 ], [ -49.306504567882946, -27.847609843257086 ], [ -49.313998739249371, -27.83254571503215 ], [ -49.338019197565345, -27.837168275813386 ], [ -49.356487526421574, -27.81213629380634 ], [ -49.383070837758282, -27.815884073756752 ], [ -49.405596654478799, -27.791643098776131 ], [ -49.426237326475501, -27.786048102314279 ], [ -49.421039060259346, -27.779578565247864 ], [ -49.430292099784005, -27.773319329114464 ], [ -49.427331582380013, -27.763363792013184 ], [ -49.436138329794716, -27.758187440843354 ], [ -49.457677948992291, -27.760273421632448 ], [ -49.468798207207278, -27.750672380345048 ], [ -49.472988476079536, -27.729434021560358 ], [ -49.459620738006883, -27.7070142931858 ], [ -49.480143071519592, -27.672444784073861 ], [ -49.504303153186669, -27.653698677868061 ], [ -49.510434495339716, -27.627033741609178 ] ] ], [ [ [ -48.628635643092551, -28.1028881820145 ], [ -48.626713358507686, -28.101480239912629 ], [ -48.625739932593966, -28.102239668195939 ], [ -48.628635643092551, -28.1028881820145 ] ] ], [ [ [ -48.36779263744836, -27.424856719717567 ], [ -48.36745295337365, -27.42294205889149 ], [ -48.366325470431001, -27.423529373241458 ], [ -48.36779263744836, -27.424856719717567 ] ] ], [ [ [ -48.392164146965854, -27.610373878173654 ], [ -48.387258690344844, -27.610139577300206 ], [ -48.384781727126175, -27.607394397931888 ], [ -48.386725593050535, -27.612268644668049 ], [ -48.392164146965854, -27.610373878173654 ] ] ], [ [ [ -48.434754617464812, -27.848391107203224 ], [ -48.43079708195588, -27.844092040862929 ], [ -48.431186169628752, -27.839067785842872 ], [ -48.428927953554982, -27.842867577738982 ], [ -48.434754617464812, -27.848391107203224 ] ] ], [ [ [ -48.443967468796821, -27.852922648470081 ], [ -48.444015244105948, -27.85276273464487 ], [ -48.443955047383248, -27.852733024491702 ], [ -48.443967468796821, -27.852922648470081 ] ] ], [ [ [ -48.463925069576227, -27.700464629272592 ], [ -48.468277473261843, -27.704569249027028 ], [ -48.466605398684955, -27.692167601552693 ], [ -48.463925069576227, -27.700464629272592 ] ] ], [ [ [ -48.508523485451654, -27.837915718801639 ], [ -48.501498558546146, -27.839316193203054 ], [ -48.501434167965257, -27.839332428111529 ], [ -48.504628819989968, -27.841311011762958 ], [ -48.508523485451654, -27.837915718801639 ] ] ], [ [ [ -48.530306165159033, -27.843576124293904 ], [ -48.527275513235182, -27.836598670577473 ], [ -48.517386922478742, -27.834579309311351 ], [ -48.525368220818912, -27.844353162772162 ], [ -48.530306165159033, -27.843576124293904 ] ] ], [ [ [ -48.528733530120832, -27.831150764231616 ], [ -48.527906794891493, -27.829153704820346 ], [ -48.526712655494606, -27.830001360273116 ], [ -48.528733530120832, -27.831150764231616 ] ] ], [ [ [ -48.530195714589055, -27.307845452566028 ], [ -48.528305153857566, -27.305275996288326 ], [ -48.528241465476583, -27.305263269167575 ], [ -48.530195714589055, -27.307845452566028 ] ] ], [ [ [ -48.544853167437637, -27.932051348066974 ], [ -48.542439532250455, -27.932225732997441 ], [ -48.541712196006991, -27.941875607537419 ], [ -48.544853167437637, -27.932051348066974 ] ] ], [ [ [ -48.616522844267813, -27.986894603897895 ], [ -48.616959792766899, -27.986214188802879 ], [ -48.616908254302331, -27.986168425200859 ], [ -48.616522844267813, -27.986894603897895 ] ] ] ] } }
]
}
