{
"type": "FeatureCollection",
"name": "sc_municipios",
"features": [
{ "type": "Feature", "properties": { "id": null, "CD_MUN": "4200051", "NM_MUN": "Abdon Batista", "SIGLA_UF": "SC", "AREA_KM2": 237.517 }, "geometry": { "type": "Polygon", "coordinates": [ [ [ -50.968677393928012, -27.549053745204958 ], [ -50.931736094766578, -27.577245909191408 ], [ -50.9678949925338, -27.570560587596496 ], [ -50.97081450884739, -27.577548981402607 ], [ -50.954956391699895, -27.5973969870637 ], [ -50.993342960103412, -27.61027433186721 ], [ -50.990774799971483, -27.620296671957771 ], [ -50.958861154213594, -27.645084109826918 ], [ -50.975460017125521, -27.660437619079374 ], [ -51.004215079477149, -27.663866526490125 ], [ -50.99315822644089, -27.644026581260182 ], [ -51.000000616411569, -27.638982363447187 ], [ -51.050242739274601, -27.640159186394932 ], [ -51.044389217732721, -27.652872098403002 ], [ -51.068540427435998, -27.646165819687102 ], [ -51.085976025172293, -27.655748060236935 ], [ -51.084838645367739, -27.629285664775043 ], [ -51.102600243684954, -27.63377532492499 ], [ -51.141595346506193, -27.613490443895625 ], [ -51.166720935723561, -27.626051819798096 ], [ -51.185753936306369, -27.614867165535863 ], [ -51.170395686716283, -27.584850119937297 ], [ -51.143640094594311, -27.577877846993484 ], [ -51.133651799017741, -27.543356632468907 ], [ -51.121376066031701, -27.528409368946356 ], [ -51.095417364218648, -27.526134715276132 ], [ -51.083147064575627, -27.507492550114918 ], [ -51.070721009099501, -27.513139688177848 ], [ -51.04176853528498, -27.504318352328475 ], [ -51.018160659883243, -27.53134175379833 ], [ -50.969564839953854, -27.534348294616876 ], [ -50.968677393928012, -27.549053745204958 ] ] ] } },
{ "type": "Feature", "properties": { "id": null, "CD_MUN": "4200101", "NM_MUN": "Abelardo Luz", "SIGLA_UF": "SC", "AREA_KM2": 953.992 }, "geometry": { "type": "Polygon", "coordinates": [ [ [ -52.029112005807583, -26.546887443770355 ], [ -52.026877090713931, -26.58107818061783 ], [ -52.03489308277593, -26.587837658179311 ], [ -52.02753452521879, -26.592843185922789 ], [ -52.042228095846667, -26.599489817448184 ], [ -52.052819492497939, -26.640586731704047 ], [ -52.069532455613192, -26.659111214570487 ], [ -52.059891893989601, -26.670848814409542 ], [ -52.086368574503453, -26.686869727361128 ], [ -52.086263529871822, -26.676634591888231 ], [ -52.096733581862424, -26.677788845628758 ], [ -52.090400115020849, -26.668769223173122 ], [ -52.100212732506591, -26.680550349340376 ], [ -52.1084696027756, -26.67889312469616 ], [ -52.110811373615221, -26.688765540767353 ], [ -52.117037984710826, -26.680493926322335 ], [ -52.132032200318882, -26.686402222354488 ], [ -52.146905071266261, -26.671261508484363 ], [ -52.144246355417408, -26.691364223769764 ], [ -52.131401932529094, -26.705216880742292 ], [ -52.132954057517154, -26.718058759648745 ], [ -52.12311608443067, -26.724824685555145 ], [ -52.168069753425428, -26.725288966389321 ], [ -52.185345973099935, -26.712887187023597 ], [ -52.178338771724455, -26.70091261050877 ], [ -52.18608671886436, -26.697320882388812 ], [ -52.179671751877557, -26.679528286670696 ], [ -52.186682575481711, -26.668911086761341 ], [ -52.200588311372357, -26.662989894039349 ], [ -52.219778878902609, -26.665965805219528 ], [ -52.215781749557642, -26.671622615799837 ], [ -52.233231836208645, -26.681022690605701 ], [ -52.253936495325846, -26.675843057549407 ], [ -52.281280699607812, -26.643802843732466 ], [ -52.338783579853711, -26.66683955595607 ], [ -52.365633349921282, -26.663563796737151 ], [ -52.394498890247554, -26.683205455360827 ], [ -52.414582337146662, -26.657847338966338 ], [ -52.392207830609408, -26.638748953402096 ], [ -52.415659950178046, -26.615193149412505 ], [ -52.418103143420616, -26.58731373015463 ], [ -52.458288148362222, -26.583701044913688 ], [ -52.464063791987549, -26.554481981998865 ], [ -52.477761249729276, -26.540645445888636 ], [ -52.480358387690615, -26.529472076230007 ], [ -52.466124840104712, -26.509527345395128 ], [ -52.480568476953877, -26.489015160207366 ], [ -52.481028499995844, -26.468398189414671 ], [ -52.442616575991586, -26.438118373760652 ], [ -52.419206112052734, -26.437338124025434 ], [ -52.401270646759031, -26.423188843186626 ], [ -52.37742008203594, -26.440957257611299 ], [ -52.365716661180848, -26.43275818704662 ], [ -52.352455681994698, -26.441305468236934 ], [ -52.340964161517206, -26.435258532789014 ], [ -52.335172217862834, -26.44325125631628 ], [ -52.311761753923982, -26.438829303787983 ], [ -52.278518750241673, -26.460740779823197 ], [ -52.261622864578236, -26.454281150300456 ], [ -52.22981245233764, -26.467042424895421 ], [ -52.186343897100421, -26.445116440084139 ], [ -52.16669511764254, -26.46498056660753 ], [ -52.100504321915082, -26.481741427138587 ], [ -52.096672003974916, -26.506968964548463 ], [ -52.093044341954993, -26.51369620038535 ], [ -52.087817465974219, -26.509319386271486 ], [ -52.081353598900272, -26.525111382978444 ], [ -52.065189403429578, -26.523018895052186 ], [ -52.029112005807583, -26.546887443770355 ] ] ] } },
{ "type": "Feature", "properties": { "id": null, "CD_MUN": "4200200", "NM_MUN": "Agrolândia", "SIGLA_UF": "SC", "AREA_KM2": 206.815 }, "geometry": { "type": "Polygon", "coordinates": [ [ [ -49.767280130857934, -27.375309539703839 ], [ -49.750472989797089, -27.395958752221134 ], [ -49.790956828604536, -27.422261551146278 ], [ -49.812177655308197, -27.44907538140626 ], [ -49.816817730243315, -27.473957932362964 ], [ -49.80177099231944, -27.48717059110227 ], [ -49.770641559070107, -27.465426772034952 ], [ -49.761913799073099, -27.46835432062824 ], [ -49.784429572528751, -27.484275284233579 ], [ -49.781582500788701, -27.496509406631404 ], [ -49.788884913801347, -27.498224666379894 ], [ -49.753892373668087, -27.520977651427053 ], [ -49.769458901407091, -27.561786002247789 ], [ -49.763254023683551, -27.58102463931402 ], [ -49.776011513083617, -27.586396110631661 ], [ -49.834682562077816, -27.539179717047539 ], [ -49.831846357023799, -27.530139137470911 ], [ -49.848693342600093, -27.51067480833251 ], [ -49.849660477656826, -27.493675359039443 ], [ -49.892232531296514, -27.49713973234725 ], [ -49.88817925740706, -27.465770146401898 ], [ -49.911082609331139, -27.440284675195254 ], [ -49.901269991845396, -27.423820438530477 ], [ -49.892469787274855, -27.423712428753081 ], [ -49.862475922715724, -27.393363293391182 ], [ -49.86488108255719, -27.37879970639132 ], [ -49.842372553558896, -27.349274347092837 ], [ -49.82491703356488, -27.357612057073279 ], [ -49.807378202311298, -27.354948890621678 ], [ -49.767280130857934, -27.375309539703839 ] ] ] } },
{ "type": "Feature", "properties": { "id": null, "CD_MUN": "4200309", "NM_MUN": "Agronômica", "SIGLA_UF": "SC", "AREA_KM2": 129.774 }, "geometry": { "type": "Polygon", "coordinates": [ [ [ -49.681650644935857, -27.291289217493766 ], [ -49.691695085056921, -27.30441965983535 ], [ -49.690025237636867, -27.316972975306673 ], [ -49.680574843018817, -27.317461437434297 ], [ -49.673085885229312, -27.330111478079406 ], [ -49.677816515881354, -27.335671563485928 ], [ -49.667377252834505, -27.340046765513559 ], [ -49.660295795771148, -27.391714129178112 ], [ -49.690362104903819, -27.393268180303625 ], [ -49.701969536698968, -27.38556079603903 ], [ -49.711220708739788, -27.393763090776169 ], [ -49.724695399417882, -27.388585069806105 ], [ -49.750472989797089, -27.395958752221134 ], [ -49.767280130857934, -27.375309539703839 ], [ -49.763924135988781, -27.347307601892503 ], [ -49.771702872072439, -27.341726559364993 ], [ -49.758691826664986, -27.312223769273729 ], [ -49.761555198434081, -27.28299180966907 ], [ -49.752834682894431, -27.27913247523497 ], [ -49.757836980697242, -27.269708219135655 ], [ -49.779447196983668, -27.262890706469904 ], [ -49.779081351887299, -27.252613656755035 ], [ -49.755312287309437, -27.244993325146851 ], [ -49.734962606602572, -27.262806877985955 ], [ -49.691175295241784, -27.244732167177624 ], [ -49.69942673216778, -27.251091847354118 ], [ -49.697490650939969, -27.281977807430536 ], [ -49.681650644935857, -27.291289217493766 ] ] ] } },
{ "type": "Feature", "properties": { "id": null, "CD_MUN": "4200408", "NM_MUN": "Água Doce", "SIGLA_UF": "SC", "AREA_KM2": 1319.137 }, "geometry": { "type": "Polygon", "coordinates": [ [ [ -51.411474927422162, -26.717122137549239 ], [ -51.469568230942393, -26.793528576496048 ], [ -51.461367505217872, -26.812641470836358 ], [ -51.43238062023093, -26.824235595000957 ], [ -51.426264487109968, -26.844712314291666 ], [ -51.436479171978846, -26.855774450000439 ], [ -51.510383503673779, -26.838617016256855 ], [ -51.529889205098925, -26.879454384629724 ], [ -51.540857313532598, -26.935151963868737 ], [ -51.526254298621645, -26.956030092630659 ], [ -51.507643287679699, -26.960147360861527 ], [ -51.489447021921258, -26.989237456877966 ], [ -51.493911418765542, -26.994607316109374 ], [ -51.472226946791245, -27.012232254859594 ], [ -51.454887338114887, -27.01210328796121 ], [ -51.450960842229122, -27.018392036343595 ], [ -51.463415875534665, -27.030959860590986 ], [ -51.460029091721758, -27.055561908543709 ], [ -51.449816217967218, -27.0675993564215 ], [ -51.455555639305778, -27.070135168060947 ], [ -51.464953511608016, -27.058444318722561 ], [ -51.474012705528956, -27.060195044368104 ], [ -51.466636036828433, -27.050119505431958 ], [ -51.47574231972218, -27.053869218002436 ], [ -51.481905541815934, -27.045012416256007 ], [ -51.479866227070836, -27.052013706751953 ], [ -51.491441058807894, -27.061802294339198 ], [ -51.49577686653415, -27.054989617932133 ], [ -51.489928778335283, -27.048462280787742 ], [ -51.503057546174738, -27.058276661754661 ], [ -51.505337739126851, -27.049405351232167 ], [ -51.518615018342047, -27.045600827729878 ], [ -51.543546818325197, -27.056058431102482 ], [ -51.569547175768037, -27.04824787331918 ], [ -51.600442975267718, -27.051554262176467 ], [ -51.618581285367327, -27.040932226008422 ], [ -51.616569137337308, -26.993091955053377 ], [ -51.608582123104725, -26.980109824644931 ], [ -51.62940993799694, -26.978707309625019 ], [ -51.635824904983743, -26.96218987411466 ], [ -51.633180678049598, -26.942317687160124 ], [ -51.61811401786801, -26.938469637329629 ], [ -51.665885780773394, -26.926564380522681 ], [ -51.670370099875406, -26.93258068633223 ], [ -51.691116414622385, -26.930867038669973 ], [ -51.686452795200871, -26.91405781555202 ], [ -51.671212268042787, -26.909460145624681 ], [ -51.673144727041915, -26.884711397825047 ], [ -51.690623791522327, -26.889974859365289 ], [ -51.694470598377201, -26.851294462367871 ], [ -51.702712979731501, -26.857244672642 ], [ -51.724623840998113, -26.85255833797202 ], [ -51.712690408622045, -26.825015844736175 ], [ -51.678733825890383, -26.818365989038316 ], [ -51.702676757444735, -26.791342587568462 ], [ -51.731525997741961, -26.790119014120055 ], [ -51.752659890957375, -26.774449535966561 ], [ -51.765576758419222, -26.788229649058749 ], [ -51.776937878664341, -26.780475514293492 ], [ -51.776622744769455, -26.768542852020637 ], [ -51.785718160977162, -26.770367733632749 ], [ -51.78289101149484, -26.757261472584613 ], [ -51.775128575440228, -26.744558233093919 ], [ -51.757053654342464, -26.736497801945003 ], [ -51.778703715144331, -26.708484579530062 ], [ -51.809289814092139, -26.692881196911987 ], [ -51.812852275995873, -26.70067885800545 ], [ -51.820904490344638, -26.695454086534724 ], [ -51.824974064263145, -26.702326410132287 ], [ -51.843320652511679, -26.700124300342406 ], [ -51.844702532751917, -26.709313191852168 ], [ -51.853481003950399, -26.710325582004472 ], [ -51.847924505160023, -26.681757801926484 ], [ -51.870069000176294, -26.690809666106716 ], [ -51.884099702956291, -26.677664714989064 ], [ -51.854841150818579, -26.67294452650826 ], [ -51.846037324019356, -26.660397659381857 ], [ -51.852638835783019, -26.650434966481797 ], [ -51.832584366713327, -26.625017202896803 ], [ -51.832524599940157, -26.60279943047793 ], [ -51.821833592000267, -26.596299498799443 ], [ -51.820562189734673, -26.578600404082653 ], [ -51.789398345312904, -26.588682391363719 ], [ -51.734545125344162, -26.572376139149458 ], [ -51.695568133666306, -26.581403822036247 ], [ -51.664105455378696, -26.56374180530274 ], [ -51.63099466304309, -26.587818313144552 ], [ -51.596989180224284, -26.584060540142929 ], [ -51.53560689306542, -26.591798554045887 ], [ -51.510905104603253, -26.581060447669302 ], [ -51.498562360386693, -26.584532881408254 ], [ -51.479647082235886, -26.607144002867194 ], [ -51.486701372584164, -26.624423955164243 ], [ -51.467677427573044, -26.622241190409117 ], [ -51.454883715886211, -26.64065766349816 ], [ -51.45676184145519, -26.653177125158656 ], [ -51.439494677352371, -26.667234517082367 ], [ -51.435345414402974, -26.688178741379712 ], [ -51.407318420015407, -26.700619210814949 ], [ -51.411474927422162, -26.717122137549239 ] ] ] } },
{ "type": "Feature", "properties": { "id": null, "CD_MUN": "4200507", "NM_MUN": "Águas de Chapecó", "SIGLA_UF": "SC", "AREA_KM2": 139.511 }, "geometry": { "type": "Polygon", "coordinates": [ [ [ -52.905234944805763, -26.973555082034633 ], [ -52.898403421521117, -27.086168977702371 ], [ -52.941707165353542, -27.08945118526621 ], [ -52.949129111912519, -27.102981424992784 ], [ -52.958628406617713, -27.101146870863289 ], [ -52.959546641587309, -27.114849603816445 ], [ -52.971806074544297, -27.128366946853181 ], [ -52.987283857680723, -27.131244520773343 ], [ -52.98230329324997, -27.138502132979827 ], [ -53.003006141252833, -27.135614886542285 ], [ -53.022640431796006, -27.156665508530793 ], [ -53.037549525030158, -27.15774721839098 ], [ -53.044777682354926, -27.133925420173473 ], [ -53.017866334399848, -27.092270724082102 ], [ -52.993135568108265, -27.098956045677014 ], [ -52.993108401393187, -27.064952310832194 ], [ -52.969473359276371, -27.067752504613328 ], [ -52.982440937939693, -27.036490928445371 ], [ -52.946120850996351, -27.038109463020074 ], [ -52.969102080836983, -27.024764613209928 ], [ -52.950800770446911, -27.003734948342405 ], [ -52.975741626001756, -26.990296597530932 ], [ -52.978809653691094, -26.97797219830424 ], [ -52.957116126145102, -26.954864554286527 ], [ -52.937499946745312, -26.946554249771992 ], [ -52.943005734334207, -26.965312485141752 ], [ -52.905234944805763, -26.973555082034633 ] ] ] } },
{ "type": "Feature", "properties": { "id": null, "CD_MUN": "4200556", "NM_MUN": "Águas Frias", "SIGLA_UF": "SC", "AREA_KM2": 76.631 }, "geometry": { "type": "Polygon", "coordinates": [ [ [ -52.804799599166827, -26.830671043230254 ], [ -52.801543215586285, -26.849158448113407 ], [ -52.785953143360878, -26.8555342491522 ], [ -52.784736074525441, -26.868584087182295 ], [ -52.793818812932784, -26.875358073519845 ], [ -52.810884943344028, -26.864384602553709 ], [ -52.81875423514461, -26.867866708810041 ], [ -52.808039682718324, -26.880410351763985 ], [ -52.786530888834847, -26.884458300286973 ], [ -52.80295950699896, -26.898001436703382 ], [ -52.825138413187659, -26.889191385457615 ], [ -52.826083814872334, -26.879410858301519 ], [ -52.843258612143885, -26.882272311359387 ], [ -52.845288871317294, -26.892875002492669 ], [ -52.85362724173153, -26.888448213705686 ], [ -52.854036553572023, -26.896703707288406 ], [ -52.875253758047002, -26.894840135606778 ], [ -52.879232776248585, -26.878558064685965 ], [ -52.893899180161384, -26.875380642727063 ], [ -52.875615980914695, -26.863665612095225 ], [ -52.890161040166817, -26.849801670519092 ], [ -52.897391008605922, -26.854787853227812 ], [ -52.895516505265626, -26.864869840508874 ], [ -52.904524987985091, -26.865180973151222 ], [ -52.900969770538708, -26.853178991170488 ], [ -52.911966856801797, -26.854312287790023 ], [ -52.91972929285641, -26.842626274710327 ], [ -52.876061515041954, -26.797139649650759 ], [ -52.852721684562304, -26.810458706081231 ], [ -52.834097995819988, -26.835558888678957 ], [ -52.804799599166827, -26.830671043230254 ] ] ] } },
{ "type": "Feature", "properties": { "id": null, "CD_MUN": "4200606", "NM_MUN": "Águas Mornas", "SIGLA_UF": "SC", "AREA_KM2": 326.66 }, "geometry": { "type": "Polygon", "coordinates": [ [ [ -48.882425809634071, -27.815139862034297 ], [ -48.915590935399834, -27.808678620425326 ], [ -48.923036426445215, -27.820651584853923 ], [ -48.948399271640916, -27.815918499683281 ], [ -49.008434089731971, -27.864637357633562 ], [ -49.021177090217328, -27.86217892613314 ], [ -49.018688619116297, -27.838618285884859 ], [ -49.035381659973822, -27.824364219441115 ], [ -49.031456975202389, -27.774291209057818 ], [ -49.00652879744792, -27.720666772710306 ], [ -49.00672258668213, -27.70055599699376 ], [ -48.992518016925644, -27.699195396215824 ], [ -48.960517437679506, -27.657719641695959 ], [ -48.969873654351957, -27.634458849486418 ], [ -48.954486426932462, -27.626325874457159 ], [ -48.844528242101937, -27.625171620716635 ], [ -48.840947669054813, -27.635643732865308 ], [ -48.863093975185421, -27.659947544865521 ], [ -48.836648083615323, -27.692447203257952 ], [ -48.81306556381432, -27.692129622270684 ], [ -48.81191731732374, -27.703804350746775 ], [ -48.804658371055218, -27.705090795558142 ], [ -48.825810375414022, -27.717108898401175 ], [ -48.83104811808083, -27.712322614384949 ], [ -48.832602054183219, -27.719757556076708 ], [ -48.845594988447282, -27.709309625221483 ], [ -48.868650473975798, -27.716449555133195 ], [ -48.859437335336082, -27.755412067220824 ], [ -48.882639521126009, -27.78275466176418 ], [ -48.876425587830781, -27.800887407676782 ], [ -48.882425809634071, -27.815139862034297 ] ] ] } },
{ "type": "Feature", "properties": { "id": null, "CD_MUN": "4200705", "NM_MUN": "Alfredo Wagner", "SIGLA_UF": "SC", "AREA_KM2": 733.489 }, "geometry": { "type": "Polygon", "coordinates": [ [ [ -49.30059762146827, -27.584421305000173 ], [ -49.306117897971873, -27.60089843835479 ], [ -49.286697318920638, -27.626127587850895 ], [ -49.283241712762866, -27.643265676559722 ], [ -49.25489596225173, -27.654838843603336 ], [ -49.213937611487609, -27.655216071781105 ], [ -49.201609356185756, -27.64523242176006 ], [ -49.192609929037978, -27.658812636159752 ], [ -49.162755520282914, -27.663563454278925 ], [ -49.146997014424031, -27.687657695069266 ], [ -49.157995911801457, -27.706486862233135 ], [ -49.150367498207892, -27.712749817235842 ], [ -49.160033415432217, -27.753548495539196 ], [ -49.193037352021854, -27.785546795114165 ], [ -49.18743195314434, -27.797963083255954 ], [ -49.193841486788131, -27.813279514525124 ], [ -49.208241656893172, -27.81860584742833 ], [ -49.212854565113211, -27.829906571899109 ], [ -49.233588202059828, -27.831213973831463 ], [ -49.242596684779294, -27.846061288007768 ], [ -49.270917079689688, -27.854961616082402 ], [ -49.280720641603736, -27.873378089171446 ], [ -49.292603362778337, -27.875472189183935 ], [ -49.305692286102335, -27.855698339489411 ], [ -49.311632741132463, -27.857097630336863 ], [ -49.306085297913782, -27.847928083861856 ], [ -49.314135701148203, -27.831489640576756 ], [ -49.33802067704373, -27.837172244536742 ], [ -49.356423409836758, -27.811588436070082 ], [ -49.383072146212761, -27.815887870044914 ], [ -49.40576903110226, -27.791377711007289 ], [ -49.426243678698476, -27.786049766017857 ], [ -49.418877876683986, -27.778951750348121 ], [ -49.430296952587931, -27.773320733147489 ], [ -49.425064643264143, -27.764775064043405 ], [ -49.435679584401818, -27.758088130362268 ], [ -49.457679190271008, -27.760277343462313 ], [ -49.468801243423457, -27.750674145791493 ], [ -49.472992162002633, -27.729433297627867 ], [ -49.458917992478511, -27.708076379255701 ], [ -49.480102596895406, -27.672408971421746 ], [ -49.504306328914495, -27.653700710725111 ], [ -49.510438762064496, -27.627033580312034 ], [ -49.497349838740497, -27.584959741800922 ], [ -49.472926961886451, -27.565775915666499 ], [ -49.436320718877631, -27.58452286643265 ], [ -49.410515961783346, -27.560831647199755 ], [ -49.380973064694494, -27.558007272125174 ], [ -49.354496384180642, -27.562656528811871 ], [ -49.322722194226813, -27.5888448696147 ], [ -49.30059762146827, -27.584421305000173 ] ] ] } },
{ "type": "Feature", "properties": { "id": null, "CD_MUN": "4200754", "NM_MUN": "Alto Bela Vista", "SIGLA_UF": "SC", "AREA_KM2": 103.433 }, "geometry": { "type": "Polygon", "coordinates": [ [ [ -51.939438301567741, -27.335599019605588 ], [ -51.921937503715263, -27.352645219399317 ], [ -51.915441036583232, -27.389679676356128 ], [ -51.901595067465756, -27.389807031168278 ], [ -51.905313285202602, -27.394843188550123 ], [ -51.893486708572496, -27.399600455014212 ], [ -51.879015905008259, -27.433657388704614 ], [ -51.881598554054889, -27.455586597688356 ], [ -51.869416999014454, -27.449731500501784 ], [ -51.857805944990631, -27.470364592156781 ], [ -51.87971318402856, -27.487409179864276 ], [ -51.873765484541082, -27.513276715507381 ], [ -51.879173471955703, -27.520629440801422 ], [ -51.894790710896189, -27.517021591819166 ], [ -51.903925971619344, -27.459836056990063 ], [ -51.919988744687089, -27.458963918339752 ], [ -51.950822966299256, -27.475324981485823 ], [ -51.96317657720185, -27.469927716788508 ], [ -51.96379416719126, -27.46313599750243 ], [ -51.934124492098718, -27.439377070647886 ], [ -51.937270397704609, -27.427305768959268 ], [ -51.960825750790534, -27.4125632403879 ], [ -51.999581786519101, -27.409738865313319 ], [ -52.008470735692228, -27.40207178320447 ], [ -51.990942771124679, -27.389092876968487 ], [ -51.950629177065046, -27.394511098786786 ], [ -51.9520871241075, -27.380247359825663 ], [ -51.983412157705388, -27.375082235545438 ], [ -51.993416753311003, -27.364916419780425 ], [ -51.970698135049446, -27.354413677993389 ], [ -51.957951512335413, -27.361903430616962 ], [ -51.963122243771693, -27.341500867292822 ], [ -51.951043922248552, -27.351887538871317 ], [ -51.94568302380673, -27.348766539930459 ], [ -51.952306268942451, -27.334404463709319 ], [ -51.939438301567741, -27.335599019605588 ] ] ] } },
{ "type": "Feature", "properties": { "id": null, "CD_MUN": "4200804", "NM_MUN": "Anchieta", "SIGLA_UF": "SC", "AREA_KM2": 232.348 }, "geometry": { "type": "Polygon", "coordinates": [ [ [ -53.238740783545936, -26.543255413494656 ], [ -53.25894557510572, -26.550251867731916 ], [ -53.253863588272019, -26.570357807189772 ], [ -53.275203948522019, -26.565083061045922 ], [ -53.27242932135551, -26.575318196518815 ], [ -53.334054297835728, -26.59045246204402 ], [ -53.344801450320105, -26.585274441073956 ], [ -53.391520955794853, -26.620983763149884 ], [ -53.403439899256213, -26.609015634979976 ], [ -53.396113941757172, -26.592852858440168 ], [ -53.41255885995033, -26.584926230448321 ], [ -53.428947633598995, -26.614134008759535 ], [ -53.436010979518962, -26.609773315507972 ], [ -53.428936766912962, -26.583699432827459 ], [ -53.441734100828477, -26.592646511402755 ], [ -53.4561994710497, -26.583001399489962 ], [ -53.445151673585137, -26.585806429529782 ], [ -53.431993927916274, -26.575039305601063 ], [ -53.447837556149061, -26.563611226318127 ], [ -53.458427141686002, -26.566461394772386 ], [ -53.452262108477903, -26.554417498549675 ], [ -53.462491282261489, -26.552560375212963 ], [ -53.426339628951624, -26.54426780364696 ], [ -53.448297579191028, -26.535064403361126 ], [ -53.447495255539096, -26.528999734964682 ], [ -53.429092522746068, -26.531630659691686 ], [ -53.428650610847484, -26.512192123932962 ], [ -53.406660060549989, -26.526602562740994 ], [ -53.399868381780784, -26.511776205685678 ], [ -53.377350797210795, -26.515524306169922 ], [ -53.350587960631465, -26.504336427735229 ], [ -53.361690091526185, -26.498089593594816 ], [ -53.356417937686949, -26.495421590884526 ], [ -53.361894747446428, -26.488497680527608 ], [ -53.347826011265326, -26.487045190834571 ], [ -53.347337010393943, -26.477045419951228 ], [ -53.339163451384501, -26.481823643536305 ], [ -53.329405167328915, -26.464727469069452 ], [ -53.326127050376314, -26.471322513835496 ], [ -53.312907726819944, -26.457500486501335 ], [ -53.316258288346084, -26.462799413938633 ], [ -53.306215659339358, -26.46972816055424 ], [ -53.301700551293592, -26.45702008480486 ], [ -53.289901141378571, -26.4606488909081 ], [ -53.285094443924315, -26.451182720566813 ], [ -53.258059940194215, -26.448987059121848 ], [ -53.257215960912497, -26.443167427832332 ], [ -53.239881785579158, -26.451368110483237 ], [ -53.230025701349298, -26.474088853805803 ], [ -53.247379798940358, -26.514453880913347 ], [ -53.238231860416832, -26.521711493119831 ], [ -53.248406700770261, -26.528167898470112 ], [ -53.23899615066766, -26.533205667938187 ], [ -53.238740783545936, -26.543255413494656 ] ] ] } },
{ "type": "Feature", "properties": { "id": null, "CD_MUN": "4200903", "NM_MUN": "Angelina", "SIGLA_UF": "SC", "AREA_KM2": 499.998 }, "geometry": { "type": "Polygon", "coordinates": [ [ [ -48.919484831227507, -27.461610963929054 ], [ -48.920754422378764, -27.467353215079545 ], [ -48.904927094175022, -27.467843289293398 ], [ -48.897588458875603, -27.478299280579773 ], [ -48.899602418019967, -27.492875764269471 ], [ -48.923456604971733, -27.539431202499383 ], [ -48.92175234637925, -27.573646120640305 ], [ -48.938597520841206, -27.597493712237487 ], [ -48.954921094373688, -27.601502970690959 ], [ -48.956712286454419, -27.619863020761958 ], [ -48.94782514839563, -27.624133437184657 ], [ -48.963668776628417, -27.63526166842885 ], [ -48.978920170472534, -27.626604765374914 ], [ -48.98839954292, -27.632974118068788 ], [ -49.001323654839204, -27.62536023480552 ], [ -49.009522569449381, -27.630485056930002 ], [ -49.010275993014176, -27.622265029244335 ], [ -49.064696356656029, -27.648922487140034 ], [ -49.080572584946907, -27.623395101691415 ], [ -49.089191678083608, -27.585299891995405 ], [ -49.128798937551252, -27.600400303709787 ], [ -49.13799215393324, -27.58208216788076 ], [ -49.143735197500476, -27.593086268485258 ], [ -49.182989289672115, -27.59086320157439 ], [ -49.203516459584144, -27.601074155753835 ], [ -49.209194303035197, -27.629274380171434 ], [ -49.226570133998322, -27.619535767257315 ], [ -49.262613120447881, -27.572896500543454 ], [ -49.243065763392956, -27.50255472999309 ], [ -49.225137542556602, -27.491453904214804 ], [ -49.181717887406521, -27.503228582037142 ], [ -49.170865690290505, -27.4928177291652 ], [ -49.151720400618714, -27.491139547399996 ], [ -49.125998954784002, -27.502369340076665 ], [ -49.11273435336917, -27.486406462229354 ], [ -49.09815488294462, -27.485344097403924 ], [ -49.079071171160336, -27.452970181737417 ], [ -49.050584153730796, -27.444263304010359 ], [ -49.042321850118775, -27.444821085845863 ], [ -49.049265662492402, -27.456055714781222 ], [ -49.038614499067961, -27.460732376933823 ], [ -49.033208322767678, -27.483743295777749 ], [ -49.018938552895001, -27.482195692997159 ], [ -48.988778065816739, -27.450087771558564 ], [ -48.972240780792319, -27.454978841179727 ], [ -48.954240115382433, -27.448601428054705 ], [ -48.919484831227507, -27.461610963929054 ] ] ] } },
{ "type": "Feature", "properties": { "id": null, "CD_MUN": "4201000", "NM_MUN": "Anita Garibaldi", "SIGLA_UF": "SC", "AREA_KM2": 589.812 }, "geometry": { "type": "Polygon", "coordinates": [ [ [ -51.17908541331218, -27.594656440473067 ], [ -51.185398957896034, -27.615974668775721 ], [ -51.167825715470016, -27.625797110173792 ], [ -51.141595346506193, -27.613490443895625 ], [ -51.102819388519904, -27.633714065648256 ], [ -51.083976554942637, -27.629753169781679 ], [ -51.086671493078256, -27.65556428240674 ], [ -51.068375616031197, -27.646154535083493 ], [ -51.044389217732721, -27.652872098403002 ], [ -51.050242739274601, -27.640159186394932 ], [ -50.998560780512499, -27.63912422703541 ], [ -50.99315822644089, -27.644026581260182 ], [ -51.002351442822878, -27.664550051051553 ], [ -50.972413722808241, -27.659315607063444 ], [ -50.956166216077975, -27.643892778103108 ], [ -50.939348208331097, -27.655976976481565 ], [ -50.945462530337721, -27.672189727694494 ], [ -50.928990445429484, -27.667426012885485 ], [ -50.923973658711965, -27.679518271695088 ], [ -50.918580160212052, -27.673013503757915 ], [ -50.90716651765112, -27.678992731584181 ], [ -50.926923963969308, -27.741873767063105 ], [ -50.940880411061428, -27.753240587069307 ], [ -50.965701733069935, -27.751580138252631 ], [ -50.958569564805103, -27.781610080541032 ], [ -50.934403866187125, -27.817393558583532 ], [ -51.004215079477149, -27.824886535379566 ], [ -51.041121967466154, -27.866837855337216 ], [ -51.053404944909545, -27.86888198067658 ], [ -51.078593923128757, -27.861596963004189 ], [ -51.076563663955348, -27.841845682516883 ], [ -51.089525809275656, -27.82976148413843 ], [ -51.129613014042988, -27.831636340423668 ], [ -51.134606256274104, -27.803656971819549 ], [ -51.157792142034985, -27.802889618774174 ], [ -51.19242427041489, -27.775879113994154 ], [ -51.222313090342389, -27.769822506028859 ], [ -51.240125399861078, -27.77902268214223 ], [ -51.246862745200126, -27.759634121056628 ], [ -51.273158314280131, -27.750859535707917 ], [ -51.273094925278286, -27.735264213520995 ], [ -51.260297591362772, -27.737258364187237 ], [ -51.235805892163867, -27.720437856465679 ], [ -51.222568457464114, -27.723189687659918 ], [ -51.210510058198686, -27.670727565484082 ], [ -51.192806415540304, -27.654614763617396 ], [ -51.215244311079402, -27.618695870331596 ], [ -51.201360308560822, -27.614602783394176 ], [ -51.194876519229155, -27.594093822378873 ], [ -51.17908541331218, -27.594656440473067 ] ] ] } },
{ "type": "Feature", "properties": { "id": null, "CD_MUN": "4201109", "NM_MUN": "Anitápolis", "SIGLA_UF": "SC", "AREA_KM2": 540.636 }, "geometry": { "type": "Polygon", "coordinates": [ [ [ -49.028595414547638, -27.743963030816904 ], [ -49.035381659973822, -27.824364219441115 ], [ -49.018688619116297, -27.838618285884859 ], [ -49.021177090217328, -27.86217892613314 ], [ -49.006691797738377, -27.879579784897423 ], [ -49.017018771696243, -27.882455746731356 ], [ -49.015928480864488, -27.909248619870354 ], [ -49.045496733554081, -27.935719075763394 ], [ -49.033043511362877, -27.954986730381762 ], [ -49.044897254708054, -27.95880415057389 ], [ -49.039003888650726, -27.965789320207541 ], [ -49.052013122943841, -27.990044769620859 ], [ -49.1039613155137, -28.007397265798247 ], [ -49.146841258590925, -28.004079592337352 ], [ -49.157894489398501, -27.963961214422966 ], [ -49.183000156358148, -27.980839757248798 ], [ -49.192877973960073, -27.969402005448487 ], [ -49.24201531707665, -27.950558329508549 ], [ -49.264355412441475, -27.950861401719749 ], [ -49.287189942020696, -27.936381643203834 ], [ -49.307843889936422, -27.940980925217406 ], [ -49.300277054230364, -27.902724506898419 ], [ -49.283075090243727, -27.883703501473207 ], [ -49.272775283000946, -27.856423778292815 ], [ -49.242596684779294, -27.846061288007768 ], [ -49.233588202059828, -27.831213973831463 ], [ -49.212577464619429, -27.829769544569579 ], [ -49.208241656893172, -27.81860584742833 ], [ -49.193908498018651, -27.813358506750383 ], [ -49.18743195314434, -27.797963083255954 ], [ -49.193037352021854, -27.785546795114165 ], [ -49.171869047634011, -27.771787639142964 ], [ -49.157209888178571, -27.744108118577586 ], [ -49.126335822050955, -27.746987304583978 ], [ -49.115175735497402, -27.770078827739393 ], [ -49.106542153445993, -27.770501194331597 ], [ -49.092391917119656, -27.750922407070878 ], [ -49.079408038427289, -27.75083051815578 ], [ -49.052377156925871, -27.772089099267934 ], [ -49.036086183451481, -27.735425422143972 ], [ -49.028595414547638, -27.743963030816904 ] ] ] } },
{ "type": "Feature", "properties": { "id": null, "CD_MUN": "4201208", "NM_MUN": "Antônio Carlos", "SIGLA_UF": "SC", "AREA_KM2": 234.422 }, "geometry": { "type": "Polygon", "coordinates": [ [ [ -48.72308397013694, -27.537108186242264 ], [ -48.730402683178632, -27.554062497120896 ], [ -48.769510075088853, -27.558089488522896 ], [ -48.77604819785067, -27.546355112856304 ], [ -48.785940504367304, -27.55216990788713 ], [ -48.794950798201107, -27.545287911772185 ], [ -48.7995329174774, -27.551205880321721 ], [ -48.815362056795479, -27.54883288939148 ], [ -48.825685408524663, -27.565074658156547 ], [ -48.83561393732807, -27.563422269771017 ], [ -48.85306040175039, -27.575638659220317 ], [ -48.88089904024676, -27.563112749214898 ], [ -48.908444278220294, -27.56593390011702 ], [ -48.92120176762036, -27.556401634240313 ], [ -48.923456604971733, -27.539431202499383 ], [ -48.897088591318195, -27.479743709841657 ], [ -48.9048510273728, -27.467886815621601 ], [ -48.921649112861957, -27.464169344775723 ], [ -48.883597600611054, -27.432414470221453 ], [ -48.870441666056529, -27.438129315906032 ], [ -48.83515572540044, -27.396500413194339 ], [ -48.817729183235841, -27.404979986762999 ], [ -48.800463830247359, -27.401222213761375 ], [ -48.800789830828286, -27.445312772145947 ], [ -48.780691895014463, -27.465581532313013 ], [ -48.763495364370854, -27.460089154528141 ], [ -48.745087198234813, -27.477944621609218 ], [ -48.753258946129911, -27.498086026964131 ], [ -48.738784520336992, -27.502361279645516 ], [ -48.740932501942396, -27.512541604186598 ], [ -48.727383555576424, -27.518781989982088 ], [ -48.72308397013694, -27.537108186242264 ] ] ] } },
{ "type": "Feature", "properties": { "id": null, "CD_MUN": "4201257", "NM_MUN": "Apiúna", "SIGLA_UF": "SC", "AREA_KM2": 493.49 }, "geometry": { "type": "Polygon", "coordinates": [ [ [ -49.317640207393111, -27.02177902951237 ], [ -49.313806078338608, -27.034337181242382 ], [ -49.297969694563172, -27.037495258166526 ], [ -49.294184465595805, -27.058684519570797 ], [ -49.267258628726012, -27.056832232492777 ], [ -49.271493014049319, -27.080188137789875 ], [ -49.253352892835366, -27.088234060162726 ], [ -49.250348254147873, -27.12321955552148 ], [ -49.22004831126555, -27.164440600417038 ], [ -49.242868351930063, -27.180598540698156 ], [ -49.246628225296689, -27.197362625401674 ], [ -49.263132910263018, -27.210992814474491 ], [ -49.309064581000534, -27.213457694319828 ], [ -49.322349104673094, -27.231643639078015 ], [ -49.342802018897245, -27.238698128419546 ], [ -49.373538440335139, -27.225806274839968 ], [ -49.390512203915129, -27.235498137253426 ], [ -49.403094015224362, -27.231788726838694 ], [ -49.42144422570157, -27.25057920393305 ], [ -49.447096849191425, -27.255442868088306 ], [ -49.462755743761697, -27.223842753812093 ], [ -49.456706621871263, -27.199281008015113 ], [ -49.440301548193553, -27.186922754977598 ], [ -49.463431289409939, -27.17105176604538 ], [ -49.456139743083327, -27.153189850619381 ], [ -49.467381329782107, -27.105140008454462 ], [ -49.495573135574475, -27.078809804063411 ], [ -49.458186302285782, -27.100698710891407 ], [ -49.456469365892922, -27.08351064750946 ], [ -49.471293336753163, -27.068161974515693 ], [ -49.469007710458037, -27.005143911707236 ], [ -49.441482394742224, -27.014053912299246 ], [ -49.409349604149384, -27.009428836906 ], [ -49.377477614021274, -27.015548316234256 ], [ -49.384866960522167, -26.988292774347311 ], [ -49.37445305307606, -26.982094302793794 ], [ -49.32855760462531, -27.020465179235096 ], [ -49.317640207393111, -27.02177902951237 ] ] ] } },
{ "type": "Feature", "properties": { "id": null, "CD_MUN": "4201273", "NM_MUN": "Arabutã", "SIGLA_UF": "SC", "AREA_KM2": 132.779 }, "geometry": { "type": "Polygon", "coordinates": [ [ [ -52.146711282032044, -27.10083573822094 ], [ -52.085423172818778, -27.169976504530116 ], [ -52.101574690489109, -27.162656020960668 ], [ -52.107214500539051, -27.171454787602826 ], [ -52.116395039120675, -27.166813591347278 ], [ -52.116735528616303, -27.183943619624955 ], [ -52.128882672484309, -27.181407807985508 ], [ -52.134716271768468, -27.188175345978138 ], [ -52.141189194414103, -27.180155216984968 ], [ -52.178047182315964, -27.201184881852488 ], [ -52.186624619822879, -27.19449311191266 ], [ -52.192650197226918, -27.199559898932868 ], [ -52.216495328606996, -27.17924116409268 ], [ -52.230437286784408, -27.183382613616992 ], [ -52.236960920631518, -27.171532167741855 ], [ -52.233239080665996, -27.154948636696076 ], [ -52.25262705965914, -27.131604016002584 ], [ -52.244098522239362, -27.088232448076496 ], [ -52.227791248735926, -27.068232906309802 ], [ -52.200831000693711, -27.094163313315867 ], [ -52.17955040721688, -27.093857016932208 ], [ -52.175551466757575, -27.103192608288882 ], [ -52.146711282032044, -27.10083573822094 ] ] ] } },
{ "type": "Feature", "properties": { "id": null, "CD_MUN": "4201307", "NM_MUN": "Araquari", "SIGLA_UF": "SC", "AREA_KM2": 386.693 }, "geometry": { "type": "Polygon", "coordinates": [ [ [ -48.662484084372288, -26.360768864369419 ], [ -48.669348207715025, -26.368639069343221 ], [ -48.688341363782385, -26.370238258883166 ], [ -48.672238746199199, -26.385622397773989 ], [ -48.669534752491884, -26.413321263374122 ], [ -48.709560379371709, -26.430928469175818 ], [ -48.650740819001754, -26.54730981036256 ], [ -48.664836721897935, -26.580929868684692 ], [ -48.689009664973277, -26.571763546382144 ], [ -48.706727796546367, -26.597160352846146 ], [ -48.723368315088074, -26.59817757925714 ], [ -48.730451583265769, -26.571541078482433 ], [ -48.756642107714143, -26.536610394055486 ], [ -48.813125330587489, -26.513088443876722 ], [ -48.814302554907485, -26.519380416431567 ], [ -48.825976997933154, -26.515432417254825 ], [ -48.833743056216441, -26.524814759112164 ], [ -48.829782149158248, -26.529986331737309 ], [ -48.850028596347819, -26.527885783379901 ], [ -48.857345498275173, -26.540938845582456 ], [ -48.86167587265841, -26.535161128534913 ], [ -48.864526566627134, -26.540385900005642 ], [ -48.908504044993464, -26.496600025918497 ], [ -48.897693503507234, -26.496358212984031 ], [ -48.905972107148308, -26.490314501708571 ], [ -48.895214087977891, -26.477287232885693 ], [ -48.88041547271839, -26.477579020493284 ], [ -48.881690497212659, -26.457800334540075 ], [ -48.869032619101212, -26.458666024845467 ], [ -48.875000240846411, -26.448866152654617 ], [ -48.839947933939989, -26.440197964997072 ], [ -48.825125774194085, -26.449477133335701 ], [ -48.803213101813135, -26.416152086793623 ], [ -48.82443936185981, -26.413379298478397 ], [ -48.824941040531563, -26.399595961213748 ], [ -48.808506989024437, -26.392161019521989 ], [ -48.803189557326732, -26.368982443710166 ], [ -48.766248258165298, -26.352121633832862 ], [ -48.756689196686942, -26.361366948360669 ], [ -48.731168784543797, -26.353727271717727 ], [ -48.724078271908752, -26.337308173467385 ], [ -48.757196308701708, -26.293868897919644 ], [ -48.739885677854772, -26.286356576088853 ], [ -48.721546334063589, -26.304993904991377 ], [ -48.724063782994044, -26.326444324364875 ], [ -48.704038291753761, -26.343550171349104 ], [ -48.662484084372288, -26.360768864369419 ] ] ] } },
{ "type": "Feature", "properties": { "id": null, "CD_MUN": "4201406", "NM_MUN": "Araranguá", "SIGLA_UF": "SC", "AREA_KM2": 301.819 }, "geometry": { "type": "Polygon", "coordinates": [ [ [ -49.376445278848358, -28.956089054904709 ], [ -49.388512733685474, -28.945028531282166 ], [ -49.4093785819788, -28.941843048892114 ], [ -49.482639968083575, -29.003013660881241 ], [ -49.536047918810233, -29.02883767019614 ], [ -49.54910424207614, -29.050304210431932 ], [ -49.56501850376813, -29.058843431191093 ], [ -49.623350874381039, -29.018012511163143 ], [ -49.580338719957112, -28.983962025817661 ], [ -49.59818544064823, -28.976030561567129 ], [ -49.603062771561682, -28.940922547654907 ], [ -49.582160700981596, -28.938364166808242 ], [ -49.578313894126715, -28.930500410179359 ], [ -49.572608883960591, -28.936956815529641 ], [ -49.569611489730448, -28.923697406289673 ], [ -49.547093905160459, -28.926346063965209 ], [ -49.528216660410756, -28.912954463654398 ], [ -49.514578969442205, -28.917102361523632 ], [ -49.513599156585101, -28.891845806561616 ], [ -49.48994238109622, -28.882165228751767 ], [ -49.432720223572787, -28.909309536688859 ], [ -49.397863517014912, -28.833623700286765 ], [ -49.290109458334285, -28.883166334300462 ], [ -49.376445278848358, -28.956089054904709 ] ] ] } },
{ "type": "Feature", "properties": { "id": null, "CD_MUN": "4201505", "NM_MUN": "Armazém", "SIGLA_UF": "SC", "AREA_KM2": 173.958 }, "geometry": { "type": "Polygon", "coordinates": [ [ [ -48.92155312380202, -28.234986763460359 ], [ -48.920801511351563, -28.251302688191995 ], [ -48.941142136486732, -28.251460672642512 ], [ -48.955998707405065, -28.269609539417413 ], [ -48.949371840040669, -28.289165757470915 ], [ -48.955960674003961, -28.29350388151526 ], [ -48.95049291981617, -28.299234848062142 ], [ -48.95489392765861, -28.318760436477277 ], [ -48.966644437486494, -28.319171518465872 ], [ -48.992793306305089, -28.298390114877733 ], [ -49.016535204167873, -28.305707374274721 ], [ -49.02237061456637, -28.298262760065583 ], [ -49.03762019729615, -28.304246824150535 ], [ -49.045436966780912, -28.291848268957274 ], [ -49.070386877907453, -28.294529168357403 ], [ -49.08270064429459, -28.253524143016637 ], [ -49.069370842763576, -28.231857704088348 ], [ -49.06710513872617, -28.20031240074395 ], [ -49.080027439531037, -28.186998180572171 ], [ -49.05900764651895, -28.163622930240312 ], [ -49.018686808001959, -28.148609571182341 ], [ -49.009584147336888, -28.156657105641418 ], [ -49.012532641479893, -28.164353205302405 ], [ -48.997123680688333, -28.16327310752845 ], [ -48.997480470213006, -28.173530812208561 ], [ -48.977663257121648, -28.186980447623643 ], [ -48.973157204647578, -28.181692804789954 ], [ -48.978807881383553, -28.199575677336938 ], [ -48.970112721444636, -28.204526394148605 ], [ -48.977949413187126, -28.211663099887854 ], [ -48.962328552017965, -28.221756371772528 ], [ -48.969426309110361, -28.230111814701495 ], [ -48.964644967256845, -28.237828871483465 ], [ -48.92155312380202, -28.234986763460359 ] ] ] } },
{ "type": "Feature", "properties": { "id": null, "CD_MUN": "4201604", "NM_MUN": "Arroio Trinta", "SIGLA_UF": "SC", "AREA_KM2": 93.53 }, "geometry": { "type": "Polygon", "coordinates": [ [ [ -51.28177921853117, -26.878243707871157 ], [ -51.285310891491157, -26.887626049728496 ], [ -51.274656105838034, -26.887966199922978 ], [ -51.287527695441419, -26.89540597787343 ], [ -51.275061795449844, -26.899644152571529 ], [ -51.267505826429819, -26.917668888706736 ], [ -51.2805512830097, -26.917351307719471 ], [ -51.351623031879285, -26.981212491626103 ], [ -51.380349116401497, -26.979990530263926 ], [ -51.37976231535584, -26.970343806264903 ], [ -51.395363254267281, -26.969894034206796 ], [ -51.401649632136049, -26.95251574464973 ], [ -51.407876243231655, -26.954561482075327 ], [ -51.406056073321508, -26.943096324809108 ], [ -51.363498508596528, -26.939902781987907 ], [ -51.369998597957235, -26.928460193928906 ], [ -51.363186996930317, -26.92099462259878 ], [ -51.371418511598584, -26.91020009320415 ], [ -51.362084028298199, -26.908605739922894 ], [ -51.369366519053116, -26.904198296170669 ], [ -51.361518960624601, -26.887735671592122 ], [ -51.371548911830956, -26.88639925210763 ], [ -51.37443401697211, -26.869744789267742 ], [ -51.337295306347784, -26.876554241502344 ], [ -51.324099527277809, -26.865879006488719 ], [ -51.28177921853117, -26.878243707871157 ] ] ] } },
{ "type": "Feature", "properties": { "id": null, "CD_MUN": "4201653", "NM_MUN": "Arvoredo", "SIGLA_UF": "SC", "AREA_KM2": 90.503 }, "geometry": { "type": "Polygon", "coordinates": [ [ [ -52.418997833903816, -27.006398114794006 ], [ -52.413312745995405, -27.034957834440846 ], [ -52.403545406368124, -27.034454863537157 ], [ -52.399850733117681, -27.090241107518803 ], [ -52.390880283799319, -27.090494205056881 ], [ -52.403654073228438, -27.103542431000747 ], [ -52.397476362219969, -27.112663614888859 ], [ -52.404811375290706, -27.119039415927652 ], [ -52.432709780560245, -27.114098371633368 ], [ -52.442824854140504, -27.12440927515906 ], [ -52.469200112251407, -27.130403011761395 ], [ -52.488262090663625, -27.116850202827607 ], [ -52.481247644830795, -27.110962863916438 ], [ -52.508762093860582, -27.093574901841997 ], [ -52.488445013211809, -27.090715060870362 ], [ -52.479125018826132, -27.073120751758506 ], [ -52.458295392819579, -27.077740990893066 ], [ -52.4792789635449, -27.04682923743697 ], [ -52.474148076624061, -27.041670561501665 ], [ -52.459894606780431, -27.043598616632487 ], [ -52.451820659059607, -27.057528653744043 ], [ -52.445012680261357, -27.052105595667051 ], [ -52.451076291066499, -27.037492033994067 ], [ -52.435565907871982, -27.030834117865062 ], [ -52.462652933917894, -27.026178412833449 ], [ -52.463522268800354, -27.003336763043649 ], [ -52.443353699527336, -26.992284299852255 ], [ -52.428955340536632, -27.011472962245364 ], [ -52.418997833903816, -27.006398114794006 ] ] ] } },
{ "type": "Feature", "properties": { "id": null, "CD_MUN": "4201703", "NM_MUN": "Ascurra", "SIGLA_UF": "SC", "AREA_KM2": 112.884 }, "geometry": { "type": "Polygon", "coordinates": [ [ [ -49.340241103222674, -26.965946035030058 ], [ -49.313005565801014, -26.959852349081476 ], [ -49.311433518555233, -26.965177069898449 ], [ -49.312688620791782, -26.978447763742025 ], [ -49.299896720219287, -26.992316541576852 ], [ -49.317640207393111, -27.02177902951237 ], [ -49.32855760462531, -27.020465179235096 ], [ -49.37445305307606, -26.982094302793794 ], [ -49.384866960522167, -26.988292774347311 ], [ -49.377477614021274, -27.015548316234256 ], [ -49.409349604149384, -27.009428836906 ], [ -49.441482394742224, -27.014053912299246 ], [ -49.469007710458037, -27.005143911707236 ], [ -49.459713071673093, -26.964556416699985 ], [ -49.465258703777437, -26.940138146577457 ], [ -49.437454476453503, -26.9154151921575 ], [ -49.420837502398193, -26.919419614352282 ], [ -49.406748843959363, -26.933834889419003 ], [ -49.390412592626511, -26.930825124427997 ], [ -49.340241103222674, -26.965946035030058 ] ] ] } },
{ "type": "Feature", "properties": { "id": null, "CD_MUN": "4201802", "NM_MUN": "Atalanta", "SIGLA_UF": "SC", "AREA_KM2": 94.383 }, "geometry": { "type": "Polygon", "coordinates": [ [ [ -49.693497143823677, -27.390671109387444 ], [ -49.674697776990534, -27.458930064528925 ], [ -49.747171328358085, -27.4766065900385 ], [ -49.770152558198724, -27.465315538085097 ], [ -49.80177099231944, -27.48717059110227 ], [ -49.815544516863383, -27.47951479359703 ], [ -49.812177655308197, -27.44907538140626 ], [ -49.783310303867587, -27.414126964030789 ], [ -49.730117875747212, -27.389171869193746 ], [ -49.693497143823677, -27.390671109387444 ] ] ] } },
{ "type": "Feature", "properties": { "id": null, "CD_MUN": "4201901", "NM_MUN": "Aurora", "SIGLA_UF": "SC", "AREA_KM2": 207.045 }, "geometry": { "type": "Polygon", "coordinates": [ [ [ -49.562397821320388, -27.276412885765325 ], [ -49.511742764388188, -27.276338729798756 ], [ -49.499834687612854, -27.296933131384236 ], [ -49.48041229744728, -27.305248272157456 ], [ -49.495520613258655, -27.318103047753752 ], [ -49.502766881726807, -27.342295625804105 ], [ -49.545769980579045, -27.384129263466981 ], [ -49.570756113992353, -27.4008175801177 ], [ -49.610334395630574, -27.387166433923895 ], [ -49.63345689238961, -27.397122678479036 ], [ -49.659468116518482, -27.388373886510003 ], [ -49.667502219723858, -27.339737244957441 ], [ -49.677816515881354, -27.335671563485928 ], [ -49.673085885229312, -27.330111478079406 ], [ -49.680574843018817, -27.317461437434297 ], [ -49.690025237636867, -27.316972975306673 ], [ -49.691695085056921, -27.30441965983535 ], [ -49.681650644935857, -27.291289217493766 ], [ -49.640206915529028, -27.275598782219284 ], [ -49.620313635635455, -27.284798958332658 ], [ -49.578668872537058, -27.259927691979563 ], [ -49.562397821320388, -27.276412885765325 ] ] ] } },
{ "type": "Feature", "properties": { "id": null, "CD_MUN": "4201950", "NM_MUN": "Balneário Arroio do Silva", "SIGLA_UF": "SC", "AREA_KM2": 94.477 }, "geometry": { "type": "Polygon", "coordinates": [ [ [ -49.515960849682443, -29.095700558662628 ], [ -49.565697671645054, -29.058957889313408 ], [ -49.54910424207614, -29.050304210431932 ], [ -49.536047918810233, -29.02883767019614 ], [ -49.482639968083575, -29.003013660881241 ], [ -49.4093785819788, -28.941843048892114 ], [ -49.388512733685474, -28.945028531282166 ], [ -49.376445278848358, -28.956089054904709 ], [ -49.515960849682443, -29.095700558662628 ] ] ] } },
{ "type": "Feature", "properties": { "id": null, "CD_MUN": "4202008", "NM_MUN": "Balneário Camboriú", "SIGLA_UF": "SC", "AREA_KM2": 45.214 }, "geometry": { "type": "MultiPolygon", "coordinates": [ [ [ [ -48.578571534843064, -26.992474526027369 ], [ -48.578683823932046, -26.992832409170383 ], [ -48.579022502313336, -26.992539009476559 ], [ -48.578571534843064, -26.992474526027369 ] ] ], [ [ [ -48.579381102952354, -26.992374576681122 ], [ -48.579864670480717, -26.992302032800783 ], [ -48.579238024919611, -26.992137600005343 ], [ -48.579381102952354, -26.992374576681122 ] ] ], [ [ [ -48.623699070814304, -26.985777919828848 ], [ -48.623056125224153, -26.986735499049342 ], [ -48.624760383816636, -26.986701645238515 ], [ -48.623699070814304, -26.985777919828848 ] ] ], [ [ [ -48.628252212261174, -26.960055471946429 ], [ -48.633786977679492, -26.983666086867835 ], [ -48.619734541527428, -27.001721452641405 ], [ -48.601431420023019, -27.005887083459164 ], [ -48.601958454295513, -26.99543754051771 ], [ -48.58336555449695, -26.9926276742192 ], [ -48.579694425732903, -27.009686770702764 ], [ -48.569122951339352, -27.008966168158054 ], [ -48.589086864692121, -27.060978518275778 ], [ -48.612336139454847, -27.047844851761734 ], [ -48.61589135690123, -27.032354315179749 ], [ -48.625410573864144, -27.030134472441336 ], [ -48.625854296877066, -27.01412000783467 ], [ -48.644923519746641, -27.013099557251216 ], [ -48.645359998302212, -27.00012065101523 ], [ -48.682299486349308, -26.97738056265791 ], [ -48.665917957157994, -26.962768613071152 ], [ -48.659175178475934, -26.966162054584846 ], [ -48.637590317790242, -26.954161684690341 ], [ -48.628252212261174, -26.960055471946429 ] ] ] ] } },
{ "type": "Feature", "properties": { "id": null, "CD_MUN": "4202057", "NM_MUN": "Balneário Barra do Sul", "SIGLA_UF": "SC", "AREA_KM2": 108.914 }, "geometry": { "type": "MultiPolygon", "coordinates": [ [ [ [ -48.608003953957265, -26.454800242066447 ], [ -48.593545828193392, -26.453070473541889 ], [ -48.595193942241387, -26.455162961468147 ], [ -48.609929168499043, -26.471709414530643 ], [ -48.62679426521872, -26.498782790673623 ], [ -48.650740819001754, -26.54730981036256 ], [ -48.709560379371709, -26.430928469175818 ], [ -48.669534752491884, -26.413321263374122 ], [ -48.672238746199199, -26.385622397773989 ], [ -48.688341363782385, -26.370238258883166 ], [ -48.669348207715025, -26.368639069343221 ], [ -48.662484084372288, -26.360768864369419 ], [ -48.633011820742631, -26.371611756350941 ], [ -48.618388883573957, -26.403648745995426 ], [ -48.625671374328881, -26.43804099362162 ], [ -48.608003953957265, -26.454800242066447 ] ] ], [ [ [ -48.561065303647567, -26.513525319244991 ], [ -48.562305916969407, -26.514642495002231 ], [ -48.561679271408309, -26.513315748035119 ], [ -48.561065303647567, -26.513525319244991 ] ] ], [ [ [ -48.583503199186673, -26.497044961717918 ], [ -48.584537345473926, -26.498086369422357 ], [ -48.584606167818791, -26.497301283428452 ], [ -48.583503199186673, -26.497044961717918 ] ] ], [ [ [ -48.580954961312464, -26.466070336898863 ], [ -48.5800946820017, -26.468891487800981 ], [ -48.582072418859291, -26.468225696188082 ], [ -48.580954961312464, -26.466070336898863 ] ] ], [ [ [ -48.566917014075116, -26.458106630923734 ], [ -48.566533057835358, -26.461274380365257 ], [ -48.570575465038786, -26.460273274816561 ], [ -48.566917014075116, -26.458106630923734 ] ] ], [ [ [ -48.578997146712595, -26.454273089869307 ], [ -48.578756268505586, -26.461624203077122 ], [ -48.58336555449695, -26.459931512535846 ], [ -48.578997146712595, -26.454273089869307 ] ] ] ] } },
{ "type": "Feature", "properties": { "id": null, "CD_MUN": "4202073", "NM_MUN": "Balneário Gaivota", "SIGLA_UF": "SC", "AREA_KM2": 146.834 }, "geometry": { "type": "Polygon", "coordinates": [ [ [ -49.515960849682443, -29.095700558662628 ], [ -49.64509692424285, -29.238384698774517 ], [ -49.653437105771431, -29.232897157248335 ], [ -49.660717785412011, -29.242427811038812 ], [ -49.712115399222981, -29.205799599811908 ], [ -49.687500544249062, -29.166666206583919 ], [ -49.652131292333401, -29.140434339452884 ], [ -49.628706339479848, -29.134535715938107 ], [ -49.605237919882171, -29.108606921018275 ], [ -49.59621494824799, -29.079576472192336 ], [ -49.571304881636905, -29.060212092400182 ], [ -49.515960849682443, -29.095700558662628 ] ] ] } },
{ "type": "Feature", "properties": { "id": null, "CD_MUN": "4202081", "NM_MUN": "Bandeirante", "SIGLA_UF": "SC", "AREA_KM2": 148.074 }, "geometry": { "type": "Polygon", "coordinates": [ [ [ -53.596046475807725, -26.688015920670502 ], [ -53.587972528086901, -26.765479888184046 ], [ -53.576508174324488, -26.77973717880025 ], [ -53.582301929093198, -26.787691212258 ], [ -53.575283861031693, -26.795485649179003 ], [ -53.585846279853556, -26.795064894673029 ], [ -53.59350910461955, -26.808516142174341 ], [ -53.604401146251007, -26.80525166755903 ], [ -53.60706710655721, -26.818996314754163 ], [ -53.616857990670894, -26.810998754968207 ], [ -53.618857460900543, -26.820418174808832 ], [ -53.626656119241929, -26.812325501935319 ], [ -53.638013617258366, -26.816995715743001 ], [ -53.651980931036519, -26.809057803147549 ], [ -53.652933577178544, -26.818011330067765 ], [ -53.662981639528283, -26.818349868176021 ], [ -53.656150116243637, -26.829041224051942 ], [ -53.667491314231036, -26.833961311225242 ], [ -53.662345938395489, -26.842513428674241 ], [ -53.694272261953749, -26.848189584289308 ], [ -53.689266341922263, -26.837179035339886 ], [ -53.711282247820499, -26.811295378834487 ], [ -53.698729414340683, -26.814704941210479 ], [ -53.700567695394213, -26.79825360123554 ], [ -53.710025334469613, -26.797516877828532 ], [ -53.717459958828968, -26.782334249716431 ], [ -53.69891777023188, -26.770013074662199 ], [ -53.712995561984677, -26.76620532698745 ], [ -53.729188735284794, -26.774140015410445 ], [ -53.743371571669222, -26.761925238047375 ], [ -53.719173272993146, -26.759971389536879 ], [ -53.68414632168745, -26.719662785447376 ], [ -53.654451290994167, -26.72002389276285 ], [ -53.652279764902367, -26.728754951783355 ], [ -53.663637262918805, -26.729370768723133 ], [ -53.642405569529117, -26.736252764838078 ], [ -53.646111109465593, -26.711347644674156 ], [ -53.627521831895706, -26.716298361485819 ], [ -53.620538175006629, -26.690425989584028 ], [ -53.615512332717422, -26.696793730191672 ], [ -53.611085969274242, -26.684116284080655 ], [ -53.604069712327075, -26.684292001479704 ], [ -53.605670737402264, -26.692107395521692 ], [ -53.601722508144434, -26.684574116569916 ], [ -53.596046475807725, -26.688015920670502 ] ] ] } },
{ "type": "Feature", "properties": { "id": null, "CD_MUN": "4202099", "NM_MUN": "Barra Bonita", "SIGLA_UF": "SC", "AREA_KM2": 92.561 }, "geometry": { "type": "Polygon", "coordinates": [ [ [ -53.391520955794853, -26.620983763149884 ], [ -53.387572726537023, -26.646050091936786 ], [ -53.394067382554717, -26.662556242843536 ], [ -53.383593708335439, -26.665985150254286 ], [ -53.390318375874116, -26.679860376434029 ], [ -53.397287543848492, -26.673394298566368 ], [ -53.402282597193945, -26.677545420608059 ], [ -53.396367497764551, -26.680553573512835 ], [ -53.410841923557477, -26.694080589066946 ], [ -53.391051877181191, -26.6947383202487 ], [ -53.385645700880907, -26.715884055324764 ], [ -53.395673840972925, -26.710393289626126 ], [ -53.404017644730182, -26.716132316604153 ], [ -53.397222343732302, -26.729706082658929 ], [ -53.386775836228104, -26.729269207290656 ], [ -53.381241070809793, -26.717797601679518 ], [ -53.367856935848621, -26.726154656694714 ], [ -53.367873235877667, -26.736257601096767 ], [ -53.384479343246944, -26.73920127055235 ], [ -53.384703921424915, -26.745267551035024 ], [ -53.419379516548943, -26.733633124714679 ], [ -53.431526660416949, -26.707277126943954 ], [ -53.443883893548218, -26.709712989237154 ], [ -53.494997162408055, -26.659751212803712 ], [ -53.477056263771331, -26.643743196541966 ], [ -53.447497066653433, -26.634396320581683 ], [ -53.447243510646047, -26.627728731935299 ], [ -53.428735733221394, -26.626458407986227 ], [ -53.431999361259287, -26.620516258143248 ], [ -53.412959116219128, -26.607039217262258 ], [ -53.424508592355444, -26.603465222090829 ], [ -53.41255885995033, -26.584926230448321 ], [ -53.396113941757172, -26.592852858440168 ], [ -53.403439899256213, -26.609015634979976 ], [ -53.391520955794853, -26.620983763149884 ] ] ] } },
{ "type": "Feature", "properties": { "id": null, "CD_MUN": "4202107", "NM_MUN": "Barra Velha", "SIGLA_UF": "SC", "AREA_KM2": 138.947 }, "geometry": { "type": "MultiPolygon", "coordinates": [ [ [ [ -48.664836721897935, -26.580929868684692 ], [ -48.688160252348538, -26.671575865299172 ], [ -48.679017747168025, -26.698639568924776 ], [ -48.681859385565062, -26.718416642791755 ], [ -48.756768885717833, -26.740577992192584 ], [ -48.77318844831025, -26.707715614398452 ], [ -48.790397656754237, -26.705734360422049 ], [ -48.800706519568713, -26.713204768010865 ], [ -48.804417492848202, -26.682968478685051 ], [ -48.787114106458624, -26.672225536049776 ], [ -48.784712568845833, -26.660907078630466 ], [ -48.770006320417593, -26.668348468667148 ], [ -48.753702669142832, -26.665114623690201 ], [ -48.759300823562995, -26.647244647833055 ], [ -48.751918721519459, -26.631314011710337 ], [ -48.74308591689082, -26.630648220097434 ], [ -48.741240391379932, -26.559751891884027 ], [ -48.721271044684144, -26.598825637921514 ], [ -48.705626639028587, -26.596268869161079 ], [ -48.689009664973277, -26.571763546382144 ], [ -48.664836721897935, -26.580929868684692 ] ] ], [ [ [ -48.618289272285345, -26.709085887693771 ], [ -48.618519283806329, -26.710207899709697 ], [ -48.618580861693836, -26.709085887693771 ], [ -48.618289272285345, -26.709085887693771 ] ] ], [ [ [ -48.675373785119064, -26.693792025631815 ], [ -48.674946362135188, -26.695731365366246 ], [ -48.676627076241267, -26.695001090304153 ], [ -48.675373785119064, -26.693792025631815 ] ] ], [ [ [ -48.672704202584178, -26.63254242141743 ], [ -48.670054542307021, -26.63359833789794 ], [ -48.670920254960805, -26.63574080049732 ], [ -48.672704202584178, -26.63254242141743 ] ] ] ] } },
{ "type": "Feature", "properties": { "id": null, "CD_MUN": "4202131", "NM_MUN": "Bela Vista do Toldo", "SIGLA_UF": "SC", "AREA_KM2": 535.682 }, "geometry": { "type": "Polygon", "coordinates": [ [ [ -50.399895124822372, -26.344569009846328 ], [ -50.407749927708245, -26.344730218469305 ], [ -50.409381741727188, -26.363540040598416 ], [ -50.422968721494271, -26.378282569169784 ], [ -50.417068110979585, -26.410472707006097 ], [ -50.433536573659147, -26.428676384712809 ], [ -50.434998142930276, -26.451250428188466 ], [ -50.448266366573783, -26.462738154661899 ], [ -50.444289159486544, -26.475987891384488 ], [ -50.454036576856097, -26.502237491464051 ], [ -50.400940137795658, -26.560383829686103 ], [ -50.416356343044576, -26.580581658059057 ], [ -50.433060250588127, -26.574086562639259 ], [ -50.445250861200257, -26.589369140097606 ], [ -50.419205225898963, -26.605714082381379 ], [ -50.411939035173084, -26.600042763025002 ], [ -50.409501275273527, -26.608401430126428 ], [ -50.425775948718872, -26.604567889072001 ], [ -50.438556982605334, -26.616853598229181 ], [ -50.451894028593706, -26.614609574197321 ], [ -50.492854190472173, -26.643148336723176 ], [ -50.50830480689352, -26.635640851151074 ], [ -50.514614729248692, -26.640204667267589 ], [ -50.530295357191022, -26.612581569720255 ], [ -50.513231037894109, -26.579153349659467 ], [ -50.542746768267889, -26.5122807886756 ], [ -50.552664430385256, -26.506522416662815 ], [ -50.547897577446449, -26.485068773116858 ], [ -50.528989543752992, -26.470005439385762 ], [ -50.552773097245563, -26.457336053705895 ], [ -50.55365692104273, -26.448079454574483 ], [ -50.571851375686833, -26.433756068422856 ], [ -50.56284832631038, -26.399318682382226 ], [ -50.582833973035214, -26.374094369144807 ], [ -50.568729014567339, -26.355423186431459 ], [ -50.574888614432417, -26.351228538061562 ], [ -50.568575069848571, -26.336034625345853 ], [ -50.553573609783164, -26.321322726412852 ], [ -50.571228352354403, -26.295179524024459 ], [ -50.536684968577084, -26.253819839713138 ], [ -50.462834970312308, -26.228626156114085 ], [ -50.435528799431445, -26.236654345538405 ], [ -50.42762871868711, -26.264994821457996 ], [ -50.404223688091278, -26.28935022021756 ], [ -50.408271528637719, -26.309398124571146 ], [ -50.393543546837414, -26.320740763283901 ], [ -50.399895124822372, -26.344569009846328 ] ] ] } },
{ "type": "Feature", "properties": { "id": null, "CD_MUN": "4202156", "NM_MUN": "Belmonte", "SIGLA_UF": "SC", "AREA_KM2": 93.852 }, "geometry": { "type": "Polygon", "coordinates": [ [ [ -53.61694130193046, -26.810990694537058 ], [ -53.545853253031822, -26.834472342560083 ], [ -53.557093028616265, -26.844294783958151 ], [ -53.551143518014449, -26.848615175053972 ], [ -53.554571957457142, -26.860007788439848 ], [ -53.56464175317894, -26.855755104965681 ], [ -53.566528934319606, -26.861718211929649 ], [ -53.557681640776266, -26.864753770300332 ], [ -53.556852150409256, -26.875001802463064 ], [ -53.550611050398942, -26.873273646024735 ], [ -53.557533129400511, -26.881324404656272 ], [ -53.551393451793153, -26.8900619120217 ], [ -53.575024871681293, -26.897087383811094 ], [ -53.599844382575462, -26.886544339868312 ], [ -53.671584432635939, -26.893079737443852 ], [ -53.695994631689615, -26.887197234791373 ], [ -53.680366526063104, -26.869506200505732 ], [ -53.695681308909066, -26.858324770415955 ], [ -53.661165091846819, -26.862738662513102 ], [ -53.677341965117883, -26.843914331607923 ], [ -53.661507392456784, -26.841575194488506 ], [ -53.667563758804576, -26.834125744020678 ], [ -53.656238860846223, -26.829869836374051 ], [ -53.662981639528283, -26.818349868176021 ], [ -53.652933577178544, -26.818011330067765 ], [ -53.652098653468521, -26.809138407459038 ], [ -53.638154884176764, -26.816976370708243 ], [ -53.626944086421737, -26.812264242658589 ], [ -53.61858579374978, -26.820405278118994 ], [ -53.61694130193046, -26.810990694537058 ] ] ] } },
{ "type": "Feature", "properties": { "id": null, "CD_MUN": "4202206", "NM_MUN": "Benedito Novo", "SIGLA_UF": "SC", "AREA_KM2": 388.291 }, "geometry": { "type": "Polygon", "coordinates": [ [ [ -49.340692070692953, -26.725326044372608 ], [ -49.33012421852807, -26.807845514302752 ], [ -49.346049346906092, -26.822112477436335 ], [ -49.35954214872757, -26.823308645418834 ], [ -49.356314742976451, -26.831930082575713 ], [ -49.372176482352621, -26.841744463542636 ], [ -49.370919569001735, -26.851928012256174 ], [ -49.403454426977717, -26.870307407361935 ], [ -49.410333039235162, -26.899442641792806 ], [ -49.425682233253553, -26.915360381225685 ], [ -49.437680865745804, -26.915590909556546 ], [ -49.45201040239165, -26.934400731685656 ], [ -49.486374485849467, -26.937450798832408 ], [ -49.507475779006789, -26.92076570635415 ], [ -49.512291532032734, -26.907433753233843 ], [ -49.547519517029997, -26.891233898710752 ], [ -49.550357533198351, -26.857370415367924 ], [ -49.531469421762623, -26.846898303219252 ], [ -49.534533827223285, -26.830766156317811 ], [ -49.516265116891304, -26.81149527752698 ], [ -49.51833159835148, -26.799261155129155 ], [ -49.446533592632171, -26.758865498383248 ], [ -49.452117258137619, -26.754105007746698 ], [ -49.44819438448053, -26.715279522988595 ], [ -49.474888398714995, -26.697596549134104 ], [ -49.471530592731504, -26.678370808757709 ], [ -49.488395689451181, -26.66000914660048 ], [ -49.482486023364807, -26.647583185941308 ], [ -49.448942374702312, -26.647966862463996 ], [ -49.399129485937486, -26.67063440694098 ], [ -49.380244996730433, -26.694335298691254 ], [ -49.366974961972588, -26.696426174531283 ], [ -49.354762617988392, -26.72352534405394 ], [ -49.340692070692953, -26.725326044372608 ] ] ] } },
{ "type": "Feature", "properties": { "id": null, "CD_MUN": "4202305", "NM_MUN": "Biguaçu", "SIGLA_UF": "SC", "AREA_KM2": 365.755 }, "geometry": { "type": "Polygon", "coordinates": [ [ [ -48.627116643570965, -27.324867361573922 ], [ -48.634109356031736, -27.366270572213445 ], [ -48.629259191833356, -27.402929413078716 ], [ -48.597946836035838, -27.40147531129945 ], [ -48.608025687329331, -27.434537587786075 ], [ -48.584939412857061, -27.45482085672921 ], [ -48.581744607164033, -27.467588579669091 ], [ -48.590613634079439, -27.489962724452255 ], [ -48.576180863916306, -27.517166679579848 ], [ -48.631284017663745, -27.530002110141382 ], [ -48.65475968171878, -27.543582324541074 ], [ -48.66478601069646, -27.531415909764902 ], [ -48.67254301340806, -27.540819208743226 ], [ -48.678577646383786, -27.523170088699558 ], [ -48.68929400992441, -27.520007175516724 ], [ -48.713615464375508, -27.526405545762735 ], [ -48.72308397013694, -27.537108186242264 ], [ -48.727383555576424, -27.518781989982088 ], [ -48.740932501942396, -27.512541604186598 ], [ -48.738784520336992, -27.502361279645516 ], [ -48.753258946129911, -27.498086026964131 ], [ -48.745087198234813, -27.477944621609218 ], [ -48.763495364370854, -27.460089154528141 ], [ -48.780691895014463, -27.465581532313013 ], [ -48.800789830828286, -27.445312772145947 ], [ -48.800463830247359, -27.401222213761375 ], [ -48.817729183235841, -27.404979986762999 ], [ -48.83515572540044, -27.396500413194339 ], [ -48.818535129116448, -27.386972983576321 ], [ -48.79530577661145, -27.353222346269579 ], [ -48.731485729553022, -27.340728677988757 ], [ -48.705662861315353, -27.354900528034783 ], [ -48.688491686272478, -27.341945803092244 ], [ -48.667178492737555, -27.348432838080893 ], [ -48.655906117095022, -27.33581181498792 ], [ -48.658403643767748, -27.323321370879558 ], [ -48.627116643570965, -27.324867361573922 ] ] ] } },
{ "type": "Feature", "properties": { "id": null, "CD_MUN": "4202404", "NM_MUN": "Blumenau", "SIGLA_UF": "SC", "AREA_KM2": 518.619 }, "geometry": { "type": "Polygon", "coordinates": [ [ [ -49.050067986144342, -26.742665643860157 ], [ -49.030337706541225, -26.778397535143302 ], [ -49.055142728520686, -26.782013444556704 ], [ -49.04465999872972, -26.813818293784099 ], [ -49.049102662201946, -26.824569296850523 ], [ -49.038705054784884, -26.839032934504139 ], [ -49.044429987208737, -26.877413483462817 ], [ -49.01209072958131, -26.905616932052876 ], [ -49.029685705379386, -26.922389077187542 ], [ -49.028468636543941, -26.935166472644802 ], [ -49.057489932703319, -26.954743647819292 ], [ -49.041131947998409, -26.976929178513569 ], [ -49.04197411616579, -26.98599555146987 ], [ -49.056569886619386, -26.993282181228491 ], [ -49.053337047525247, -27.030147369131175 ], [ -49.065764914115718, -27.042960230485491 ], [ -49.055466917987268, -27.064357451013404 ], [ -49.057843099999317, -27.097579324036779 ], [ -49.078991482129439, -27.121181878527036 ], [ -49.103079302830871, -27.115017260784345 ], [ -49.117374428304288, -27.124485043211862 ], [ -49.128851459867064, -27.122091095160634 ], [ -49.13845761031822, -27.1325358018434 ], [ -49.154630861360609, -27.119626215315293 ], [ -49.157414544098813, -27.104200162182497 ], [ -49.148536461611712, -27.09110034947928 ], [ -49.140346602573231, -27.091903168421712 ], [ -49.131214964078744, -27.068294165586536 ], [ -49.13539863820057, -27.040261598136833 ], [ -49.127840858066207, -27.032314013024003 ], [ -49.136583106977923, -27.014598797444915 ], [ -49.161150872979043, -26.998653652546128 ], [ -49.158220489979428, -26.969661893789706 ], [ -49.165522902992066, -26.941513256131461 ], [ -49.15923471400896, -26.934692519293247 ], [ -49.176856856522114, -26.916127734271065 ], [ -49.173089738698131, -26.904098346824419 ], [ -49.164604668022477, -26.904414315725457 ], [ -49.165517469649053, -26.894973938763847 ], [ -49.152064512343024, -26.894925576176956 ], [ -49.162829775970792, -26.884224547783653 ], [ -49.185264049281216, -26.879771965616992 ], [ -49.174111207185014, -26.869348216055215 ], [ -49.194518843550711, -26.855086089180322 ], [ -49.201406511379851, -26.837491780068465 ], [ -49.127734002320238, -26.832592650016153 ], [ -49.119334054018495, -26.784773336182095 ], [ -49.127616279888237, -26.753229644923923 ], [ -49.105911885656212, -26.741050333457913 ], [ -49.113859055373347, -26.734735791695851 ], [ -49.113330209986515, -26.717757299523775 ], [ -49.119051520181692, -26.723180357600764 ], [ -49.123390950136624, -26.708342715941839 ], [ -49.13280331135357, -26.708679641963865 ], [ -49.133064111818307, -26.694262754810914 ], [ -49.122374914992754, -26.685573610032382 ], [ -49.133391923513571, -26.652019647245673 ], [ -49.126792222864239, -26.645730898863288 ], [ -49.129237227221154, -26.621230412343042 ], [ -49.114085444665655, -26.613139351555759 ], [ -49.11375763297039, -26.652980450638623 ], [ -49.107416921671465, -26.658753331427476 ], [ -49.069821810233854, -26.647952353687927 ], [ -49.056388775185539, -26.656922001470441 ], [ -49.046871369336969, -26.649640207970513 ], [ -49.031984009474883, -26.661568033984679 ], [ -49.018176073758511, -26.684641824191566 ], [ -49.049401496067787, -26.710551274076643 ], [ -49.039844245703769, -26.73176955303305 ], [ -49.050067986144342, -26.742665643860157 ] ] ] } },
{ "type": "Feature", "properties": { "id": null, "CD_MUN": "4202438", "NM_MUN": "Bocaina do Sul", "SIGLA_UF": "SC", "AREA_KM2": 510.673 }, "geometry": { "type": "Polygon", "coordinates": [ [ [ -49.834122927747238, -27.672915166497898 ], [ -49.847179251013145, -27.679357063072111 ], [ -49.840746172882959, -27.701815036339219 ], [ -49.805889466325084, -27.705298754681785 ], [ -49.798060019039951, -27.736421691433979 ], [ -49.773899753764979, -27.733513487875449 ], [ -49.774689399616548, -27.746463376559298 ], [ -49.762051443762822, -27.749856818072992 ], [ -49.760689485780304, -27.757220827970642 ], [ -49.770942204050286, -27.753198672827335 ], [ -49.781318078095289, -27.765450528173687 ], [ -49.754008284985751, -27.793128436652836 ], [ -49.76377200238435, -27.813439111061875 ], [ -49.762442644459924, -27.797834116357571 ], [ -49.777646949331242, -27.801253351250942 ], [ -49.80878543815227, -27.867377904224192 ], [ -49.832214013234506, -27.876736064788084 ], [ -49.837605700620081, -27.887653112736174 ], [ -49.847584940624962, -27.884798108023229 ], [ -49.869374457230897, -27.900498215815091 ], [ -49.880192243174477, -27.896097220407782 ], [ -49.877624083042548, -27.887591853459444 ], [ -49.898844909746209, -27.865406322765168 ], [ -49.893804578542294, -27.85921268747034 ], [ -49.911147809447321, -27.853726758030387 ], [ -49.908927383268377, -27.845927484850698 ], [ -49.959089817100526, -27.847713676393298 ], [ -49.966392230113172, -27.836351692645785 ], [ -49.989659616019281, -27.825995650705657 ], [ -49.98514088574484, -27.817514465050767 ], [ -49.997614030193766, -27.809384714193968 ], [ -50.00079615808643, -27.796926511810206 ], [ -50.04096486299899, -27.816906708542138 ], [ -50.045208303893986, -27.808577058992846 ], [ -50.062616734915203, -27.812594377877467 ], [ -50.071333628226178, -27.805867142040583 ], [ -50.077049505078335, -27.782595065227429 ], [ -50.045724471480447, -27.77420254431518 ], [ -50.031286267974295, -27.756654985703989 ], [ -50.02714243836791, -27.692429470309424 ], [ -50.012668012574991, -27.672396074731907 ], [ -50.001984249092459, -27.673598691059325 ], [ -49.995610937735435, -27.63651425942939 ], [ -50.009322884391871, -27.618262219135786 ], [ -49.997389452015803, -27.625618168602287 ], [ -49.985720442333147, -27.619206901666438 ], [ -49.97252647437751, -27.634479806607406 ], [ -49.985142696859178, -27.633143387122914 ], [ -49.991217174350354, -27.641827695642757 ], [ -49.976431236891216, -27.64469720913177 ], [ -49.963894703440445, -27.660955098759135 ], [ -49.953415595878148, -27.657387551932626 ], [ -49.955831622405647, -27.641028100872784 ], [ -49.946328705471785, -27.636959195228812 ], [ -49.948748354227959, -27.647286219616802 ], [ -49.937034066686842, -27.647756948795898 ], [ -49.909061405729425, -27.671801214913117 ], [ -49.918515422576149, -27.65123905505223 ], [ -49.902146571185213, -27.65272378646986 ], [ -49.892976899289621, -27.66322491617067 ], [ -49.885985997943187, -27.649257801075827 ], [ -49.885261552207808, -27.66529644697594 ], [ -49.864975260502789, -27.692128010184454 ], [ -49.856622401173844, -27.670903282883128 ], [ -49.840976184403942, -27.668901071785736 ], [ -49.834122927747238, -27.672915166497898 ] ] ] } },
{ "type": "Feature", "properties": { "id": null, "CD_MUN": "4202453", "NM_MUN": "Bombinhas", "SIGLA_UF": "SC", "AREA_KM2": 35.143 }, "geometry": { "type": "MultiPolygon", "coordinates": [ [ [ [ -48.474499471612511, -27.209055086826289 ], [ -48.464092808623761, -27.203293490641045 ], [ -48.463292296086159, -27.203514346454526 ], [ -48.474499471612511, -27.209055086826289 ] ] ], [ [ [ -48.397367734166458, -27.180508263869289 ], [ -48.400227483706871, -27.180247105900065 ], [ -48.398947025869589, -27.178578596652237 ], [ -48.397367734166458, -27.180508263869289 ] ] ], [ [ [ -48.40531128165491, -27.175291552829709 ], [ -48.401558652745635, -27.181125692895296 ], [ -48.410581624379809, -27.188017361527621 ], [ -48.40531128165491, -27.175291552829709 ] ] ], [ [ [ -48.578354201122444, -27.211463543653586 ], [ -48.58308845400316, -27.193259865946874 ], [ -48.52827326743553, -27.161121314869916 ], [ -48.52404612656958, -27.136374179156512 ], [ -48.507820353211379, -27.110330926114365 ], [ -48.513961841933074, -27.131516963346176 ], [ -48.504299546937425, -27.143559247482656 ], [ -48.483636543450011, -27.148118227340483 ], [ -48.478628812304187, -27.134296200006322 ], [ -48.475910329682165, -27.145711382599416 ], [ -48.464925921219447, -27.143857483435166 ], [ -48.499049126470247, -27.172945967365376 ], [ -48.496270877075062, -27.196822576514695 ], [ -48.489504553906599, -27.20287273613507 ], [ -48.475486528926965, -27.199848462367999 ], [ -48.47946916935723, -27.2080975076058 ], [ -48.515115521766667, -27.220515407833819 ], [ -48.498833603863972, -27.200540047360576 ], [ -48.513413074288522, -27.184665834255899 ], [ -48.531151128119333, -27.180305141004336 ], [ -48.578354201122444, -27.211463543653586 ] ] ] ] } },
{ "type": "Feature", "properties": { "id": null, "CD_MUN": "4202503", "NM_MUN": "Bom Jardim da Serra", "SIGLA_UF": "SC", "AREA_KM2": 938.516 }, "geometry": { "type": "Polygon", "coordinates": [ [ [ -49.474631220478933, -28.125772757651234 ], [ -49.487245631846264, -28.127936177371602 ], [ -49.490588948915047, -28.145899654230075 ], [ -49.51055467338216, -28.155057916101473 ], [ -49.509828416532443, -28.167851432421035 ], [ -49.517016729341762, -28.170503314269027 ], [ -49.511262819088493, -28.1727860283704 ], [ -49.531150665639053, -28.188168555174993 ], [ -49.532547034794, -28.207431373534675 ], [ -49.526450823930766, -28.209560939444216 ], [ -49.535249217386969, -28.218931996697947 ], [ -49.529935407917947, -28.224877370713386 ], [ -49.549988065873308, -28.239656977268041 ], [ -49.533805759259224, -28.241830069505788 ], [ -49.541439606195809, -28.247272472617539 ], [ -49.531165154553761, -28.253075983044756 ], [ -49.542636752773525, -28.258350729188606 ], [ -49.548405151941495, -28.272815978928453 ], [ -49.51518025940257, -28.264828091659876 ], [ -49.526869191342946, -28.284563251284883 ], [ -49.523047740088813, -28.306985758654939 ], [ -49.53390718166218, -28.308275427638765 ], [ -49.53458453842476, -28.33196825895789 ], [ -49.546005425443049, -28.345051950798812 ], [ -49.530270464070561, -28.34520509899064 ], [ -49.551226868080811, -28.352957621669667 ], [ -49.550270599710103, -28.366877986263848 ], [ -49.55883354830231, -28.372637970362863 ], [ -49.551139934592562, -28.384623831481299 ], [ -49.542145940787805, -28.382194417533018 ], [ -49.552766315268492, -28.400528674224343 ], [ -49.544201555561948, -28.401716781775693 ], [ -49.567103096371689, -28.414002490932869 ], [ -49.55753860155032, -28.425938377378188 ], [ -49.560872863047408, -28.435302986286995 ], [ -49.550864645213117, -28.441277377854572 ], [ -49.533943403948946, -28.432909038235771 ], [ -49.546604904289076, -28.442725031288919 ], [ -49.544600000716407, -28.454962377859204 ], [ -49.550471633401671, -28.451954224954427 ], [ -49.56265499955645, -28.467802644679427 ], [ -49.548128051447712, -28.483867083959218 ], [ -49.569508256213155, -28.502628543501434 ], [ -49.590339693334052, -28.500313587675468 ], [ -49.615039670681881, -28.530598239588176 ], [ -49.64518204661676, -28.542274580150494 ], [ -49.65607227713388, -28.565475725169534 ], [ -49.64849457474179, -28.566317234181483 ], [ -49.645535213912758, -28.589224979506703 ], [ -49.653058582874692, -28.594778616568306 ], [ -49.647038438813674, -28.598586364243054 ], [ -49.666229006343926, -28.60262302816243 ], [ -49.670809314505874, -28.615516493828238 ], [ -49.704704319350029, -28.631629295694921 ], [ -49.691350973332611, -28.620891189318336 ], [ -49.698497630512151, -28.606667752512958 ], [ -49.710193806909885, -28.60434473625584 ], [ -49.712229499426307, -28.572370617974318 ], [ -49.720633069956726, -28.576902192366241 ], [ -49.73090208825576, -28.551182968656278 ], [ -49.749426165709465, -28.545692202957635 ], [ -49.727017247999775, -28.516948705480601 ], [ -49.746559171711688, -28.50682480395756 ], [ -49.739265814270738, -28.500334544796452 ], [ -49.742984032007584, -28.495248412741489 ], [ -49.763902402616722, -28.501374340414664 ], [ -49.770831726075642, -28.494329523590512 ], [ -49.766149995510744, -28.459049016451704 ], [ -49.781703845449378, -28.473406256414155 ], [ -49.780832699452581, -28.495725590265504 ], [ -49.791938452575977, -28.495767504507477 ], [ -49.808783627037933, -28.469224504734097 ], [ -49.819644879725644, -28.468871457849772 ], [ -49.803448084196852, -28.457583630068832 ], [ -49.81348346874622, -28.445301145084112 ], [ -49.807879880983045, -28.429917006193293 ], [ -49.813698991352496, -28.428738571159318 ], [ -49.815325372028425, -28.439487962139513 ], [ -49.831558389843984, -28.426647695319289 ], [ -49.805011075870937, -28.415617801335113 ], [ -49.801236713589603, -28.433860169111341 ], [ -49.799849400006345, -28.424848607086851 ], [ -49.782546013616759, -28.421771134474195 ], [ -49.781855979053809, -28.430044361005443 ], [ -49.754060807301563, -28.420450835852005 ], [ -49.769844668761188, -28.416206212808984 ], [ -49.762589344721341, -28.40812160036662 ], [ -49.772215417430218, -28.405095714513319 ], [ -49.772175572914776, -28.393685368178911 ], [ -49.809500828315961, -28.384401363581592 ], [ -49.806590367574067, -28.366039701424359 ], [ -49.797647084970784, -28.373614894618111 ], [ -49.783935138314355, -28.366052598114198 ], [ -49.772229906344933, -28.375957255909984 ], [ -49.777833494108101, -28.355179076494309 ], [ -49.76506513802201, -28.350502414341708 ], [ -49.76438234791641, -28.343085205598474 ], [ -49.766606396324029, -28.331678083436529 ], [ -49.774261976632673, -28.330888161183935 ], [ -49.766452451605261, -28.29842396868856 ], [ -49.77337996394985, -28.276459293807761 ], [ -49.751259013419975, -28.24405152433043 ], [ -49.732407124271013, -28.239220101899768 ], [ -49.721580282755738, -28.222417327126738 ], [ -49.670787581133816, -28.230242393686105 ], [ -49.669541534468955, -28.184804131213436 ], [ -49.660127362137672, -28.185545690879135 ], [ -49.634058182349975, -28.159373470938604 ], [ -49.609349149430457, -28.163834113536414 ], [ -49.57774701533878, -28.150129768497028 ], [ -49.577129425349369, -28.13323671689513 ], [ -49.562323565632511, -28.116079283151546 ], [ -49.542519030341523, -28.12600973432701 ], [ -49.50973786081552, -28.128003884993252 ], [ -49.481051620808756, -28.118795648448732 ], [ -49.474631220478933, -28.125772757651234 ] ] ] } },
{ "type": "Feature", "properties": { "id": null, "CD_MUN": "4202537", "NM_MUN": "Bom Jesus", "SIGLA_UF": "SC", "AREA_KM2": 63.883 }, "geometry": { "type": "Polygon", "coordinates": [ [ [ -52.361614487204257, -26.759363633028251 ], [ -52.366171250879802, -26.765828098809681 ], [ -52.355157864587667, -26.78478945704439 ], [ -52.369918446446064, -26.794255627385681 ], [ -52.408770471234568, -26.782263317922322 ], [ -52.417833287384184, -26.794192756022717 ], [ -52.42043766980288, -26.781200953096892 ], [ -52.440251260665562, -26.771273726093888 ], [ -52.418267954825417, -26.760222874988724 ], [ -52.421928216903432, -26.748562655288701 ], [ -52.405508654311014, -26.746407295999482 ], [ -52.424592366095297, -26.723091692858127 ], [ -52.422873618588106, -26.703994919380115 ], [ -52.415444427571764, -26.697678765531823 ], [ -52.388482368415211, -26.707472189377757 ], [ -52.393174965666141, -26.683569786848761 ], [ -52.370242635912646, -26.66974131116968 ], [ -52.358722137605746, -26.70641949706971 ], [ -52.364515892374456, -26.713101594492159 ], [ -52.35372889537463, -26.721615021871646 ], [ -52.370758803499108, -26.746504021173269 ], [ -52.361614487204257, -26.759363633028251 ] ] ] } },
{ "type": "Feature", "properties": { "id": null, "CD_MUN": "4202578", "NM_MUN": "Bom Jesus do Oeste", "SIGLA_UF": "SC", "AREA_KM2": 67.777 }, "geometry": { "type": "Polygon", "coordinates": [ [ [ -53.063412237783275, -26.64356586705669 ], [ -53.075760415342849, -26.669971839500537 ], [ -53.058208906288897, -26.703467767182975 ], [ -53.061381978609866, -26.728842004439763 ], [ -53.069637037764537, -26.736850848829327 ], [ -53.109398241950942, -26.740716631608347 ], [ -53.105670968642407, -26.729577115760545 ], [ -53.123896212230264, -26.730376710530518 ], [ -53.130492290650913, -26.719532206462766 ], [ -53.111401334409273, -26.680108637713417 ], [ -53.128143275353935, -26.665527317765026 ], [ -53.126237983069885, -26.655206741721955 ], [ -53.136577634828114, -26.639575953637976 ], [ -53.101878495217683, -26.62712742377159 ], [ -53.085669021888528, -26.639052025613296 ], [ -53.067769778881591, -26.633095366994247 ], [ -53.063412237783275, -26.64356586705669 ] ] ] } },
{ "type": "Feature", "properties": { "id": null, "CD_MUN": "4202602", "NM_MUN": "Bom Retiro", "SIGLA_UF": "SC", "AREA_KM2": 1057.034 }, "geometry": { "type": "Polygon", "coordinates": [ [ [ -49.5066191219247, -27.600724333041974 ], [ -49.510210561657857, -27.635271340946229 ], [ -49.504306328914495, -27.653700710725111 ], [ -49.480102596895406, -27.672408971421746 ], [ -49.458086690997163, -27.710716976500084 ], [ -49.472992162002633, -27.729433297627867 ], [ -49.468801243423457, -27.750674145791493 ], [ -49.457679190271008, -27.760277343462313 ], [ -49.435679584401818, -27.758088130362268 ], [ -49.425064643264143, -27.764775064043405 ], [ -49.430296952587931, -27.773320733147489 ], [ -49.418877876683986, -27.778951750348121 ], [ -49.426243678698476, -27.786049766017857 ], [ -49.40576903110226, -27.791377711007289 ], [ -49.383072146212761, -27.815887870044914 ], [ -49.356423409836758, -27.811588436070082 ], [ -49.33802067704373, -27.837172244536742 ], [ -49.314135701148203, -27.831489640576756 ], [ -49.306085297913782, -27.847928083861856 ], [ -49.311545807644215, -27.857216924717868 ], [ -49.303361381948747, -27.857981053590784 ], [ -49.295584456979427, -27.875323877250793 ], [ -49.280720641603736, -27.873378089171446 ], [ -49.296634903295732, -27.900491767470172 ], [ -49.317670996336865, -27.903733672878264 ], [ -49.328749582745189, -27.924157193323389 ], [ -49.358124046200565, -27.923742887162334 ], [ -49.387714032262217, -27.946452345881291 ], [ -49.417345673953655, -27.952947441301088 ], [ -49.425854289115705, -27.935232225722 ], [ -49.437280609477007, -27.942038453784143 ], [ -49.466591683930538, -27.927378141610497 ], [ -49.492698897119347, -27.932312737559862 ], [ -49.519545044958242, -27.914840947001473 ], [ -49.557281423314258, -27.911518437281888 ], [ -49.579474818417665, -27.89878779232529 ], [ -49.604274407054106, -27.903649844394316 ], [ -49.608492492348368, -27.893985387446765 ], [ -49.64552072499805, -27.879357316997712 ], [ -49.656608366978062, -27.859061151364742 ], [ -49.6864989980199, -27.833461222035783 ], [ -49.70339488368333, -27.841705431014894 ], [ -49.718606433011999, -27.838616673798629 ], [ -49.75137492473764, -27.854955167737483 ], [ -49.760071895790894, -27.832690644817944 ], [ -49.754173096390545, -27.827436855795082 ], [ -49.737728178197393, -27.837522067248607 ], [ -49.732644380249354, -27.822271731514856 ], [ -49.745753225831081, -27.8271563527911 ], [ -49.758278892595825, -27.815138249948067 ], [ -49.770967559651027, -27.831660521717115 ], [ -49.784617928419948, -27.830864151119602 ], [ -49.777646949331242, -27.801253351250942 ], [ -49.762442644459924, -27.797834116357571 ], [ -49.768247265914667, -27.808435195404627 ], [ -49.76377200238435, -27.813439111061875 ], [ -49.754091596245317, -27.793699115178178 ], [ -49.781426744955596, -27.765029773667713 ], [ -49.760821697127014, -27.752231421089462 ], [ -49.774528210440423, -27.746703577407537 ], [ -49.774332610091875, -27.73320557940556 ], [ -49.79898912069558, -27.73581071075289 ], [ -49.801792725691506, -27.709954459713398 ], [ -49.812500033660442, -27.701068640414832 ], [ -49.815231194082827, -27.706752856461048 ], [ -49.840746172882959, -27.701815036339219 ], [ -49.846380549589888, -27.678393035506701 ], [ -49.834429006070437, -27.687409433789878 ], [ -49.823649253527961, -27.683425968716083 ], [ -49.821532060866311, -27.690907660908508 ], [ -49.79549910336538, -27.664600025724674 ], [ -49.787249477553722, -27.672217133160402 ], [ -49.764923871103605, -27.657782513058923 ], [ -49.759512261460308, -27.669734520366536 ], [ -49.742444319934719, -27.669044547460189 ], [ -49.711501431462246, -27.643557464167316 ], [ -49.685216729068273, -27.653204188166338 ], [ -49.665225649000419, -27.649580218321784 ], [ -49.624031853372301, -27.61799944908033 ], [ -49.620252057747948, -27.622479436712897 ], [ -49.640062026381948, -27.648103547335303 ], [ -49.637495677364363, -27.659966889900279 ], [ -49.628175682978679, -27.663255545809037 ], [ -49.588409045449261, -27.644479577490749 ], [ -49.58043289790271, -27.629564555692795 ], [ -49.570245379748911, -27.630772008278903 ], [ -49.5485464188599, -27.611839667596328 ], [ -49.5066191219247, -27.600724333041974 ] ] ] } },
{ "type": "Feature", "properties": { "id": null, "CD_MUN": "4202701", "NM_MUN": "Botuverá", "SIGLA_UF": "SC", "AREA_KM2": 296.256 }, "geometry": { "type": "Polygon", "coordinates": [ [ [ -49.154630861360609, -27.119626215315293 ], [ -49.137825531414101, -27.1404221276795 ], [ -49.103298447665821, -27.138805205191026 ], [ -49.091250915086434, -27.170555243486607 ], [ -49.079849950325865, -27.174603192009592 ], [ -49.060237393154758, -27.167837266103191 ], [ -49.04606180122768, -27.174109893623278 ], [ -49.027179123134964, -27.201884527276214 ], [ -49.024585607402301, -27.173987375069814 ], [ -49.009187513296766, -27.172647731412866 ], [ -49.01735201673452, -27.164656619971829 ], [ -48.988432142978091, -27.153936246543772 ], [ -48.976658088663804, -27.168752931081709 ], [ -49.007247809840287, -27.200602918723536 ], [ -49.006950787088776, -27.232033763945623 ], [ -49.024303073565498, -27.244056703047345 ], [ -49.01930439799137, -27.255984529061511 ], [ -49.037569486094675, -27.271871638856027 ], [ -49.049448585040587, -27.269501872098246 ], [ -49.070723745174405, -27.280035243523649 ], [ -49.07494907492601, -27.270756075185016 ], [ -49.110227771124748, -27.280464058460769 ], [ -49.122181125758544, -27.275600394305513 ], [ -49.156079752831374, -27.291834102639431 ], [ -49.200662143386744, -27.29320115176229 ], [ -49.221616736282648, -27.308777128914453 ], [ -49.247761982872561, -27.279424262842561 ], [ -49.2099622155147, -27.215260006724726 ], [ -49.187060674704959, -27.204083412893638 ], [ -49.201502500439787, -27.194997694902582 ], [ -49.19469814387022, -27.183617978206541 ], [ -49.211027150745714, -27.157658553648339 ], [ -49.206010364028195, -27.15200980349918 ], [ -49.194685466069849, -27.157474775818145 ], [ -49.192680562497181, -27.139414573785885 ], [ -49.170139433440788, -27.133662650118016 ], [ -49.154630861360609, -27.119626215315293 ] ] ] } },
{ "type": "Feature", "properties": { "id": null, "CD_MUN": "4202800", "NM_MUN": "Braço do Norte", "SIGLA_UF": "SC", "AREA_KM2": 212.045 }, "geometry": { "type": "Polygon", "coordinates": [ [ [ -49.082240621252623, -28.172708648231371 ], [ -49.067092460925799, -28.200486506056766 ], [ -49.069370842763576, -28.231857704088348 ], [ -49.081766109295955, -28.245215450588333 ], [ -49.078743359465072, -28.273807411959769 ], [ -49.091187526084589, -28.302968439770318 ], [ -49.082226132337922, -28.321971712247002 ], [ -49.100744776448607, -28.335268199470256 ], [ -49.105084206403539, -28.358574130094233 ], [ -49.114962024005465, -28.354556811209612 ], [ -49.111147817208682, -28.346997738878159 ], [ -49.124262096133421, -28.331948913923132 ], [ -49.123883573236689, -28.31908930206815 ], [ -49.156192041920356, -28.318062403139781 ], [ -49.149842275049743, -28.306706867737187 ], [ -49.158370812469514, -28.298936612109632 ], [ -49.185935972700776, -28.301191920745097 ], [ -49.200660332272406, -28.290742377803642 ], [ -49.205273240492446, -28.273328622349524 ], [ -49.232434522226235, -28.256285646728255 ], [ -49.275577076882534, -28.247923755454369 ], [ -49.222942471978399, -28.236474719050449 ], [ -49.193577064094711, -28.254349531166284 ], [ -49.183302612452664, -28.251470345159891 ], [ -49.181413620197659, -28.264802298280202 ], [ -49.175574587570487, -28.26204240665481 ], [ -49.174915341951291, -28.253282330082168 ], [ -49.198228005715862, -28.227574390975814 ], [ -49.200173142515361, -28.197302635752944 ], [ -49.188746822154059, -28.178284854500191 ], [ -49.199300185404226, -28.157150404027732 ], [ -49.171850936490628, -28.140813522175108 ], [ -49.162753709168577, -28.158683498032257 ], [ -49.151005010455023, -28.159765207892441 ], [ -49.149190273887896, -28.171504419817722 ], [ -49.129034382415249, -28.161980214372164 ], [ -49.116407293247548, -28.172673182334318 ], [ -49.082240621252623, -28.172708648231371 ] ] ] } },
{ "type": "Feature", "properties": { "id": null, "CD_MUN": "4202859", "NM_MUN": "Braço do Trombudo", "SIGLA_UF": "SC", "AREA_KM2": 89.411 }, "geometry": { "type": "Polygon", "coordinates": [ [ [ -49.885419119155252, -27.306196178860571 ], [ -49.86555843931977, -27.311243620846021 ], [ -49.863202179565448, -27.320472814511533 ], [ -49.848600975768832, -27.326917935258205 ], [ -49.872174439998147, -27.350588197370111 ], [ -49.862475922715724, -27.393363293391182 ], [ -49.90893100549706, -27.433675121653142 ], [ -49.918303522198556, -27.432715930346422 ], [ -49.917073775562741, -27.426643201518829 ], [ -49.930733199903358, -27.415423081359535 ], [ -49.929143041514195, -27.420412488240714 ], [ -49.94521849238231, -27.424536204816501 ], [ -49.941103640605341, -27.41695456327783 ], [ -49.951414314534162, -27.416109830093422 ], [ -49.946066093892703, -27.406479226956698 ], [ -49.950320401473732, -27.410638409429538 ], [ -49.956695523945086, -27.401721960492608 ], [ -49.951791026316556, -27.381909420728572 ], [ -49.927621705469896, -27.36763923342253 ], [ -49.940962373686943, -27.336804860105467 ], [ -49.929900087307672, -27.322504043161057 ], [ -49.885419119155252, -27.306196178860571 ] ] ] } },
{ "type": "Feature", "properties": { "id": null, "CD_MUN": "4202875", "NM_MUN": "Brunópolis", "SIGLA_UF": "SC", "AREA_KM2": 336.439 }, "geometry": { "type": "Polygon", "coordinates": [ [ [ -50.820711163590708, -27.229502788564862 ], [ -50.808241641370458, -27.230526463320775 ], [ -50.811219113342872, -27.237906594080723 ], [ -50.787623915741499, -27.25093869916229 ], [ -50.800289038310304, -27.26186864380022 ], [ -50.776742740796074, -27.267651197106453 ], [ -50.778389043729725, -27.294052333291614 ], [ -50.75049244957453, -27.322420214677109 ], [ -50.763615784070964, -27.350742957648173 ], [ -50.73681491409053, -27.352870911471484 ], [ -50.758575452867049, -27.3652614062336 ], [ -50.756342348887735, -27.389047738554051 ], [ -50.77024265143536, -27.402563469504553 ], [ -50.754399023202573, -27.422851574706378 ], [ -50.771055841773325, -27.442490009157595 ], [ -50.784704399427916, -27.428958157344795 ], [ -50.793750915548486, -27.43042837998636 ], [ -50.781219815440728, -27.452247967106473 ], [ -50.786426769163782, -27.459660339591018 ], [ -50.805544892120494, -27.456468408856047 ], [ -50.809203343084171, -27.469911595926209 ], [ -50.822966000942081, -27.451635374339158 ], [ -50.825494316558562, -27.433262427578317 ], [ -50.839543130481943, -27.42966586319967 ], [ -50.83559490122412, -27.441306737864934 ], [ -50.841716467688087, -27.445617456443376 ], [ -50.85050761668694, -27.427387985356987 ], [ -50.868980982939171, -27.434806806186451 ], [ -50.88231984004188, -27.423043412967722 ], [ -50.8917829124603, -27.428509997372917 ], [ -50.892300891161092, -27.41762035489073 ], [ -50.901744041321791, -27.413840012681888 ], [ -50.896935532753197, -27.400240453247438 ], [ -50.910839457529505, -27.392570146966129 ], [ -50.903383099798091, -27.385404423674743 ], [ -50.908801953898745, -27.375852812763277 ], [ -50.914438141720012, -27.382721912188384 ], [ -50.929993802772991, -27.37932685858846 ], [ -50.940788044230167, -27.389628089596773 ], [ -50.958866587556614, -27.385289965552428 ], [ -50.971790699475818, -27.344149524968358 ], [ -50.970303774603948, -27.337059569729771 ], [ -50.930998971230828, -27.32769012456227 ], [ -50.944450117422519, -27.317858010646823 ], [ -50.929740246765604, -27.306167161308434 ], [ -50.933731942767558, -27.292638533668093 ], [ -50.89755131162827, -27.271592747938271 ], [ -50.875421305526707, -27.273441810843835 ], [ -50.853890778271172, -27.247371152335781 ], [ -50.846539465171389, -27.25011169892641 ], [ -50.844465739253863, -27.235224082594364 ], [ -50.85159609640435, -27.228561330206666 ], [ -50.832976029890716, -27.226168994241668 ], [ -50.828183821351168, -27.243437661935108 ], [ -50.818157492373487, -27.242507488180522 ], [ -50.820711163590708, -27.229502788564862 ] ] ] } },
{ "type": "Feature", "properties": { "id": null, "CD_MUN": "4202909", "NM_MUN": "Brusque", "SIGLA_UF": "SC", "AREA_KM2": 284.675 }, "geometry": { "type": "Polygon", "coordinates": [ [ [ -48.86576899106332, -27.003443160734815 ], [ -48.864300177334833, -27.020100847747166 ], [ -48.853038668378325, -27.026624960719097 ], [ -48.863720620746527, -27.03353275021372 ], [ -48.862679230001916, -27.043687281375124 ], [ -48.843887107626124, -27.067704142026436 ], [ -48.789077354401506, -27.097052171839639 ], [ -48.797560613962823, -27.103618199053546 ], [ -48.802832767802059, -27.12813641852232 ], [ -48.842889183625637, -27.15752475049127 ], [ -48.864396166394769, -27.163789317580207 ], [ -48.881911453161955, -27.184491728943083 ], [ -48.930769884670411, -27.201605636358462 ], [ -48.933327178116308, -27.212014877144174 ], [ -48.973403516197607, -27.240631019809054 ], [ -49.01930439799137, -27.255984529061511 ], [ -49.024328429166239, -27.244124410668995 ], [ -49.006950787088776, -27.232033763945623 ], [ -49.007247809840287, -27.200602918723536 ], [ -48.976658088663804, -27.168345073265574 ], [ -48.988432142978091, -27.153936246543772 ], [ -49.01735201673452, -27.164656619971829 ], [ -49.023341371851785, -27.1546794182957 ], [ -49.014311155760254, -27.150054342902454 ], [ -49.021432457339053, -27.144603879359558 ], [ -48.998661316761677, -27.14748951371087 ], [ -48.983274089342174, -27.139208226748472 ], [ -48.975910098442029, -27.146083774518498 ], [ -48.979646427322251, -27.122632756133839 ], [ -48.958546945279274, -27.111159538436471 ], [ -48.949525784759437, -27.09638799231297 ], [ -48.950360708469461, -27.069899803471401 ], [ -48.935806593645651, -27.060973682017089 ], [ -48.939033999396777, -27.052839094901604 ], [ -48.928319446970484, -27.043114990763552 ], [ -48.934497157978946, -27.027851758339963 ], [ -48.879008236877411, -26.999122769638994 ], [ -48.86576899106332, -27.003443160734815 ] ] ] } },
{ "type": "Feature", "properties": { "id": null, "CD_MUN": "4203006", "NM_MUN": "Caçador", "SIGLA_UF": "SC", "AREA_KM2": 983.424 }, "geometry": { "type": "Polygon", "coordinates": [ [ [ -51.238864864281517, -26.627859310919909 ], [ -51.228889246505311, -26.674190669163881 ], [ -51.20232382138888, -26.676299277952438 ], [ -51.192893349028552, -26.668780507776727 ], [ -51.179878681392424, -26.684072757752453 ], [ -51.170383008915913, -26.677972623458952 ], [ -51.15778851980631, -26.683622985694342 ], [ -51.130766693876581, -26.708911782380952 ], [ -51.102444487851848, -26.704750987821882 ], [ -51.097750079486573, -26.696098921026636 ], [ -51.052928621838532, -26.70120278603013 ], [ -50.996617454827337, -26.654963316701256 ], [ -50.976827408451058, -26.653172288899967 ], [ -50.974099870257348, -26.661355238602347 ], [ -50.952629109774982, -26.656815603779279 ], [ -50.945565763855008, -26.671982111029077 ], [ -50.926578041130668, -26.670573147664246 ], [ -50.921112098057215, -26.682309135417071 ], [ -50.929176990206344, -26.691369060028453 ], [ -50.875265549693601, -26.71890188074692 ], [ -50.875624150332612, -26.731279478819197 ], [ -50.850413438741342, -26.732098418623927 ], [ -50.850045782530636, -26.748119331575513 ], [ -50.816232277831709, -26.758928369746208 ], [ -50.796299153422694, -26.777580207424801 ], [ -50.819988528969667, -26.797907002696139 ], [ -50.831277204641246, -26.830266409586578 ], [ -50.851011106473031, -26.85278886630288 ], [ -50.842460835681194, -26.87049118519213 ], [ -50.874492203871085, -26.877676253518274 ], [ -50.882604184993014, -26.887053759116924 ], [ -50.904118412219503, -26.885333663109744 ], [ -50.925927851083159, -26.903056939119981 ], [ -50.945431741393968, -26.886296078588924 ], [ -50.971738177159999, -26.897994988358462 ], [ -50.974574382214016, -26.886370234555493 ], [ -50.966953213077808, -26.883740921914718 ], [ -50.987261238154886, -26.880603802111558 ], [ -50.982584940933002, -26.869386906124728 ], [ -50.99411992815461, -26.8619374556569 ], [ -51.005881304668527, -26.87114246802896 ], [ -51.008032908502607, -26.862259872902857 ], [ -51.021056631710429, -26.856939988344571 ], [ -51.023133979856631, -26.86424596313795 ], [ -51.03979804288474, -26.867299254457158 ], [ -51.041897124403008, -26.852061815413247 ], [ -51.0521878760741, -26.859005070804923 ], [ -51.058532209601708, -26.851180004245556 ], [ -51.049704838316082, -26.842927734835296 ], [ -51.094622285024066, -26.839523008717993 ], [ -51.104871381065372, -26.831464189655307 ], [ -51.124328182403382, -26.842471514432265 ], [ -51.129004479625266, -26.836044126634121 ], [ -51.182312819063306, -26.832118696664597 ], [ -51.192248592324063, -26.851317031575086 ], [ -51.213206807448643, -26.855329514201017 ], [ -51.227063643252151, -26.874113542950454 ], [ -51.241313490867107, -26.875163011086041 ], [ -51.244709330251702, -26.885770538478013 ], [ -51.284396278750236, -26.873797574049416 ], [ -51.271175144079521, -26.868912952773172 ], [ -51.27169855612334, -26.859575749330268 ], [ -51.282088919083044, -26.863244857589255 ], [ -51.276843931958886, -26.850565799392008 ], [ -51.234911201680674, -26.825957303094366 ], [ -51.243999373431031, -26.817147251848603 ], [ -51.236649871445586, -26.814277738359586 ], [ -51.2382472742921, -26.801616413110871 ], [ -51.255438371592703, -26.773883693699908 ], [ -51.285750992275396, -26.765231626904662 ], [ -51.335183547029146, -26.73540641956744 ], [ -51.378722735725567, -26.737103946367402 ], [ -51.411723050086529, -26.720944394000057 ], [ -51.392872972051904, -26.698886218117931 ], [ -51.392776982991968, -26.684878800867345 ], [ -51.405302649756713, -26.676147741846837 ], [ -51.389542332783492, -26.662435336376301 ], [ -51.347031857031311, -26.648592351921152 ], [ -51.32868345766844, -26.64690127346611 ], [ -51.322748435981325, -26.657197668215737 ], [ -51.283401976978425, -26.653630121389227 ], [ -51.276304219886022, -26.635303925129051 ], [ -51.26646262457087, -26.637520543695 ], [ -51.25787613149226, -26.625270300434877 ], [ -51.238864864281517, -26.627859310919909 ] ] ] } },
{ "type": "Feature", "properties": { "id": null, "CD_MUN": "4203105", "NM_MUN": "Caibi", "SIGLA_UF": "SC", "AREA_KM2": 173.079 }, "geometry": { "type": "Polygon", "coordinates": [ [ [ -53.190941853925473, -26.951108393371129 ], [ -53.192747534920912, -26.969561944443459 ], [ -53.204632067209843, -26.968120739354035 ], [ -53.220339861867245, -27.047809385864682 ], [ -53.228737999054658, -27.048713766239587 ], [ -53.22367412336434, -27.058973083005927 ], [ -53.216322810264558, -27.057556059209951 ], [ -53.217230178548121, -27.068772955196781 ], [ -53.234263708901281, -27.070855770605661 ], [ -53.232436294533777, -27.085338753294035 ], [ -53.254736545383153, -27.090964934235977 ], [ -53.249775903210136, -27.103929331695895 ], [ -53.266327677149256, -27.102747672489464 ], [ -53.271851575881541, -27.121923438192734 ], [ -53.28040003555904, -27.11900072585814 ], [ -53.278679476937512, -27.141120161016993 ], [ -53.31224123674339, -27.119687474592027 ], [ -53.350432204798359, -27.118218864036692 ], [ -53.355380169171013, -27.111273996558786 ], [ -53.344156693615616, -27.104429078427128 ], [ -53.335285855585873, -27.111183719729919 ], [ -53.334398409560031, -27.095744769907284 ], [ -53.32465642553349, -27.099209143215088 ], [ -53.329885112628602, -27.088316276560445 ], [ -53.323575190273431, -27.092136920925029 ], [ -53.317806791105461, -27.084281224727295 ], [ -53.324477125213981, -27.077379883577596 ], [ -53.305339079999548, -27.073551178781859 ], [ -53.313641228127018, -27.070744536655805 ], [ -53.310748878528507, -27.061525015507677 ], [ -53.289826885690694, -27.063627175951314 ], [ -53.295662296089191, -27.048754068395333 ], [ -53.286662868941413, -27.045770096784004 ], [ -53.301215172650885, -27.034666046833259 ], [ -53.284650720911394, -27.03085507498605 ], [ -53.296879364924628, -27.015395168042428 ], [ -53.28795781569341, -27.016596172283617 ], [ -53.284529376250717, -27.009643244374562 ], [ -53.29508636172956, -27.003227141180023 ], [ -53.279880245743904, -26.997499398805605 ], [ -53.301954107300979, -26.98889730668348 ], [ -53.285885900890214, -26.981746092168162 ], [ -53.284223297927518, -26.969102499867972 ], [ -53.295539140314176, -26.962262417994999 ], [ -53.281796404713987, -26.95043937758577 ], [ -53.29538338448107, -26.944850274627111 ], [ -53.280881791973073, -26.936686669959489 ], [ -53.292333467935109, -26.928898681383409 ], [ -53.284580087452191, -26.931527994024183 ], [ -53.284473231706222, -26.923001669954861 ], [ -53.262535203724539, -26.917177202406652 ], [ -53.248053533474263, -26.921034924754522 ], [ -53.250310181939973, -26.935672667720958 ], [ -53.227082640549312, -26.935037505746422 ], [ -53.190941853925473, -26.951108393371129 ] ] ] } },
{ "type": "Feature", "properties": { "id": null, "CD_MUN": "4203154", "NM_MUN": "Calmon", "SIGLA_UF": "SC", "AREA_KM2": 636.208 }, "geometry": { "type": "Polygon", "coordinates": [ [ [ -50.855995293132459, -26.560596625068435 ], [ -50.806521082748922, -26.654993946339623 ], [ -50.807046305907079, -26.667023333786265 ], [ -50.830259358383032, -26.696011868370228 ], [ -50.830860648343403, -26.710301400711025 ], [ -50.811295180145088, -26.743123476349414 ], [ -50.783603241910136, -26.75682943347503 ], [ -50.800086193504399, -26.768467083967835 ], [ -50.850045782530636, -26.748119331575513 ], [ -50.850413438741342, -26.732098418623927 ], [ -50.876145751262086, -26.730981242866687 ], [ -50.875265549693601, -26.71890188074692 ], [ -50.929176990206344, -26.691369060028453 ], [ -50.921112098057215, -26.682309135417071 ], [ -50.926578041130668, -26.670573147664246 ], [ -50.945565763855008, -26.671982111029077 ], [ -50.953085510588267, -26.656689861053355 ], [ -50.974099870257348, -26.661355238602347 ], [ -50.976827408451058, -26.653172288899967 ], [ -50.996617454827337, -26.654963316701256 ], [ -51.052928621838532, -26.70120278603013 ], [ -51.097750079486573, -26.696098921026636 ], [ -51.102444487851848, -26.704750987821882 ], [ -51.130766693876581, -26.708911782380952 ], [ -51.15778851980631, -26.683622985694342 ], [ -51.170383008915913, -26.677972623458952 ], [ -51.179878681392424, -26.684072757752453 ], [ -51.192893349028552, -26.668780507776727 ], [ -51.21935191839902, -26.678517508604621 ], [ -51.232611086470833, -26.668637032102279 ], [ -51.239036920143668, -26.629052254729949 ], [ -51.233708621759938, -26.614358088745476 ], [ -51.227101676653263, -26.615233451568248 ], [ -51.237904973682134, -26.605588339655455 ], [ -51.227998178250793, -26.59573204444656 ], [ -51.203473878993798, -26.597927705891525 ], [ -51.19774532434127, -26.607266521420659 ], [ -51.183048131484718, -26.592391801778447 ], [ -51.173393080946425, -26.60167419428954 ], [ -51.141957569373886, -26.601712884359056 ], [ -51.134790989936626, -26.588189092977405 ], [ -51.137364583411568, -26.567294843353181 ], [ -51.126097641112047, -26.55763361057809 ], [ -51.105052492499219, -26.565498979293203 ], [ -51.097764568401281, -26.53987648075703 ], [ -51.075741418045688, -26.514647331260921 ], [ -51.051025140668813, -26.507560600194793 ], [ -51.0460554429241, -26.513925116629977 ], [ -51.009601333519711, -26.493741797033092 ], [ -50.97183054399126, -26.522999550017428 ], [ -50.961581447949953, -26.522477234078977 ], [ -50.942387258191026, -26.550332472043404 ], [ -50.921168242601702, -26.552594229023789 ], [ -50.915827266417608, -26.544815912965085 ], [ -50.902303675652369, -26.556345553680494 ], [ -50.855995293132459, -26.560596625068435 ] ] ] } },
{ "type": "Feature", "properties": { "id": null, "CD_MUN": "4203204", "NM_MUN": "Camboriú", "SIGLA_UF": "SC", "AREA_KM2": 210.568 }, "geometry": { "type": "Polygon", "coordinates": [ [ [ -48.682940620825121, -26.972763547695809 ], [ -48.645359998302212, -27.00012065101523 ], [ -48.644923519746641, -27.013099557251216 ], [ -48.624427138778366, -27.015520910768352 ], [ -48.625410573864144, -27.030134472441336 ], [ -48.61589135690123, -27.032354315179749 ], [ -48.611177026278241, -27.048175329438841 ], [ -48.621096499509946, -27.059946783088719 ], [ -48.614958633016926, -27.068661721246926 ], [ -48.644244351869723, -27.084561727731277 ], [ -48.660031835558023, -27.079960833631478 ], [ -48.679240514231658, -27.100087730210319 ], [ -48.660732736806999, -27.124883228510619 ], [ -48.690031133460167, -27.141390991503599 ], [ -48.749491828305928, -27.148276211791003 ], [ -48.756272640389099, -27.134450960284383 ], [ -48.770828566327246, -27.134336502162068 ], [ -48.778265001800939, -27.15164708409748 ], [ -48.800016485005763, -27.155029241007565 ], [ -48.812379151480044, -27.134649246890646 ], [ -48.802832767802059, -27.12813641852232 ], [ -48.796904990572301, -27.102486514520237 ], [ -48.784180101230326, -27.095573888766928 ], [ -48.775798264071966, -27.055445838335164 ], [ -48.765846190782163, -27.055619943647979 ], [ -48.750145640582112, -27.024914537229296 ], [ -48.721256555769436, -27.014629427083282 ], [ -48.712876529725413, -26.997552597651186 ], [ -48.682940620825121, -26.972763547695809 ] ] ] } },
{ "type": "Feature", "properties": { "id": null, "CD_MUN": "4203253", "NM_MUN": "Capão Alto", "SIGLA_UF": "SC", "AREA_KM2": 1331.962 }, "geometry": { "type": "Polygon", "coordinates": [ [ [ -50.695610251776372, -28.269915835801072 ], [ -50.753344954657592, -28.245684567681199 ], [ -50.764394563236493, -28.189232532086649 ], [ -50.777499786589544, -28.200048018602267 ], [ -50.78882287343356, -28.198334370940007 ], [ -50.782732095913339, -28.177456242178085 ], [ -50.79262621354431, -28.159170348073651 ], [ -50.787654704685252, -28.140344405082242 ], [ -50.819836395365236, -28.140449190687178 ], [ -50.832400095531085, -28.117507591551131 ], [ -50.858990876248257, -28.13970601893525 ], [ -50.871969321597618, -28.137420080661418 ], [ -50.868792627047966, -28.111452595672066 ], [ -50.875919361969785, -28.0950754116637 ], [ -50.903935489671319, -28.085844605911959 ], [ -50.881387116157576, -28.067255639596329 ], [ -50.875223894063815, -28.039429419184039 ], [ -50.85444860148742, -28.045279680111925 ], [ -50.847771022921542, -28.040038787778897 ], [ -50.832280561984746, -28.051423340733628 ], [ -50.822457077812977, -28.040885133049535 ], [ -50.805338425085914, -28.046342044937351 ], [ -50.810909412790998, -28.034016033624429 ], [ -50.801788640982544, -28.032078305976228 ], [ -50.795926063868968, -28.014816086627711 ], [ -50.744807361666119, -28.042163517429753 ], [ -50.730117413266925, -28.032128280649353 ], [ -50.733860986604512, -28.025422001933453 ], [ -50.742273612706626, -28.03043720219431 ], [ -50.749434758800874, -28.014353417879761 ], [ -50.734822688318232, -28.015897796487895 ], [ -50.728688444053887, -28.007013589275559 ], [ -50.723255101038525, -28.013495788005518 ], [ -50.710702267558709, -27.996389941021288 ], [ -50.685884567778878, -28.001026301018143 ], [ -50.68123181504339, -27.990325272624844 ], [ -50.672283099097093, -27.99643507943572 ], [ -50.654664578812614, -27.985846897078503 ], [ -50.648072122620647, -27.971992628019748 ], [ -50.639510985142778, -27.972298924403407 ], [ -50.64434122708343, -27.95583146356617 ], [ -50.628548310052118, -27.949160650747327 ], [ -50.624223369011894, -27.929996169647662 ], [ -50.648981302018548, -27.920027028402682 ], [ -50.648836412871475, -27.905400570039859 ], [ -50.620550429133509, -27.868957748729379 ], [ -50.620353017670617, -27.85296746541616 ], [ -50.605052723739362, -27.832921173148804 ], [ -50.576377350418632, -27.840418986203527 ], [ -50.532061193671012, -27.874748362466761 ], [ -50.458584284959954, -27.855924031561582 ], [ -50.463544927132979, -27.864316552473834 ], [ -50.442604823151783, -27.861974191181957 ], [ -50.436974068673528, -27.87387138755776 ], [ -50.428318753250061, -27.859701149597964 ], [ -50.42484141372023, -27.868901325711338 ], [ -50.412746792168036, -27.861019836133927 ], [ -50.415968764576142, -27.869378503235353 ], [ -50.379933022583934, -27.880990360348481 ], [ -50.37301999915406, -27.90674343786927 ], [ -50.354638999733098, -27.925769279553172 ], [ -50.371638118913822, -27.937044210644277 ], [ -50.370730750630258, -27.961913864911143 ], [ -50.403613342559218, -27.976749894483838 ], [ -50.399404312836651, -27.985385840416786 ], [ -50.41415040578034, -28.004445535911515 ], [ -50.410357932355616, -28.013428080383868 ], [ -50.390002818305739, -28.019297686346508 ], [ -50.390004629420076, -28.028447887786758 ], [ -50.401387483037254, -28.047210959415203 ], [ -50.420134327554585, -28.047164208914541 ], [ -50.446475174493052, -28.081061546068192 ], [ -50.472852243718293, -28.083294285496443 ], [ -50.521067729636599, -28.127631493074173 ], [ -50.525238725958054, -28.137613531008991 ], [ -50.516523643761417, -28.144381069001621 ], [ -50.522889710661083, -28.158754429826367 ], [ -50.504668089301902, -28.193206324643064 ], [ -50.518099313235872, -28.207273389084154 ], [ -50.512406980870111, -28.211300380486154 ], [ -50.518635403080054, -28.219439803860329 ], [ -50.539983007787406, -28.223431329365273 ], [ -50.535828311494996, -28.233877648134268 ], [ -50.546975720248177, -28.237130838145969 ], [ -50.544501738061847, -28.250761027218786 ], [ -50.560919489539927, -28.251494526453339 ], [ -50.564864096569082, -28.260478683011922 ], [ -50.574117079724239, -28.254214115922984 ], [ -50.581256492446421, -28.275077735908837 ], [ -50.588805217009096, -28.265919474037439 ], [ -50.598456645318713, -28.273636530819413 ], [ -50.600653527011261, -28.268610045954947 ], [ -50.602634886097526, -28.277187956783624 ], [ -50.629750889972854, -28.286649290866222 ], [ -50.63066369159943, -28.296552336575783 ], [ -50.672940533601952, -28.284015141966758 ], [ -50.663580694700826, -28.270944346815675 ], [ -50.666076410259215, -28.254765449413568 ], [ -50.695610251776372, -28.269915835801072 ] ] ] } },
{ "type": "Feature", "properties": { "id": null, "CD_MUN": "4203303", "NM_MUN": "Campo Alegre", "SIGLA_UF": "SC", "AREA_KM2": 499.216 }, "geometry": { "type": "Polygon", "coordinates": [ [ [ -48.950362519583798, -25.989992255691728 ], [ -48.96245895225033, -26.00314687932676 ], [ -48.956292107927894, -26.019095248398006 ], [ -48.977156145106882, -26.026090090549037 ], [ -49.001062854374467, -26.027450691326973 ], [ -49.035780105128282, -26.009606508849501 ], [ -49.052034856315899, -26.02800202481756 ], [ -49.057491743817664, -26.07656289831732 ], [ -49.073349860965159, -26.074866983603588 ], [ -49.089461534120041, -26.089299991618837 ], [ -49.13064627417647, -26.100358903155151 ], [ -49.137635364408567, -26.116923089166175 ], [ -49.15883083551148, -26.113893979140411 ], [ -49.160500682931541, -26.132842440685284 ], [ -49.190505414176698, -26.14968712970029 ], [ -49.178193458903891, -26.158642268706735 ], [ -49.182005854586336, -26.168904809645536 ], [ -49.16998548872202, -26.173520212521403 ], [ -49.169623265854327, -26.19989716741312 ], [ -49.176378722336757, -26.207923744751209 ], [ -49.190990792819406, -26.200222808831533 ], [ -49.205682552332938, -26.229919049270372 ], [ -49.227372457650254, -26.234253949142257 ], [ -49.22805886998453, -26.267804687756509 ], [ -49.252537891383064, -26.268470479369409 ], [ -49.316823394826471, -26.228840563582647 ], [ -49.325875344290061, -26.221884411501133 ], [ -49.326340800675041, -26.200164773727263 ], [ -49.367782718967533, -26.192091445888508 ], [ -49.373288506556435, -26.201794592905571 ], [ -49.390977660300109, -26.200424319610256 ], [ -49.406935388736223, -26.183982652152697 ], [ -49.417793019195251, -26.189886111926164 ], [ -49.431537565909771, -26.168556599019901 ], [ -49.416939984341838, -26.165106734488166 ], [ -49.416496261328916, -26.153054777834306 ], [ -49.409058014740893, -26.161743922612839 ], [ -49.400370099259327, -26.150504457418791 ], [ -49.390077536473896, -26.160220501125693 ], [ -49.370215045524077, -26.155753410182964 ], [ -49.3608479621656, -26.137090287900762 ], [ -49.335691584004479, -26.126186136642509 ], [ -49.321704347968605, -26.109979833774496 ], [ -49.302367080176936, -26.113291058890471 ], [ -49.299949242535099, -26.10392644998166 ], [ -49.289136889934532, -26.102469124029938 ], [ -49.293412930887619, -26.082382529606839 ], [ -49.26646898287445, -26.080831702653786 ], [ -49.266751516711246, -26.066877484248781 ], [ -49.255763486019852, -26.067959194108965 ], [ -49.254122616429214, -26.050577680379444 ], [ -49.23658559628997, -26.037182855896173 ], [ -49.238349621655622, -26.031016626067252 ], [ -49.211061561918143, -26.025422686849904 ], [ -49.209661570534522, -26.01773948387876 ], [ -49.178619070773429, -26.007878352411176 ], [ -49.179559039115084, -26.00321136277595 ], [ -49.174958808695415, -26.000054897938035 ], [ -49.140250613513288, -26.015872688024668 ], [ -49.125794298863752, -25.996131080054745 ], [ -49.112531508563258, -26.005121684958244 ], [ -49.107049265460759, -25.998842609093238 ], [ -49.09810779397182, -26.010456078292599 ], [ -49.071707180260184, -26.000395048132521 ], [ -49.054367571583825, -26.020952371734715 ], [ -49.041287703831514, -26.004006121287233 ], [ -49.007104731807544, -26.016095155924379 ], [ -48.984349891259214, -26.004573575640119 ], [ -48.979439960287671, -25.988915382090234 ], [ -48.962554941310266, -25.983888897225768 ], [ -48.958653801025243, -25.993203531461457 ], [ -48.950362519583798, -25.989992255691728 ] ] ] } },
{ "type": "Feature", "properties": { "id": null, "CD_MUN": "4203402", "NM_MUN": "Campo Belo do Sul", "SIGLA_UF": "SC", "AREA_KM2": 1025.638 }, "geometry": { "type": "Polygon", "coordinates": [ [ [ -50.639525474057486, -27.714352230948247 ], [ -50.644616516462875, -27.726026959424335 ], [ -50.628124509296924, -27.73142261203542 ], [ -50.640134008475208, -27.759535783796611 ], [ -50.614689663134271, -27.755487835273627 ], [ -50.627320374530647, -27.764865340872273 ], [ -50.614743996564428, -27.773688288807879 ], [ -50.627026974007819, -27.774320226609952 ], [ -50.630574946996845, -27.785807953083388 ], [ -50.610207155146604, -27.790753833636366 ], [ -50.610935223110658, -27.803207199761438 ], [ -50.619947328058807, -27.808475497560373 ], [ -50.605777169474742, -27.817467714550101 ], [ -50.61104751219964, -27.823177723975995 ], [ -50.604268511230813, -27.837140002812149 ], [ -50.61696623385771, -27.846056451749078 ], [ -50.620550429133509, -27.868957748729379 ], [ -50.648836412871475, -27.905400570039859 ], [ -50.648981302018548, -27.920027028402682 ], [ -50.624230613469244, -27.929946194974541 ], [ -50.62848673216461, -27.949071986004689 ], [ -50.644328549283067, -27.955808894358952 ], [ -50.639510985142778, -27.972298924403407 ], [ -50.666828022709673, -27.987346137272205 ], [ -50.664506174127773, -27.993330201357157 ], [ -50.68123181504339, -27.990325272624844 ], [ -50.686056623641029, -28.001053706484051 ], [ -50.710126333199078, -27.996191654415025 ], [ -50.723034145089237, -28.013416795780259 ], [ -50.728688444053887, -28.007013589275559 ], [ -50.734822688318232, -28.015897796487895 ], [ -50.749333336397918, -28.014290546516801 ], [ -50.742273612706626, -28.03043720219431 ], [ -50.733860986604512, -28.025422001933453 ], [ -50.730117413266925, -28.032128280649353 ], [ -50.744910595183413, -28.042184474550741 ], [ -50.796148830932601, -28.014835431662465 ], [ -50.801788640982544, -28.032078305976228 ], [ -50.810909412790998, -28.034016033624429 ], [ -50.805014235619332, -28.046146982503547 ], [ -50.822457077812977, -28.040885133049535 ], [ -50.832898151974163, -28.051350796853288 ], [ -50.847771022921542, -28.040038787778897 ], [ -50.875265549693601, -28.04130427546928 ], [ -50.892335302333528, -28.021156421769447 ], [ -50.923238346290553, -28.01198848738067 ], [ -50.92568153953313, -27.969389108758648 ], [ -50.976927019739669, -27.95196729287338 ], [ -50.960237601110819, -27.944511394060633 ], [ -50.954969069500258, -27.93173077443091 ], [ -50.926433151983588, -27.928737130302203 ], [ -50.927137675461246, -27.90407704724521 ], [ -50.916935668392739, -27.895705483453945 ], [ -50.890509699080361, -27.895805432800191 ], [ -50.869754328761687, -27.824662455393625 ], [ -50.857449617946237, -27.816144191755452 ], [ -50.863496928722327, -27.803092741639126 ], [ -50.855111469335291, -27.786575306128764 ], [ -50.860032266992867, -27.775319720072417 ], [ -50.847977489956122, -27.769854747753453 ], [ -50.84171465657375, -27.752089557501243 ], [ -50.853874478242126, -27.73112115191045 ], [ -50.847008543785051, -27.694496164856005 ], [ -50.862258126514831, -27.640215609412973 ], [ -50.856319482599041, -27.62327741939664 ], [ -50.86249900472184, -27.607408042550652 ], [ -50.874964904713416, -27.602244530356657 ], [ -50.871029353255956, -27.597542074824382 ], [ -50.843761215776205, -27.593852009444408 ], [ -50.851663107634877, -27.605136613052888 ], [ -50.815862810506665, -27.619227858787426 ], [ -50.800024615616891, -27.599167057744001 ], [ -50.8018900633855, -27.613180923339506 ], [ -50.786510080423355, -27.616200360847891 ], [ -50.791157399815823, -27.626570911564087 ], [ -50.778613621907695, -27.635447058345274 ], [ -50.757948807305944, -27.619991987660342 ], [ -50.753779622098818, -27.645483907211904 ], [ -50.742780724721392, -27.647460324929618 ], [ -50.741342699936659, -27.631205659474716 ], [ -50.734029420237988, -27.646978311146913 ], [ -50.717872469224645, -27.64968661601295 ], [ -50.726198161838511, -27.66388264735242 ], [ -50.722105043433608, -27.674158084981059 ], [ -50.696379975370213, -27.669916686110501 ], [ -50.705833992216945, -27.688957036570471 ], [ -50.677131452181129, -27.715327543117265 ], [ -50.664006306570357, -27.709661060019577 ], [ -50.652427852604625, -27.727155419785184 ], [ -50.649725670011655, -27.717349099249414 ], [ -50.639525474057486, -27.714352230948247 ] ] ] } },
{ "type": "Feature", "properties": { "id": null, "CD_MUN": "4203501", "NM_MUN": "Campo Erê", "SIGLA_UF": "SC", "AREA_KM2": 479.161 }, "geometry": { "type": "Polygon", "coordinates": [ [ [ -52.937659324807093, -26.362206845286387 ], [ -52.961669267591972, -26.398777021409018 ], [ -52.964342472355533, -26.423006677442661 ], [ -52.970969339719929, -26.4261534697632 ], [ -52.966003264203891, -26.43998516961474 ], [ -53.02636589399021, -26.406837452557937 ], [ -53.030319556591053, -26.435909815625848 ], [ -53.043667469265451, -26.444316845314166 ], [ -53.065663452905973, -26.479526420658864 ], [ -53.058744996133079, -26.501239610087815 ], [ -53.046210273796639, -26.512085726241796 ], [ -53.032081770842368, -26.510787996826821 ], [ -53.018793624941132, -26.531521037828064 ], [ -53.044877293643538, -26.540735722717503 ], [ -53.042055577504229, -26.546705278026391 ], [ -53.126920773175478, -26.574352556867176 ], [ -53.126038760492655, -26.566625827567822 ], [ -53.145528161888748, -26.554569034655273 ], [ -53.143378369169007, -26.532662394878749 ], [ -53.161375412350218, -26.525865839333981 ], [ -53.156561470438611, -26.531861188022546 ], [ -53.16349622724055, -26.535797902595679 ], [ -53.192254911820854, -26.532662394878749 ], [ -53.206104503167005, -26.545251176247127 ], [ -53.212354658749007, -26.560035619060468 ], [ -53.206627915210817, -26.564915404078022 ], [ -53.217250100805849, -26.563606390059441 ], [ -53.213223993631466, -26.577892698227778 ], [ -53.230320912986464, -26.576591744640343 ], [ -53.223045666688897, -26.562265134316259 ], [ -53.24157155525694, -26.549840785743321 ], [ -53.236297590303359, -26.539544390993694 ], [ -53.248406700770261, -26.528167898470112 ], [ -53.238231860416832, -26.521766304051646 ], [ -53.247385232283371, -26.514505467672699 ], [ -53.231050792064863, -26.488665337495505 ], [ -53.233202395898942, -26.462240020016896 ], [ -53.257215960912497, -26.443167427832332 ], [ -53.280865491944027, -26.453907146295148 ], [ -53.28700335843704, -26.444702133923084 ], [ -53.281117236837069, -26.439562803022536 ], [ -53.291513033139793, -26.43299193954994 ], [ -53.285213977470647, -26.433124130620783 ], [ -53.286688224542154, -26.418297773565463 ], [ -53.275944694286444, -26.418086590269365 ], [ -53.283757841542531, -26.407517752946905 ], [ -53.272590510531629, -26.412275019410995 ], [ -53.26588033190766, -26.410148677673909 ], [ -53.274059324260115, -26.40888641415599 ], [ -53.276107694576908, -26.398019340881021 ], [ -53.264234028974009, -26.404894888651047 ], [ -53.257292027714712, -26.381372938472278 ], [ -53.232621028196299, -26.369127531470845 ], [ -53.219995750142942, -26.374242681077948 ], [ -53.191465265969285, -26.369362896060395 ], [ -53.150345726029038, -26.344385232016133 ], [ -53.126996839977693, -26.372488731259942 ], [ -53.093270268767014, -26.3824836658846 ], [ -53.093228613137228, -26.392022380106226 ], [ -53.046440285317622, -26.381377774730968 ], [ -52.988745426951851, -26.345837721709167 ], [ -52.937659324807093, -26.362206845286387 ] ] ] } },
{ "type": "Feature", "properties": { "id": null, "CD_MUN": "4203600", "NM_MUN": "Campos Novos", "SIGLA_UF": "SC", "AREA_KM2": 1717.697 }, "geometry": { "type": "Polygon", "coordinates": [ [ [ -50.853890778271172, -27.247371152335781 ], [ -50.873941625112195, -27.272609974349265 ], [ -50.89755131162827, -27.271592747938271 ], [ -50.933731942767558, -27.292638533668093 ], [ -50.929740246765604, -27.306167161308434 ], [ -50.944450117422519, -27.317858010646823 ], [ -50.930998971230828, -27.32769012456227 ], [ -50.971200276201479, -27.338146115848645 ], [ -50.960185078795007, -27.379110839033668 ], [ -50.972527823011568, -27.380566552899161 ], [ -50.978667500618926, -27.397345146378747 ], [ -50.992287080444093, -27.402777876973115 ], [ -51.002715476804909, -27.394306363835604 ], [ -51.045564630938379, -27.39061307428317 ], [ -51.079604524929614, -27.418407052970863 ], [ -51.103676045601993, -27.422878980172282 ], [ -51.08711340497684, -27.439957421690607 ], [ -51.064900087615705, -27.439644676962029 ], [ -51.065843678186042, -27.454807960039371 ], [ -51.056887717782388, -27.460305174082933 ], [ -51.048388158192026, -27.493810774282746 ], [ -51.071764210958449, -27.510958535508951 ], [ -51.083422353955072, -27.507584439030015 ], [ -51.095804942687074, -27.526342674399771 ], [ -51.121376066031701, -27.528409368946356 ], [ -51.146289754871468, -27.580453960788677 ], [ -51.169915741416595, -27.58451964226019 ], [ -51.175615318239707, -27.594582284506497 ], [ -51.194630207679126, -27.593934225842126 ], [ -51.2007517741431, -27.613782231503215 ], [ -51.210620536173337, -27.619174659941841 ], [ -51.222579324150139, -27.602078485474991 ], [ -51.233643421643755, -27.60112735459942 ], [ -51.248128714122707, -27.611481784453318 ], [ -51.252513421936101, -27.630710749002169 ], [ -51.262869373723376, -27.632937040085501 ], [ -51.285631458729057, -27.629877300421374 ], [ -51.309543601339662, -27.616408319971534 ], [ -51.315020411099141, -27.601559393709 ], [ -51.336433215922682, -27.601315968688304 ], [ -51.345133809204611, -27.592491408666469 ], [ -51.360166058213771, -27.613519461447762 ], [ -51.373242303737406, -27.612402285690521 ], [ -51.379512381577136, -27.596892404073778 ], [ -51.407964987834234, -27.594100270723793 ], [ -51.420242531934612, -27.566440095193173 ], [ -51.45729430907069, -27.607467689741156 ], [ -51.47676378820907, -27.598775320790164 ], [ -51.477796123381985, -27.571029704689366 ], [ -51.487012884250376, -27.560815526337457 ], [ -51.547616392243704, -27.559079309467982 ], [ -51.534190601652753, -27.538310802569683 ], [ -51.522130391272988, -27.534769049122851 ], [ -51.520638033058106, -27.524203435972851 ], [ -51.507014831004255, -27.530123016608613 ], [ -51.506889864114903, -27.50978010047498 ], [ -51.49346045129527, -27.496324016714979 ], [ -51.498205570862019, -27.48433170725162 ], [ -51.468128395043323, -27.482277909394877 ], [ -51.462912385748574, -27.466838959572243 ], [ -51.446987257370552, -27.464193526069167 ], [ -51.440534256982644, -27.435620909732489 ], [ -51.44898491648587, -27.429809338874122 ], [ -51.445837199765634, -27.42148291349729 ], [ -51.464939022693308, -27.434321568231283 ], [ -51.470558910485529, -27.430781426870681 ], [ -51.469149863530212, -27.406048799933345 ], [ -51.462350940303658, -27.401757426389661 ], [ -51.467952716952489, -27.388385171113612 ], [ -51.47990244935761, -27.398299501426777 ], [ -51.519969731867214, -27.38764199936168 ], [ -51.552508212071871, -27.400380704749427 ], [ -51.554290348580906, -27.383311935748484 ], [ -51.532355942827898, -27.375374023153029 ], [ -51.554351926468414, -27.336617858102812 ], [ -51.565455868477471, -27.32845425343519 ], [ -51.612025051462126, -27.327359646885164 ], [ -51.59005804565102, -27.2911828198026 ], [ -51.575771975749305, -27.313897114780247 ], [ -51.572077302498855, -27.300502290296976 ], [ -51.562666752396254, -27.296718723915674 ], [ -51.563213708926469, -27.274170473819698 ], [ -51.539582289038329, -27.282490450851608 ], [ -51.531841586355775, -27.299955793065081 ], [ -51.521817068492439, -27.301255134566286 ], [ -51.533685300752325, -27.31415827274947 ], [ -51.514530955508839, -27.316515142817412 ], [ -51.499524062100413, -27.305986607650699 ], [ -51.48799994156483, -27.309989417759251 ], [ -51.486333716373458, -27.328613849971937 ], [ -51.46860109588566, -27.331802556534448 ], [ -51.458764933913514, -27.343699752910247 ], [ -51.444400986095246, -27.320016594108502 ], [ -51.437694429699953, -27.327451535800265 ], [ -51.437942552364319, -27.316179828881619 ], [ -51.424522195116381, -27.319183145527706 ], [ -51.421660634461624, -27.311985180511723 ], [ -51.413436364250707, -27.315715548047439 ], [ -51.417705160746436, -27.322075228223937 ], [ -51.41093340423496, -27.32977616414361 ], [ -51.389526032754439, -27.332440942681444 ], [ -51.389602099556654, -27.315849351204513 ], [ -51.385172113884799, -27.325133355801835 ], [ -51.371815145638706, -27.323206912757243 ], [ -51.372590302575567, -27.344193051296564 ], [ -51.355813950458469, -27.34063034072874 ], [ -51.361835905633825, -27.334996099355649 ], [ -51.354495459220075, -27.324027464648204 ], [ -51.342781171678958, -27.33274401489264 ], [ -51.339421554581129, -27.326163478902664 ], [ -51.324574039234484, -27.330873994866092 ], [ -51.331899996733533, -27.341259054358357 ], [ -51.318727762149962, -27.347422060014818 ], [ -51.323137825564089, -27.337812413999082 ], [ -51.307491608794194, -27.341629834191206 ], [ -51.312857940579029, -27.331119031973021 ], [ -51.299721928282231, -27.332429658077835 ], [ -51.288351752465417, -27.323401975191047 ], [ -51.31655985828683, -27.315335095697211 ], [ -51.303849457859563, -27.307825998038883 ], [ -51.306622273911735, -27.297450611063997 ], [ -51.299790750627089, -27.290431587619519 ], [ -51.326656820723706, -27.258626738392127 ], [ -51.312234917246606, -27.251735069759803 ], [ -51.313653019773611, -27.240790616345805 ], [ -51.283200943286857, -27.21277900601709 ], [ -51.257588164312445, -27.233653910606552 ], [ -51.220954754588547, -27.236104281675825 ], [ -51.210057279614077, -27.259998623773672 ], [ -51.158916844039162, -27.287460512698029 ], [ -51.1430225046049, -27.269218144921801 ], [ -51.144552896220887, -27.261009401839747 ], [ -51.120580986837119, -27.253787255530316 ], [ -51.112635628234322, -27.238994752285826 ], [ -51.081058849743393, -27.253837230203441 ], [ -51.029733680505956, -27.234050483819079 ], [ -51.017142813625028, -27.244682192504502 ], [ -51.020495186265507, -27.258460693510457 ], [ -51.004618957974621, -27.275842207239982 ], [ -50.982952597143708, -27.27124453731264 ], [ -50.989150230409891, -27.249653866437153 ], [ -50.952647220918365, -27.237489063747208 ], [ -50.91081772415744, -27.207357560026331 ], [ -50.892963759008971, -27.209095388982036 ], [ -50.895970208810802, -27.221977570044235 ], [ -50.886086957865864, -27.22975266193048 ], [ -50.891125477955441, -27.229630143377015 ], [ -50.893988849724536, -27.235201513387146 ], [ -50.877321164467745, -27.229794576172452 ], [ -50.868792627047966, -27.242451065162481 ], [ -50.860119200481115, -27.238459539657537 ], [ -50.853890778271172, -27.247371152335781 ] ] ] } },
{ "type": "Feature", "properties": { "id": null, "CD_MUN": "4203709", "NM_MUN": "Canelinha", "SIGLA_UF": "SC", "AREA_KM2": 151.008 }, "geometry": { "type": "Polygon", "coordinates": [ [ [ -48.812174495559802, -27.134763705012958 ], [ -48.794095952233363, -27.161548517720806 ], [ -48.804307014873558, -27.17438394828234 ], [ -48.797493602732303, -27.178165902577415 ], [ -48.802570156222984, -27.194243238547042 ], [ -48.772261157768966, -27.211771452123475 ], [ -48.763707264748447, -27.229460874322889 ], [ -48.748810849314673, -27.232973610217584 ], [ -48.742305326610946, -27.270894714600779 ], [ -48.729939037907982, -27.263311460975878 ], [ -48.715964479672479, -27.266374424812465 ], [ -48.719782308697937, -27.26246672779147 ], [ -48.715346889683062, -27.26074985595675 ], [ -48.700138962583068, -27.267717292641873 ], [ -48.73981504439557, -27.289432094157053 ], [ -48.741354491583259, -27.303474977304695 ], [ -48.800648563909888, -27.358292357462247 ], [ -48.794329585983022, -27.319623245068435 ], [ -48.801320487329448, -27.30732302713519 ], [ -48.785715926189333, -27.275942156586229 ], [ -48.811279805076609, -27.274307501149227 ], [ -48.813239430790816, -27.250917742041302 ], [ -48.838127764029842, -27.229025611040846 ], [ -48.897228047122255, -27.214100916725513 ], [ -48.878267491112986, -27.177195426667083 ], [ -48.824073516763441, -27.139113113660915 ], [ -48.812174495559802, -27.134763705012958 ] ] ] } },
{ "type": "Feature", "properties": { "id": null, "CD_MUN": "4203808", "NM_MUN": "Canoinhas", "SIGLA_UF": "SC", "AREA_KM2": 1148.036 }, "geometry": { "type": "Polygon", "coordinates": [ [ [ -50.370238127530193, -26.108711121911657 ], [ -50.356093324546876, -26.120556731528104 ], [ -50.36000714263227, -26.125550974667973 ], [ -50.364413583817729, -26.125278532095141 ], [ -50.360228098581565, -26.121451439385634 ], [ -50.377616607345054, -26.117729132281067 ], [ -50.388809293956697, -26.151155740255621 ], [ -50.387910981244822, -26.159270982336352 ], [ -50.382798205467367, -26.15836498987521 ], [ -50.380849446439193, -26.161955105908937 ], [ -50.389966596018972, -26.168232569687717 ], [ -50.383732740466016, -26.167134738965231 ], [ -50.37627276050592, -26.154776485927716 ], [ -50.347285875518978, -26.153818906707222 ], [ -50.357603793905142, -26.168617858296635 ], [ -50.355825279624781, -26.203401842876666 ], [ -50.323955100611016, -26.207999512804008 ], [ -50.325039958099751, -26.224426671485499 ], [ -50.336040666591515, -26.236369006275734 ], [ -50.323629100030097, -26.238353484424596 ], [ -50.316989554865323, -26.267919145878821 ], [ -50.303520297530248, -26.258116049515511 ], [ -50.296303006891513, -26.264583739469401 ], [ -50.294002891681671, -26.292181043637061 ], [ -50.324272045620248, -26.295854988154737 ], [ -50.370451839022131, -26.334622437808566 ], [ -50.399895124822372, -26.344569009846328 ], [ -50.393603313610583, -26.320410285606794 ], [ -50.406677748019881, -26.314023199964396 ], [ -50.404223688091278, -26.28935022021756 ], [ -50.42762871868711, -26.264994821457996 ], [ -50.435528799431445, -26.236654345538405 ], [ -50.462834970312308, -26.228626156114085 ], [ -50.536684968577084, -26.253819839713138 ], [ -50.571228352354403, -26.295179524024459 ], [ -50.553573609783164, -26.321322726412852 ], [ -50.568575069848571, -26.336034625345853 ], [ -50.574888614432417, -26.351228538061562 ], [ -50.568729014567339, -26.355423186431459 ], [ -50.582833973035214, -26.374094369144807 ], [ -50.56284832631038, -26.399318682382226 ], [ -50.571851375686833, -26.433756068422856 ], [ -50.55365692104273, -26.448079454574483 ], [ -50.552773097245563, -26.457336053705895 ], [ -50.529061988326532, -26.469789419830974 ], [ -50.547897577446449, -26.485068773116858 ], [ -50.552664430385256, -26.506522416662815 ], [ -50.542746768267889, -26.5122807886756 ], [ -50.513218360093745, -26.579238790229645 ], [ -50.52776341934586, -26.608459465230698 ], [ -50.578867632634001, -26.603342703537365 ], [ -50.561796068879737, -26.594095776923329 ], [ -50.59784086644364, -26.567912272379189 ], [ -50.604129055426753, -26.541831941353756 ], [ -50.630748813973341, -26.533608689495633 ], [ -50.64106311013083, -26.512167942639515 ], [ -50.654726156700121, -26.512720888216329 ], [ -50.66801973594437, -26.498544201911617 ], [ -50.698785135211679, -26.500262685832567 ], [ -50.639154195618104, -26.377489422744731 ], [ -50.657145805456295, -26.369490250872548 ], [ -50.645735785124039, -26.329942551483505 ], [ -50.656207648228978, -26.306488308926387 ], [ -50.677260041299164, -26.28608896977471 ], [ -50.669090104518396, -26.251532289353076 ], [ -50.687175892302193, -26.220317463685781 ], [ -50.681318748531638, -26.21201038334371 ], [ -50.695382051369727, -26.210093612816497 ], [ -50.691870300667468, -26.201033688205115 ], [ -50.703349143344582, -26.187966117226491 ], [ -50.678821221858911, -26.148352322302028 ], [ -50.648311189713326, -26.130350155374039 ], [ -50.656562626639314, -26.101813004934414 ], [ -50.629991768179863, -26.063675880996431 ], [ -50.594801816583718, -26.070396668488399 ], [ -50.552481507837072, -26.058455945784395 ], [ -50.552508674552151, -26.042631707352843 ], [ -50.581379648221436, -26.048177283983296 ], [ -50.591451255057578, -26.041495186560844 ], [ -50.591489288458682, -26.022538664584822 ], [ -50.570230428353916, -26.001952323430491 ], [ -50.547977266477339, -26.039610657758228 ], [ -50.513303482467649, -26.026130392704779 ], [ -50.504258777461416, -26.032017731615948 ], [ -50.499100723825499, -26.022208186907719 ], [ -50.479044443641463, -26.025562938351896 ], [ -50.478196842131069, -26.034421352184555 ], [ -50.47182534188839, -26.020973328855703 ], [ -50.459129430375832, -26.027213714651197 ], [ -50.459113130346786, -26.036626686146899 ], [ -50.443787480814791, -26.034298833631091 ], [ -50.449293268403686, -26.044927318144055 ], [ -50.432835672410164, -26.062115381526002 ], [ -50.407847727882519, -26.065737739284327 ], [ -50.404029898857061, -26.056652021293267 ], [ -50.372121686442185, -26.078734378468837 ], [ -50.361515800876205, -26.093808996803542 ], [ -50.370238127530193, -26.108711121911657 ] ] ] } },
{ "type": "Feature", "properties": { "id": null, "CD_MUN": "4203907", "NM_MUN": "Capinzal", "SIGLA_UF": "SC", "AREA_KM2": 244.057 }, "geometry": { "type": "Polygon", "coordinates": [ [ [ -51.554290348580906, -27.383311935748484 ], [ -51.561752139655333, -27.460606634207902 ], [ -51.574158272873738, -27.463542243232336 ], [ -51.582199620536471, -27.475940798425601 ], [ -51.592186104998703, -27.474839743530659 ], [ -51.600162252545253, -27.486914269391733 ], [ -51.629775783093308, -27.479553483666542 ], [ -51.645579566810653, -27.495408351736462 ], [ -51.647432336778891, -27.516331618912819 ], [ -51.659662791906463, -27.519301081748079 ], [ -51.677502268140231, -27.504892255026277 ], [ -51.675759976146644, -27.484760522188743 ], [ -51.701231488202652, -27.479734037324278 ], [ -51.685587082547087, -27.432059811250898 ], [ -51.705732107333709, -27.425529249934048 ], [ -51.731880976152297, -27.396974366545898 ], [ -51.7371277743908, -27.359066158852542 ], [ -51.692125205308905, -27.368888600250614 ], [ -51.688836221670272, -27.35231635380844 ], [ -51.673516005481297, -27.359006511662042 ], [ -51.66572278048293, -27.33891346889402 ], [ -51.649545907211866, -27.350746181820632 ], [ -51.63575970486756, -27.344734712269769 ], [ -51.624999874582805, -27.35261781393341 ], [ -51.602837268423151, -27.334148141998782 ], [ -51.56529649041569, -27.328486495159783 ], [ -51.532359565056574, -27.375272461720552 ], [ -51.554290348580906, -27.383311935748484 ] ] ] } },
{ "type": "Feature", "properties": { "id": null, "CD_MUN": "4203956", "NM_MUN": "Capivari de Baixo", "SIGLA_UF": "SC", "AREA_KM2": 53.222 }, "geometry": { "type": "Polygon", "coordinates": [ [ [ -48.914125743900023, -28.467209396946867 ], [ -48.925204330308347, -28.493692749529746 ], [ -48.897494280930005, -28.513634256192166 ], [ -48.896682901706377, -28.524502941553365 ], [ -48.914190944016205, -28.511661062646912 ], [ -48.942726861532883, -28.50580596546034 ], [ -48.951702744194257, -28.487926317085812 ], [ -48.975462753200425, -28.47090591067176 ], [ -48.974734685236371, -28.463069559508785 ], [ -48.985999816421547, -28.459606798287208 ], [ -48.967631494800955, -28.444691776489254 ], [ -48.967653228173013, -28.433405560794544 ], [ -48.979043326247549, -28.421964584821769 ], [ -48.937224696172656, -28.383588872121781 ], [ -48.932729510384618, -28.396630649720727 ], [ -48.939550166983231, -28.416104651376507 ], [ -48.914125743900023, -28.467209396946867 ] ] ] } },
{ "type": "Feature", "properties": { "id": null, "CD_MUN": "4204004", "NM_MUN": "Catanduvas", "SIGLA_UF": "SC", "AREA_KM2": 199.166 }, "geometry": { "type": "Polygon", "coordinates": [ [ [ -51.618581285367327, -27.040932226008422 ], [ -51.625776842634004, -27.049179659159996 ], [ -51.621428357107376, -27.058510414257981 ], [ -51.636362805942262, -27.067802479286453 ], [ -51.633262178194833, -27.078974236858851 ], [ -51.668109829181013, -27.118004456568134 ], [ -51.700405620064316, -27.104620916688472 ], [ -51.723703794914179, -27.111799536669697 ], [ -51.751201943914921, -27.106461919162882 ], [ -51.762101230003729, -27.096886126957973 ], [ -51.759819225937278, -27.079251515690373 ], [ -51.770483067162097, -27.081571307775029 ], [ -51.775724432057579, -27.070939599089609 ], [ -51.783745857462591, -27.078484162644997 ], [ -51.781262819704573, -27.087705295879356 ], [ -51.800089353252794, -27.085209786395652 ], [ -51.803619215098436, -27.096020436652577 ], [ -51.811716707305663, -27.087149126130079 ], [ -51.808237556661496, -27.08031065634334 ], [ -51.820178233494921, -27.085622480470477 ], [ -51.814322900838697, -27.090914959562856 ], [ -51.82135545781491, -27.099571862616791 ], [ -51.833314245791719, -27.082711052739487 ], [ -51.830867430320474, -27.066325808299972 ], [ -51.802327890575121, -27.040448600139488 ], [ -51.792681895608517, -27.050538647851702 ], [ -51.758908235425039, -27.051048067100314 ], [ -51.764497334273507, -27.042660382446751 ], [ -51.733402312196596, -27.039692531697721 ], [ -51.700593975955513, -27.00474411432225 ], [ -51.68403133533036, -27.008034382317238 ], [ -51.683752423722233, -26.99803783560635 ], [ -51.697029702937435, -26.986609756323418 ], [ -51.693936319647356, -26.976264998986899 ], [ -51.680479740112652, -26.957748576551609 ], [ -51.66809896249498, -26.958843183101632 ], [ -51.651856889107734, -26.945944881177134 ], [ -51.633204222536001, -26.943165644516988 ], [ -51.6309765518997, -26.977490184521535 ], [ -51.608631023191862, -26.979911538038667 ], [ -51.616569137337308, -26.993091955053377 ], [ -51.618581285367327, -27.040932226008422 ] ] ] } },
{ "type": "Feature", "properties": { "id": null, "CD_MUN": "4204103", "NM_MUN": "Caxambu do Sul", "SIGLA_UF": "SC", "AREA_KM2": 140.873 }, "geometry": { "type": "Polygon", "coordinates": [ [ [ -52.898403421521117, -27.086168977702371 ], [ -52.86145668901667, -27.101504754006299 ], [ -52.850157146659058, -27.11378401481856 ], [ -52.859035229146151, -27.127797880414064 ], [ -52.835892810129394, -27.136612767918521 ], [ -52.836629933665144, -27.146825334184197 ], [ -52.844743725901417, -27.147288002932147 ], [ -52.838198358682249, -27.157199109072852 ], [ -52.900565892041229, -27.197715672285995 ], [ -52.92700997249699, -27.204010869013299 ], [ -52.937224657365867, -27.199663072451575 ], [ -52.938322192654972, -27.170805116852222 ], [ -52.956692325389902, -27.163257329124377 ], [ -52.969824715458032, -27.216219198031446 ], [ -52.991719276695591, -27.217653954775955 ], [ -53.002576907154619, -27.194014322302412 ], [ -52.98285387200886, -27.164995158080085 ], [ -52.992487189175094, -27.13995623475909 ], [ -52.981939259267946, -27.138039464231881 ], [ -52.987580880432226, -27.131616912692422 ], [ -52.971806074544297, -27.128366946853181 ], [ -52.959546641587309, -27.114849603816445 ], [ -52.958628406617713, -27.101146870863289 ], [ -52.949129111912519, -27.102981424992784 ], [ -52.941707165353542, -27.08945118526621 ], [ -52.898403421521117, -27.086168977702371 ] ] ] } },
{ "type": "Feature", "properties": { "id": null, "CD_MUN": "4204152", "NM_MUN": "Celso Ramos", "SIGLA_UF": "SC", "AREA_KM2": 208.391 }, "geometry": { "type": "Polygon", "coordinates": [ [ [ -51.2207736431547, -27.603846944069062 ], [ -51.20715587444387, -27.635218142100644 ], [ -51.1981564472961, -27.636989824867175 ], [ -51.193684805994458, -27.658364476187874 ], [ -51.210510058198686, -27.670727565484082 ], [ -51.222568457464114, -27.723189687659918 ], [ -51.235805892163867, -27.720437856465679 ], [ -51.264325509651492, -27.738789846105529 ], [ -51.276128541795195, -27.724024748326947 ], [ -51.309302723132646, -27.71907241942905 ], [ -51.30200031012, -27.702559820177381 ], [ -51.312646040201429, -27.693269367235139 ], [ -51.315105533473051, -27.675070525787117 ], [ -51.330869472674948, -27.670938748780184 ], [ -51.352856400743775, -27.680129252376176 ], [ -51.370281131794037, -27.672126856331534 ], [ -51.377934900988343, -27.66002331291832 ], [ -51.370109075931886, -27.636670631793681 ], [ -51.381289084743159, -27.625497262135053 ], [ -51.401966577145281, -27.629662892952812 ], [ -51.415450323395063, -27.652145047513368 ], [ -51.432366131316222, -27.655606196648712 ], [ -51.436605949982543, -27.629849894955466 ], [ -51.45729430907069, -27.607467689741156 ], [ -51.421680556719345, -27.56623374815576 ], [ -51.407843643173564, -27.594209892587418 ], [ -51.379925315646304, -27.596684444950135 ], [ -51.375194684994263, -27.611320575830337 ], [ -51.365162922673569, -27.614678551446978 ], [ -51.345582965560546, -27.592455942769416 ], [ -51.336433215922682, -27.601315968688304 ], [ -51.315020411099141, -27.601559393709 ], [ -51.309232089673444, -27.616682374630596 ], [ -51.278202267712722, -27.632396991198526 ], [ -51.252513421936101, -27.630710749002169 ], [ -51.247924058202457, -27.611193221018183 ], [ -51.230492082694845, -27.600019851359558 ], [ -51.2207736431547, -27.603846944069062 ] ] ] } },
{ "type": "Feature", "properties": { "id": null, "CD_MUN": "4204178", "NM_MUN": "Cerro Negro", "SIGLA_UF": "SC", "AREA_KM2": 418.544 }, "geometry": { "type": "Polygon", "coordinates": [ [ [ -50.934938144916963, -27.579646305587556 ], [ -50.899664882061245, -27.573463954896337 ], [ -50.896727254604272, -27.58772124551254 ], [ -50.880055947118812, -27.587319836041324 ], [ -50.887439860276686, -27.597058448955444 ], [ -50.884076620950175, -27.609839068585167 ], [ -50.874964904713416, -27.602244530356657 ], [ -50.862475460235444, -27.607445120533939 ], [ -50.856319482599041, -27.62327741939664 ], [ -50.860936013047755, -27.649583442494244 ], [ -50.847008543785051, -27.694496164856005 ], [ -50.853874478242126, -27.73112115191045 ], [ -50.843187092530911, -27.762179605213454 ], [ -50.85991635567521, -27.774853827152011 ], [ -50.855111469335291, -27.786575306128764 ], [ -50.863496928722327, -27.803092741639126 ], [ -50.857449617946237, -27.816144191755452 ], [ -50.869754328761687, -27.824662455393625 ], [ -50.889951875864121, -27.895136417014829 ], [ -50.916935668392739, -27.895705483453945 ], [ -50.927137675461246, -27.90407704724521 ], [ -50.921836543792594, -27.917952273424952 ], [ -50.929396135041301, -27.922527374145076 ], [ -50.926608830074414, -27.92889833892518 ], [ -50.954969069500258, -27.93173077443091 ], [ -50.961257258483371, -27.944867665117414 ], [ -50.978368666753077, -27.948204683613064 ], [ -50.986004324804, -27.940502135607161 ], [ -51.006824895238857, -27.965221865854659 ], [ -51.020672675470678, -27.954428948546258 ], [ -51.016458212405091, -27.925508121583945 ], [ -51.055965860584116, -27.903670801515304 ], [ -51.056293672279381, -27.883003856049481 ], [ -51.05298476638302, -27.867553621623237 ], [ -51.041121967466154, -27.866837855337216 ], [ -51.004215079477149, -27.824886535379566 ], [ -50.934403866187125, -27.817393558583532 ], [ -50.958569564805103, -27.781610080541032 ], [ -50.965701733069935, -27.751580138252631 ], [ -50.940880411061428, -27.753240587069307 ], [ -50.926972864056445, -27.741930190081149 ], [ -50.904774035610025, -27.681644613432173 ], [ -50.918580160212052, -27.673013503757915 ], [ -50.923973658711965, -27.679518271695088 ], [ -50.928990445429484, -27.667426012885485 ], [ -50.945462530337721, -27.672189727694494 ], [ -50.939302930472635, -27.65622362567472 ], [ -50.944093327897846, -27.648693570895404 ], [ -50.953723022835405, -27.65051522833506 ], [ -50.993976850121868, -27.612858506093552 ], [ -50.954956391699895, -27.5973969870637 ], [ -50.97074206427385, -27.577698905421979 ], [ -50.967996414936756, -27.570617010614541 ], [ -50.947061744298573, -27.570381646024991 ], [ -50.934938144916963, -27.579646305587556 ] ] ] } },
{ "type": "Feature", "properties": { "id": null, "CD_MUN": "4204194", "NM_MUN": "Chapadão do Lageado", "SIGLA_UF": "SC", "AREA_KM2": 124.866 }, "geometry": { "type": "Polygon", "coordinates": [ [ [ -49.470232023750832, -27.555864809525794 ], [ -49.497349838740497, -27.584959741800922 ], [ -49.500519288832791, -27.598215926868431 ], [ -49.548658707948881, -27.611897702700599 ], [ -49.617379630407157, -27.659702507758592 ], [ -49.637495677364363, -27.659966889900279 ], [ -49.640062026381948, -27.648103547335303 ], [ -49.620252057747948, -27.622479436712897 ], [ -49.622843762366273, -27.602528257533102 ], [ -49.615193615400642, -27.585504626946587 ], [ -49.590001014952762, -27.57425871340762 ], [ -49.587097798668218, -27.557692915310369 ], [ -49.546382137225443, -27.511754906106464 ], [ -49.492342107594673, -27.534524012015922 ], [ -49.486032185239502, -27.55656284286329 ], [ -49.470232023750832, -27.555864809525794 ] ] ] } },
{ "type": "Feature", "properties": { "id": null, "CD_MUN": "4204202", "NM_MUN": "Chapecó", "SIGLA_UF": "SC", "AREA_KM2": 624.846 }, "geometry": { "type": "Polygon", "coordinates": [ [ [ -52.718713712431459, -26.960792195353438 ], [ -52.714214904414739, -26.985050868939219 ], [ -52.690559940040202, -26.992780822411028 ], [ -52.642232165032908, -26.993316035039317 ], [ -52.6102044190717, -27.035460805344542 ], [ -52.586352043234264, -27.030587468671904 ], [ -52.57186856186965, -27.039595806523934 ], [ -52.572189129107556, -27.051317285500687 ], [ -52.556979390893225, -27.054346395526451 ], [ -52.554001918920811, -27.059451872616176 ], [ -52.562586600885076, -27.059588899945705 ], [ -52.551832203943341, -27.07122977461097 ], [ -52.516558941087624, -27.082662690152596 ], [ -52.515906939925777, -27.094653387529721 ], [ -52.481003144395103, -27.111261099868948 ], [ -52.505775566316473, -27.117733626081527 ], [ -52.488202323890455, -27.141065350085182 ], [ -52.508796505033011, -27.139917544689578 ], [ -52.518270444137464, -27.147807094698134 ], [ -52.505713988428965, -27.15840978583142 ], [ -52.523517242375959, -27.165262764394228 ], [ -52.519304590424717, -27.177833812814079 ], [ -52.527898327960678, -27.179025144537889 ], [ -52.513501780084312, -27.190893323361554 ], [ -52.52352992017633, -27.207697710220813 ], [ -52.543964723257098, -27.219807701978944 ], [ -52.536524665554737, -27.231937038771836 ], [ -52.544551524302761, -27.240605226429381 ], [ -52.564845060465132, -27.249170240568219 ], [ -52.588782558676471, -27.247261530472155 ], [ -52.611285654331752, -27.264069141503875 ], [ -52.626593192720364, -27.266093921808483 ], [ -52.644890880881761, -27.261667133021497 ], [ -52.655315655013894, -27.2415047705456 ], [ -52.667575087970889, -27.237850171062679 ], [ -52.691956309195149, -27.28454747288081 ], [ -52.706086623263758, -27.275748706238655 ], [ -52.716236108016453, -27.236046246571551 ], [ -52.73031389976925, -27.238083923565998 ], [ -52.743368411920827, -27.258247898128126 ], [ -52.760827554143518, -27.253700202873908 ], [ -52.758596261278541, -27.215192299103077 ], [ -52.785514853690977, -27.206019528455609 ], [ -52.78684602272974, -27.193553265640695 ], [ -52.774041444356875, -27.186150565673529 ], [ -52.749039010914522, -27.190638613737246 ], [ -52.749499033956489, -27.169475145712653 ], [ -52.734886963473848, -27.167237570025712 ], [ -52.722018996099138, -27.152985115668198 ], [ -52.722993375613221, -27.137565510880322 ], [ -52.70600512311853, -27.104127618302158 ], [ -52.706919735859451, -27.096362198933292 ], [ -52.732079736249247, -27.08433442357288 ], [ -52.736486177434699, -27.069356530411962 ], [ -52.722904631010643, -27.036552187722101 ], [ -52.741428708464341, -27.010957094651836 ], [ -52.762667646311385, -27.01554025580311 ], [ -52.779230286936539, -27.053085744094759 ], [ -52.810785332055417, -27.051328570104296 ], [ -52.839629139009624, -27.044056449121744 ], [ -52.840469496062667, -27.017951936802863 ], [ -52.821365862020663, -27.018464580223934 ], [ -52.76877110163197, -26.994650842437576 ], [ -52.754619054191295, -26.937808681975419 ], [ -52.718713712431459, -26.960792195353438 ] ] ] } },
{ "type": "Feature", "properties": { "id": null, "CD_MUN": "4204251", "NM_MUN": "Cocal do Sul", "SIGLA_UF": "SC", "AREA_KM2": 70.965 }, "geometry": { "type": "Polygon", "coordinates": [ [ [ -49.275714721572257, -28.586529571330505 ], [ -49.245307922943958, -28.590598476974478 ], [ -49.291880728157288, -28.621336125117757 ], [ -49.33062046385681, -28.624403925213034 ], [ -49.336899597268228, -28.634373066458014 ], [ -49.353902338677628, -28.637357038069343 ], [ -49.370349067985124, -28.633539617877215 ], [ -49.402105146795563, -28.598375180946952 ], [ -49.383066712869741, -28.577722744257198 ], [ -49.365221803292961, -28.575104716220032 ], [ -49.350383343518011, -28.562359562487366 ], [ -49.335133760788239, -28.56818886629426 ], [ -49.314166490091964, -28.564253763807361 ], [ -49.275714721572257, -28.586529571330505 ] ] ] } },
{ "type": "Feature", "properties": { "id": null, "CD_MUN": "4204301", "NM_MUN": "Concórdia", "SIGLA_UF": "SC", "AREA_KM2": 799.194 }, "geometry": { "type": "Polygon", "coordinates": [ [ [ -51.891125015475154, -27.122453814562334 ], [ -51.864443679041059, -27.12642438294629 ], [ -51.86744288438554, -27.133901238880025 ], [ -51.859984715539788, -27.140433412283109 ], [ -51.821241357611591, -27.147645886075157 ], [ -51.826855812060799, -27.163365338901773 ], [ -51.813136620947013, -27.192126569327336 ], [ -51.817997651831419, -27.204995853699696 ], [ -51.811935852140614, -27.220581503369242 ], [ -51.826118688525042, -27.220853945942075 ], [ -51.833520712826306, -27.228306620582362 ], [ -51.828771971030882, -27.23433582308175 ], [ -51.844870966385393, -27.22974943775802 ], [ -51.839991824357597, -27.247480774199406 ], [ -51.795251866854784, -27.253440656990914 ], [ -51.788103398560906, -27.267733413504171 ], [ -51.798435805861786, -27.291306950442291 ], [ -51.807668866759222, -27.283896190043979 ], [ -51.853455648349666, -27.319597451688757 ], [ -51.883496601881589, -27.301662992382418 ], [ -51.91110885108565, -27.303360519182384 ], [ -51.915982559770427, -27.324617488208304 ], [ -51.951451422974699, -27.333553282179992 ], [ -51.955006640421082, -27.339656640645952 ], [ -51.946206435850542, -27.350467290902877 ], [ -51.962799865419449, -27.341175225874409 ], [ -51.957739611957813, -27.361721264872994 ], [ -51.970540568102003, -27.354405617562239 ], [ -51.992583640715317, -27.363363980741145 ], [ -51.983412157705388, -27.375082235545438 ], [ -51.994382077253405, -27.378349934333208 ], [ -52.02288901694066, -27.362154916068807 ], [ -52.007601400809776, -27.341257442272127 ], [ -52.011181973856893, -27.331797720275759 ], [ -52.044750978120128, -27.346553145536966 ], [ -52.074092841517412, -27.338352462886057 ], [ -52.099240164106838, -27.348179740542815 ], [ -52.11073168458433, -27.337246571732425 ], [ -52.105685920037395, -27.313350617548348 ], [ -52.114330368774837, -27.30501935591283 ], [ -52.166128238854604, -27.313637568897249 ], [ -52.159390893515557, -27.279717662536381 ], [ -52.16833417611884, -27.270915671721763 ], [ -52.187771055199121, -27.286174067886662 ], [ -52.213396511973897, -27.331947644295127 ], [ -52.227179092089528, -27.329000750667085 ], [ -52.241137350295993, -27.304271347902208 ], [ -52.277720048818416, -27.300225011465454 ], [ -52.267990742592239, -27.283248131379604 ], [ -52.23397258197307, -27.269193963628354 ], [ -52.260778885296517, -27.256052236683161 ], [ -52.244169155698565, -27.247701630012884 ], [ -52.235376195585374, -27.251294970219071 ], [ -52.224504076211637, -27.23165975994031 ], [ -52.20904078198992, -27.236841005082834 ], [ -52.208437680915218, -27.220014049016356 ], [ -52.190085659323664, -27.219967298515694 ], [ -52.204308340223541, -27.210347979982576 ], [ -52.196247070303087, -27.212775781844631 ], [ -52.188180367039614, -27.194934823539619 ], [ -52.178047182315964, -27.201184881852488 ], [ -52.141189194414103, -27.180155216984968 ], [ -52.134716271768468, -27.188175345978138 ], [ -52.128882672484309, -27.181407807985508 ], [ -52.116735528616303, -27.183943619624955 ], [ -52.117807708304667, -27.167964620915345 ], [ -52.107154733765881, -27.171437054654298 ], [ -52.102199524935877, -27.162668917650507 ], [ -52.085423172818778, -27.169976504530116 ], [ -52.088902323462946, -27.14689465389208 ], [ -52.077622703363062, -27.14470705287826 ], [ -52.066326783234125, -27.153926574026393 ], [ -52.068840609935897, -27.136993220268749 ], [ -52.06082824010258, -27.131417013999929 ], [ -52.056336676543218, -27.146759238648777 ], [ -52.045223678962465, -27.14874049262518 ], [ -52.048516284829773, -27.141871393200073 ], [ -52.040065625326548, -27.137992713731215 ], [ -52.030892331202281, -27.143947760264034 ], [ -52.017850496851082, -27.139317848612098 ], [ -52.014851291506602, -27.125864989024556 ], [ -51.996790859323546, -27.13526667591665 ], [ -51.995296689994319, -27.118746016233832 ], [ -51.977935347945909, -27.118747628320062 ], [ -51.976053600148255, -27.104804694518666 ], [ -51.956998866193388, -27.106821414392126 ], [ -51.961492240867088, -27.118966872047313 ], [ -51.942638540603788, -27.115194590269621 ], [ -51.929871995632027, -27.128047753779683 ], [ -51.916891739168335, -27.128582966407969 ], [ -51.917007650485992, -27.135229597933368 ], [ -51.892345706539274, -27.113859782871359 ], [ -51.891125015475154, -27.122453814562334 ] ] ] } },
{ "type": "Feature", "properties": { "id": null, "CD_MUN": "4204350", "NM_MUN": "Cordilheira Alta", "SIGLA_UF": "SC", "AREA_KM2": 83.556 }, "geometry": { "type": "Polygon", "coordinates": [ [ [ -52.614935049723741, -26.933946123368859 ], [ -52.590524850670064, -26.96189163816215 ], [ -52.593812023194353, -26.981375312335313 ], [ -52.584656840213469, -26.973800119141561 ], [ -52.586352043234264, -27.030587468671904 ], [ -52.6102044190717, -27.035460805344542 ], [ -52.642232165032908, -26.993316035039317 ], [ -52.674959001128762, -26.994960362993695 ], [ -52.714214904414739, -26.985050868939219 ], [ -52.71682834240513, -26.973458356860846 ], [ -52.665135516956987, -26.922037642389448 ], [ -52.631955902276523, -26.950811769504853 ], [ -52.614935049723741, -26.933946123368859 ] ] ] } },
{ "type": "Feature", "properties": { "id": null, "CD_MUN": "4204400", "NM_MUN": "Coronel Freitas", "SIGLA_UF": "SC", "AREA_KM2": 233.698 }, "geometry": { "type": "Polygon", "coordinates": [ [ [ -52.716947875951469, -26.803613787949573 ], [ -52.656253812241218, -26.853641659918434 ], [ -52.620801249065991, -26.86484565921543 ], [ -52.622827886010718, -26.874477874438384 ], [ -52.635766486844631, -26.879048138899819 ], [ -52.616362207822441, -26.907183879868228 ], [ -52.63110830076613, -26.922468069412801 ], [ -52.614935049723741, -26.933946123368859 ], [ -52.631955902276523, -26.950811769504853 ], [ -52.665135516956987, -26.922037642389448 ], [ -52.71682834240513, -26.973458356860846 ], [ -52.718713712431459, -26.960792195353438 ], [ -52.739394827062256, -26.941801819566592 ], [ -52.761082921265242, -26.942240307021095 ], [ -52.783417583287047, -26.928564979533842 ], [ -52.801353048580751, -26.90194459962143 ], [ -52.822505052939547, -26.904245046671331 ], [ -52.833317405540114, -26.913917564050031 ], [ -52.860221509037842, -26.913461343647 ], [ -52.838779726384892, -26.879991209344244 ], [ -52.822543086340659, -26.880257203572157 ], [ -52.825645525202425, -26.888764182606721 ], [ -52.805462467014699, -26.897725769958086 ], [ -52.786188588224881, -26.889023728489718 ], [ -52.818940779921469, -26.869554563092624 ], [ -52.810884943344028, -26.864384602553709 ], [ -52.793818812932784, -26.875358073519845 ], [ -52.784947974903041, -26.869859247390053 ], [ -52.785953143360878, -26.8555342491522 ], [ -52.797348674778434, -26.853670677470571 ], [ -52.805996745744544, -26.83998245329348 ], [ -52.80438666509766, -26.795459855799326 ], [ -52.783991706532333, -26.787754083620964 ], [ -52.743511489953562, -26.840362905643708 ], [ -52.740620951469388, -26.818973745546945 ], [ -52.712255278700532, -26.820089309217956 ], [ -52.716947875951469, -26.803613787949573 ] ] ] } },
{ "type": "Feature", "properties": { "id": null, "CD_MUN": "4204459", "NM_MUN": "Coronel Martins", "SIGLA_UF": "SC", "AREA_KM2": 107.502 }, "geometry": { "type": "Polygon", "coordinates": [ [ [ -52.610591997540126, -26.489766392390447 ], [ -52.608992783579275, -26.505263377317352 ], [ -52.616507096969514, -26.512493584057932 ], [ -52.608827972174474, -26.54403566322987 ], [ -52.649143377348445, -26.569189044673177 ], [ -52.64901297711608, -26.586983252477527 ], [ -52.670174037046564, -26.60167258220331 ], [ -52.707158802952122, -26.586539928764335 ], [ -52.68870535895762, -26.583478577013977 ], [ -52.700441379870803, -26.577112448492564 ], [ -52.690703018072938, -26.571210600805326 ], [ -52.706260490240254, -26.566400135495652 ], [ -52.710007685806509, -26.556366510801482 ], [ -52.713468725307294, -26.56143168573546 ], [ -52.73039902214316, -26.542362317723356 ], [ -52.730893456357556, -26.530463509261324 ], [ -52.756008178888891, -26.509254902822295 ], [ -52.685289597315297, -26.500215935331902 ], [ -52.695332226322023, -26.491765379315378 ], [ -52.678338540484319, -26.48349860112905 ], [ -52.662094655982727, -26.48326484862573 ], [ -52.63302627085055, -26.49910843209204 ], [ -52.610591997540126, -26.489766392390447 ] ] ] } },
{ "type": "Feature", "properties": { "id": null, "CD_MUN": "4204509", "NM_MUN": "Corupá", "SIGLA_UF": "SC", "AREA_KM2": 405.761 }, "geometry": { "type": "Polygon", "coordinates": [ [ [ -49.291368182799509, -26.547137317135974 ], [ -49.29983514233178, -26.53935094064612 ], [ -49.331942577323879, -26.53869159737814 ], [ -49.356490421067278, -26.513288342569215 ], [ -49.356785632704444, -26.497747831314104 ], [ -49.374105319123075, -26.487823828483556 ], [ -49.417211651492607, -26.510125429386378 ], [ -49.424093885978728, -26.498013825542017 ], [ -49.462118231514559, -26.476951918949901 ], [ -49.495752435893976, -26.427291602641425 ], [ -49.483594425339945, -26.419971119071981 ], [ -49.444682633778271, -26.426396894783895 ], [ -49.437168320388025, -26.372757949660318 ], [ -49.402014591078647, -26.348721743974249 ], [ -49.36293979922651, -26.36075919185204 ], [ -49.356780199361431, -26.376660810422624 ], [ -49.327829536661255, -26.387621384698917 ], [ -49.320795168570697, -26.385901288691741 ], [ -49.326299145045262, -26.375214769074507 ], [ -49.301568378753679, -26.36775242191684 ], [ -49.299041874251536, -26.374320061216977 ], [ -49.280356607621712, -26.376096580242198 ], [ -49.275140598326963, -26.388730500025009 ], [ -49.230960275154729, -26.397114960506112 ], [ -49.220814412630716, -26.386384914560676 ], [ -49.201681800759296, -26.382769005147271 ], [ -49.196241213286577, -26.37131835665712 ], [ -49.175898777037069, -26.36561479557615 ], [ -49.186921218900899, -26.334567626876751 ], [ -49.179995517670648, -26.311437413651824 ], [ -49.168945909091747, -26.307977876602706 ], [ -49.16902922035132, -26.342621609680748 ], [ -49.160328627069383, -26.351028639369069 ], [ -49.166144115210159, -26.356377541479489 ], [ -49.158323723496721, -26.358449072284763 ], [ -49.166654849453607, -26.379915612520556 ], [ -49.183981780329589, -26.38218381784586 ], [ -49.187973476331535, -26.390115282096396 ], [ -49.18544153848638, -26.434689466349901 ], [ -49.207863133996433, -26.440536503105324 ], [ -49.199033951596476, -26.44622555541023 ], [ -49.212323908612049, -26.458616050172346 ], [ -49.213042921004408, -26.485963480974387 ], [ -49.248202083656807, -26.501075177292375 ], [ -49.291368182799509, -26.547137317135974 ] ] ] } },
{ "type": "Feature", "properties": { "id": null, "CD_MUN": "4204558", "NM_MUN": "Correia Pinto", "SIGLA_UF": "SC", "AREA_KM2": 647.388 }, "geometry": { "type": "Polygon", "coordinates": [ [ [ -50.486776090752322, -27.458647949438713 ], [ -50.468922125603846, -27.476472786881427 ], [ -50.49141616568744, -27.481758817628887 ], [ -50.492149666994514, -27.489527461170212 ], [ -50.46895834789062, -27.486290392020809 ], [ -50.450403481493161, -27.5003413355996 ], [ -50.448413066835201, -27.478052631386614 ], [ -50.430999202470971, -27.475331429830742 ], [ -50.423475833509038, -27.484167274456183 ], [ -50.404220065862596, -27.474649517355545 ], [ -50.38472704223782, -27.490572093047113 ], [ -50.386045533476221, -27.498437461762226 ], [ -50.376343393965122, -27.501668082566709 ], [ -50.380646601633288, -27.517645469190093 ], [ -50.392252222314099, -27.52510620426153 ], [ -50.388720549354112, -27.53609740817619 ], [ -50.396674963528604, -27.5477785849972 ], [ -50.411459089873397, -27.547788257514579 ], [ -50.392150799911143, -27.557762235018249 ], [ -50.383685651493209, -27.553082348693188 ], [ -50.383336106425894, -27.561734415488434 ], [ -50.368157157155309, -27.55306461574466 ], [ -50.373751689346797, -27.545797331020797 ], [ -50.366041775607997, -27.536100632348649 ], [ -50.358244928380955, -27.540235633528045 ], [ -50.295707150274161, -27.52255749593224 ], [ -50.262982125292645, -27.538796040524847 ], [ -50.267754411574472, -27.521736944041283 ], [ -50.25175683862291, -27.524068020729548 ], [ -50.25072269233565, -27.51697967757719 ], [ -50.243228301203132, -27.526605444455228 ], [ -50.239609694754904, -27.516468646242352 ], [ -50.226232804251083, -27.513209007885727 ], [ -50.234540385721573, -27.527687154315412 ], [ -50.223932689041249, -27.532133288137153 ], [ -50.225997359387087, -27.540367824598889 ], [ -50.210289564729678, -27.553732019443789 ], [ -50.215699363258636, -27.559372709161803 ], [ -50.204001375746572, -27.565630827905821 ], [ -50.209679219197618, -27.568187596666256 ], [ -50.198428576927149, -27.5823062478667 ], [ -50.202378617299317, -27.58647349077069 ], [ -50.191041041540593, -27.59366984370044 ], [ -50.194018513513015, -27.632596889891019 ], [ -50.273106254444599, -27.675855611781021 ], [ -50.3102485872976, -27.677985177690566 ], [ -50.295957084052866, -27.707752349923513 ], [ -50.30900797397576, -27.748562312830476 ], [ -50.326738783349221, -27.749669816070337 ], [ -50.34284502316109, -27.740516390457628 ], [ -50.352943796712303, -27.746856725599365 ], [ -50.357178182035611, -27.737880629471931 ], [ -50.369256503558752, -27.746392444765188 ], [ -50.378312075251024, -27.729401055903274 ], [ -50.389959351561615, -27.729995915722064 ], [ -50.419031358922467, -27.706020969312725 ], [ -50.425337659048964, -27.67675676798347 ], [ -50.445172983283705, -27.676484325410637 ], [ -50.468226657697883, -27.664687078381082 ], [ -50.482472883084156, -27.646634936779972 ], [ -50.491474121346272, -27.646749394902283 ], [ -50.48745525862924, -27.635656629555147 ], [ -50.497606554496272, -27.627349549213072 ], [ -50.521908086689642, -27.633193361796039 ], [ -50.505687746674454, -27.619883977882946 ], [ -50.511628201704582, -27.59537865510401 ], [ -50.542560223491023, -27.603896918742187 ], [ -50.52418465741308, -27.583573347643309 ], [ -50.525566537653319, -27.568921095900809 ], [ -50.539211473079227, -27.557344704684734 ], [ -50.56065868907519, -27.503884701132662 ], [ -50.569328493413366, -27.504097496514994 ], [ -50.542286745225923, -27.484778255137272 ], [ -50.526194994328762, -27.491550629388591 ], [ -50.524050634952033, -27.475353999037956 ], [ -50.534569587029772, -27.470848218025715 ], [ -50.5157973869117, -27.457664576838546 ], [ -50.501169016400013, -27.466953417694558 ], [ -50.486776090752322, -27.458647949438713 ] ] ] } },
{ "type": "Feature", "properties": { "id": null, "CD_MUN": "4204608", "NM_MUN": "Criciúma", "SIGLA_UF": "SC", "AREA_KM2": 234.865 }, "geometry": { "type": "Polygon", "coordinates": [ [ [ -49.358810458534833, -28.636554219126911 ], [ -49.340145114162738, -28.645660894238954 ], [ -49.290344903198282, -28.63846937756789 ], [ -49.243585553208092, -28.674628471701929 ], [ -49.332563789541972, -28.679195511990905 ], [ -49.335465194712171, -28.754354196195862 ], [ -49.357088088798967, -28.75533112045111 ], [ -49.351491745493149, -28.855174069006505 ], [ -49.427103958009241, -28.813601589312857 ], [ -49.418323675696421, -28.795688087127505 ], [ -49.436030940583478, -28.768013402820817 ], [ -49.433062524182752, -28.755247291967162 ], [ -49.418146186491249, -28.751937678937416 ], [ -49.406692699414869, -28.738017314343239 ], [ -49.421255869810373, -28.714297077558207 ], [ -49.477469236647295, -28.711335675154096 ], [ -49.459546449153954, -28.681113894604348 ], [ -49.464450946782492, -28.674821922049503 ], [ -49.454944407619948, -28.66273772367105 ], [ -49.451653612866977, -28.63388299224416 ], [ -49.358810458534833, -28.636554219126911 ] ] ] } },
{ "type": "Feature", "properties": { "id": null, "CD_MUN": "4204707", "NM_MUN": "Cunha Porã", "SIGLA_UF": "SC", "AREA_KM2": 220.099 }, "geometry": { "type": "Polygon", "coordinates": [ [ [ -53.120715895451937, -26.808633824469116 ], [ -53.116195354063159, -26.81931711991389 ], [ -53.131979215522783, -26.825244760980802 ], [ -53.12556424853598, -26.847022433858946 ], [ -53.115798720023037, -26.852806599251409 ], [ -53.125533459592226, -26.859657965727987 ], [ -53.115148529975535, -26.868081116278603 ], [ -53.12208147566313, -26.873115661574218 ], [ -53.116760421736757, -26.888985038420202 ], [ -53.10399568787934, -26.890774454135261 ], [ -53.11990451622831, -26.942962521652035 ], [ -53.139890162953144, -26.941895320567919 ], [ -53.167084044745025, -26.956747471002913 ], [ -53.207611350296595, -26.948932076960922 ], [ -53.209643420584342, -26.939725452502632 ], [ -53.227082640549312, -26.935037505746422 ], [ -53.250310181939973, -26.935672667720958 ], [ -53.248053533474263, -26.921034924754522 ], [ -53.288807228318142, -26.920011249998613 ], [ -53.28025333529763, -26.913751519168365 ], [ -53.295930341011278, -26.897949849944027 ], [ -53.27657133984755, -26.885238550022187 ], [ -53.285246577528746, -26.869765746388726 ], [ -53.274189724492487, -26.872557879738711 ], [ -53.266302321548523, -26.855443972323332 ], [ -53.251425828372462, -26.85599852998638 ], [ -53.261443101778447, -26.851939296859783 ], [ -53.25104187213271, -26.839479482389788 ], [ -53.24465044963231, -26.84697890753074 ], [ -53.244943850155138, -26.839248954058931 ], [ -53.236590990826194, -26.839495603252086 ], [ -53.247774621866142, -26.827530699254634 ], [ -53.23830068276169, -26.823813228408756 ], [ -53.241118776672323, -26.813073509945937 ], [ -53.196501974944525, -26.801537420885609 ], [ -53.120715895451937, -26.808633824469116 ] ] ] } },
{ "type": "Feature", "properties": { "id": null, "CD_MUN": "4204756", "NM_MUN": "Cunhataí", "SIGLA_UF": "SC", "AREA_KM2": 54.811 }, "geometry": { "type": "Polygon", "coordinates": [ [ [ -53.046605096722423, -26.967846684694969 ], [ -53.069767437996909, -26.982102363224943 ], [ -53.069865238171182, -26.991221935026829 ], [ -53.090466663771089, -26.991291254734708 ], [ -53.095295094597404, -27.027713118924201 ], [ -53.108043528425782, -27.031200061439222 ], [ -53.130738602200942, -27.014240914301901 ], [ -53.124964769689953, -27.003398022320379 ], [ -53.131412336734847, -27.002151879664758 ], [ -53.135670266544551, -26.992866262981206 ], [ -53.128688420769812, -26.989469597295052 ], [ -53.134875187349969, -26.983927244837059 ], [ -53.125991671519856, -26.983840192180651 ], [ -53.125207459011307, -26.975715277582541 ], [ -53.138053693013951, -26.965297976365683 ], [ -53.134123574899512, -26.956868377470148 ], [ -53.143400102541072, -26.944247354377172 ], [ -53.11990451622831, -26.942962521652035 ], [ -53.106308480889545, -26.923661013222841 ], [ -53.098712667354071, -26.927351078602815 ], [ -53.103278486601312, -26.938798502920505 ], [ -53.048925134189986, -26.956603995328461 ], [ -53.052503896122765, -26.964877221859709 ], [ -53.046605096722423, -26.967846684694969 ] ] ] } },
{ "type": "Feature", "properties": { "id": null, "CD_MUN": "4204806", "NM_MUN": "Curitibanos", "SIGLA_UF": "SC", "AREA_KM2": 949.865 }, "geometry": { "type": "Polygon", "coordinates": [ [ [ -50.535217965962936, -27.081455237566487 ], [ -50.528609209741916, -27.133952825639376 ], [ -50.552579308011353, -27.130643212609634 ], [ -50.537059869245141, -27.145564682752507 ], [ -50.557610583643573, -27.14382040545188 ], [ -50.561866702338939, -27.151911466239163 ], [ -50.569792138684015, -27.131881294834105 ], [ -50.572693543854214, -27.142277638929979 ], [ -50.579267888902798, -27.141294266329812 ], [ -50.573226011469721, -27.156422083510098 ], [ -50.581193103444576, -27.156301177042863 ], [ -50.583965919496748, -27.140493059473609 ], [ -50.591530944088468, -27.140085201657474 ], [ -50.597328321085861, -27.14821011625558 ], [ -50.606907304821938, -27.145208411695727 ], [ -50.627769530886582, -27.156404350561569 ], [ -50.61014557725909, -27.164342263157021 ], [ -50.605800713961145, -27.175641375541574 ], [ -50.613867417224618, -27.179769928376047 ], [ -50.60096684979181, -27.200635160448133 ], [ -50.570773762655456, -27.194012710216185 ], [ -50.571608686365479, -27.201049466609188 ], [ -50.561345101409465, -27.20162175722076 ], [ -50.551351372489876, -27.215598544832982 ], [ -50.532562872342766, -27.205379530222384 ], [ -50.500038881052816, -27.219216066332613 ], [ -50.495621573181324, -27.245871912142082 ], [ -50.509501953471236, -27.257749763483126 ], [ -50.499546257952758, -27.2997945844421 ], [ -50.46961759350981, -27.315902550050097 ], [ -50.46276071462443, -27.328739592697861 ], [ -50.463563038276362, -27.368180894395739 ], [ -50.489990818703077, -27.402166896292027 ], [ -50.481512992484774, -27.402384527933048 ], [ -50.476653772714705, -27.417120608159497 ], [ -50.487199891507522, -27.434621416270023 ], [ -50.476318716562091, -27.444137561284435 ], [ -50.499002923651219, -27.466724501449928 ], [ -50.51348821613017, -27.456932689690223 ], [ -50.533136995588052, -27.468210844953788 ], [ -50.524050634952033, -27.475353999037956 ], [ -50.526194994328762, -27.491550629388591 ], [ -50.542286745225923, -27.484778255137272 ], [ -50.573608156595135, -27.504494069727521 ], [ -50.575944494091736, -27.48521996676423 ], [ -50.564927485570927, -27.466355333703309 ], [ -50.583332029478292, -27.469299003158891 ], [ -50.595285384112081, -27.459529760606404 ], [ -50.604043933052843, -27.470009933186226 ], [ -50.634142842243598, -27.454156677202537 ], [ -50.640032586072252, -27.455675262430994 ], [ -50.636756280233989, -27.470761165369307 ], [ -50.650297982142604, -27.452293105520909 ], [ -50.669646116620306, -27.470791795007671 ], [ -50.678113076152577, -27.46337136209198 ], [ -50.670682074021897, -27.456776317325936 ], [ -50.674545180905824, -27.439515710063645 ], [ -50.688976139954619, -27.44349595096498 ], [ -50.690319986793753, -27.426120885580378 ], [ -50.700445927060045, -27.42893558813758 ], [ -50.700962094646506, -27.442992980061288 ], [ -50.718580614930978, -27.426567433466026 ], [ -50.714483874297393, -27.450837391655416 ], [ -50.73661025817028, -27.438113195043734 ], [ -50.748864257784255, -27.450182884646122 ], [ -50.753004465161965, -27.430858807009709 ], [ -50.742050845642993, -27.426788289279507 ], [ -50.770282495950809, -27.402756919852127 ], [ -50.756342348887735, -27.389047738554051 ], [ -50.758575452867049, -27.3652614062336 ], [ -50.73681491409053, -27.352870911471484 ], [ -50.763862095620993, -27.350343160263186 ], [ -50.749326091940567, -27.326780907928672 ], [ -50.76472056381742, -27.313648853500858 ], [ -50.768907860167921, -27.28507784925041 ], [ -50.758528363894243, -27.277934695166241 ], [ -50.742851358180594, -27.286720565118557 ], [ -50.731792694029998, -27.279780533899341 ], [ -50.738365227964245, -27.27035305362757 ], [ -50.757070416851789, -27.268921521055521 ], [ -50.758868853389878, -27.257886790812655 ], [ -50.74545030725627, -27.24863019168124 ], [ -50.72807628740749, -27.255078536600372 ], [ -50.741031188270448, -27.225859473685553 ], [ -50.722447344043573, -27.223264014855602 ], [ -50.730394513760707, -27.202468102491395 ], [ -50.702349408229757, -27.189005570386477 ], [ -50.68123724838641, -27.156820268808854 ], [ -50.712033436597466, -27.150715298256664 ], [ -50.696695109265107, -27.132498723860113 ], [ -50.716278688606806, -27.13461055682113 ], [ -50.706710571556755, -27.118073776276013 ], [ -50.718877637682482, -27.111573844597526 ], [ -50.716706111590682, -27.104532251945834 ], [ -50.688411072281021, -27.093615203997743 ], [ -50.691100577073627, -27.083825004324268 ], [ -50.674737159025696, -27.081018362198215 ], [ -50.65864178589986, -27.089456021524899 ], [ -50.65128866168574, -27.078767889821439 ], [ -50.655414380148734, -27.072677428045317 ], [ -50.641367377339691, -27.071569924805456 ], [ -50.647867466700404, -27.063017807356456 ], [ -50.628370820846953, -27.051867006905045 ], [ -50.622857788800701, -27.05353874032533 ], [ -50.626201105869484, -27.064004404129083 ], [ -50.609788787734416, -27.064705661639039 ], [ -50.600631793639195, -27.050543484110392 ], [ -50.592115934019787, -27.05785590724869 ], [ -50.575712671456415, -27.052318391049383 ], [ -50.562542247987182, -27.059456708874862 ], [ -50.55834951829366, -27.085990036130866 ], [ -50.544251804283142, -27.073726896180904 ], [ -50.535217965962936, -27.081455237566487 ] ] ] } },
{ "type": "Feature", "properties": { "id": null, "CD_MUN": "4204905", "NM_MUN": "Descanso", "SIGLA_UF": "SC", "AREA_KM2": 287.057 }, "geometry": { "type": "Polygon", "coordinates": [ [ [ -53.395552496312249, -26.806987884428509 ], [ -53.420169162400512, -26.805327435611829 ], [ -53.404151667191229, -26.823903505237624 ], [ -53.379283256209924, -26.823695546113981 ], [ -53.386803002943182, -26.838773388621142 ], [ -53.383705997424428, -26.850984941811753 ], [ -53.406004437159467, -26.848491044414278 ], [ -53.414009562535426, -26.858269959484144 ], [ -53.415702954441883, -26.865914472385775 ], [ -53.4013716066817, -26.876907288386668 ], [ -53.408521886089915, -26.889620200394738 ], [ -53.42386021342228, -26.889454155513071 ], [ -53.406033414988883, -26.903626005559094 ], [ -53.411006734962271, -26.926786848422392 ], [ -53.389691730313018, -26.936981681739539 ], [ -53.409083331534838, -26.942151642278453 ], [ -53.410912557016673, -26.951680683982705 ], [ -53.42505736, -26.947540846544619 ], [ -53.424517647927139, -26.940882930415615 ], [ -53.478778633507204, -26.943110833585177 ], [ -53.500792728291103, -26.934516801894201 ], [ -53.535953702057839, -26.945761103346939 ], [ -53.542357802358609, -26.934592569947 ], [ -53.562095326419076, -26.925985641566189 ], [ -53.577147497685964, -26.898801031473354 ], [ -53.551351796163367, -26.890010325262345 ], [ -53.557533129400511, -26.881324404656272 ], [ -53.550611050398942, -26.873273646024735 ], [ -53.556852150409256, -26.875001802463064 ], [ -53.557681640776266, -26.864753770300332 ], [ -53.566528934319606, -26.861718211929649 ], [ -53.56464175317894, -26.855755104965681 ], [ -53.554571957457142, -26.860007788439848 ], [ -53.551143518014449, -26.848615175053972 ], [ -53.557093028616265, -26.844294783958151 ], [ -53.545853253031822, -26.834472342560083 ], [ -53.606235805075862, -26.818079037689415 ], [ -53.602541131825419, -26.804087741301128 ], [ -53.594555928707173, -26.80875795510881 ], [ -53.587132171033858, -26.801745380009251 ], [ -53.506510416257598, -26.799636771220694 ], [ -53.505697225919633, -26.775739204950387 ], [ -53.389030673579477, -26.770738513465602 ], [ -53.385736256597831, -26.783754497684871 ], [ -53.376336573181256, -26.780615765795481 ], [ -53.376427128898179, -26.787528391548793 ], [ -53.395679274315938, -26.789217857917606 ], [ -53.395552496312249, -26.806987884428509 ] ] ] } },
{ "type": "Feature", "properties": { "id": null, "CD_MUN": "4205001", "NM_MUN": "Dionísio Cerqueira", "SIGLA_UF": "SC", "AREA_KM2": 378.843 }, "geometry": { "type": "Polygon", "coordinates": [ [ [ -53.342298490304366, -26.249081918283807 ], [ -53.342955924809225, -26.297220425191362 ], [ -53.365551387295767, -26.317237699906581 ], [ -53.363004960535903, -26.326671628523272 ], [ -53.372879155909153, -26.332639571745933 ], [ -53.367130678998898, -26.336885806875181 ], [ -53.375900094625692, -26.335778303635319 ], [ -53.371471920068174, -26.344664122933885 ], [ -53.39041436493406, -26.353082437225812 ], [ -53.3942973940757, -26.366051670944419 ], [ -53.56043996791373, -26.374953611105283 ], [ -53.567068646392471, -26.393628017991091 ], [ -53.580740748533451, -26.402491268082439 ], [ -53.575575450440184, -26.40912177874554 ], [ -53.585918724427088, -26.408994423933386 ], [ -53.583442931126427, -26.416411632676621 ], [ -53.604290668276363, -26.376444790867833 ], [ -53.61872524955384, -26.376852648683968 ], [ -53.648300746700784, -26.409452256422643 ], [ -53.658468342596862, -26.40835926195885 ], [ -53.6577873636056, -26.418813641158994 ], [ -53.670782108984007, -26.414141815265083 ], [ -53.666542290317686, -26.425490902322757 ], [ -53.681605328270606, -26.415689418045677 ], [ -53.683756932104686, -26.429047164545661 ], [ -53.693803183340087, -26.43024333252816 ], [ -53.698356324786957, -26.415697478476826 ], [ -53.705390692877515, -26.416290726209386 ], [ -53.696547021562843, -26.402247843061744 ], [ -53.709999978868879, -26.387735842821233 ], [ -53.701384507960853, -26.38901583928768 ], [ -53.700276105985722, -26.362891981934045 ], [ -53.690525066387487, -26.360830123646153 ], [ -53.696441976931212, -26.355423186431459 ], [ -53.689342408724478, -26.35376273761478 ], [ -53.685727424504925, -26.33540429963001 ], [ -53.671073698392497, -26.330732473736099 ], [ -53.673944314618943, -26.324213197022853 ], [ -53.645533363991625, -26.286558086867576 ], [ -53.645797786685037, -26.247748722971775 ], [ -53.62804343282518, -26.263265052933438 ], [ -53.58629543620949, -26.255865577138735 ], [ -53.582216806719295, -26.272416866459917 ], [ -53.553483477739732, -26.292609858574185 ], [ -53.523706946901214, -26.292021447100311 ], [ -53.498409301821695, -26.303040056480882 ], [ -53.479398034610952, -26.290986487740792 ], [ -53.461386502515033, -26.296374079920728 ], [ -53.424695137132304, -26.280066215620238 ], [ -53.399815859464972, -26.254013290060712 ], [ -53.376072150487843, -26.241614734867451 ], [ -53.342298490304366, -26.249081918283807 ] ] ] } },
{ "type": "Feature", "properties": { "id": null, "CD_MUN": "4205100", "NM_MUN": "Dona Emma", "SIGLA_UF": "SC", "AREA_KM2": 178.157 }, "geometry": { "type": "Polygon", "coordinates": [ [ [ -49.684200693924396, -26.913380739335512 ], [ -49.696065303955606, -26.92865525636271 ], [ -49.680862810198633, -26.953355641575449 ], [ -49.687185410354168, -26.986187389731214 ], [ -49.678207716578456, -26.987762397977711 ], [ -49.674918732939823, -26.998377985800836 ], [ -49.683409236958497, -27.004276609315614 ], [ -49.693413832564111, -26.995292452757031 ], [ -49.708708693152353, -27.022096610499638 ], [ -49.703842228924927, -27.027597048715656 ], [ -49.681286610953826, -27.019878379847455 ], [ -49.663952435620487, -27.023915043766831 ], [ -49.668241154373945, -27.032792802634248 ], [ -49.686743498455584, -27.030276336029559 ], [ -49.697744206947355, -27.043272975214069 ], [ -49.713075289822363, -27.041043459958278 ], [ -49.723295408034254, -27.030086109854444 ], [ -49.72746640435571, -27.039582909834095 ], [ -49.737262721812407, -27.027700222234362 ], [ -49.740500994249565, -27.033511793092732 ], [ -49.724452710096529, -27.060765722893446 ], [ -49.755525998801374, -27.048721826670736 ], [ -49.77316806357225, -27.024282599427224 ], [ -49.837888234456884, -27.011358504123052 ], [ -49.847834874403667, -27.011764749852954 ], [ -49.844951580376851, -27.023568445227429 ], [ -49.86861741143742, -27.02600591960686 ], [ -49.876026680196034, -27.02065056915152 ], [ -49.871987895221281, -27.001507045172843 ], [ -49.916173651736528, -26.993401475609495 ], [ -49.909787662579149, -26.979948616021954 ], [ -49.914159692592172, -26.963921254725449 ], [ -49.904294552790617, -26.961902922765759 ], [ -49.900266634501897, -26.968509252135412 ], [ -49.892864610200633, -26.960801867870817 ], [ -49.890441339215784, -26.978426806621037 ], [ -49.881148511545177, -26.985573184877666 ], [ -49.886187031634762, -26.960102222447091 ], [ -49.872761241043804, -26.950695699296308 ], [ -49.862012277445082, -26.973672764329407 ], [ -49.860561574859979, -26.94918839867146 ], [ -49.847679118570561, -26.947714951857435 ], [ -49.847231773328964, -26.959531543921749 ], [ -49.839487448417735, -26.960384337537302 ], [ -49.83778500093959, -26.94651072344379 ], [ -49.814204292252924, -26.942925443668752 ], [ -49.819318879144717, -26.954908080614729 ], [ -49.802267237648181, -26.959831391960488 ], [ -49.78977235982719, -26.942096831346642 ], [ -49.793054099008465, -26.954361583382834 ], [ -49.771413093778285, -26.953852164134222 ], [ -49.774415921351441, -26.962557429775053 ], [ -49.762393744372787, -26.967627440967721 ], [ -49.758498037430776, -26.960097386188401 ], [ -49.729089162802964, -26.95898665877608 ], [ -49.713884857931653, -26.940982879761862 ], [ -49.709047371533643, -26.917963900486786 ], [ -49.684200693924396, -26.913380739335512 ] ] ] } },
{ "type": "Feature", "properties": { "id": null, "CD_MUN": "4205159", "NM_MUN": "Doutor Pedrinho", "SIGLA_UF": "SC", "AREA_KM2": 374.205 }, "geometry": { "type": "Polygon", "coordinates": [ [ [ -49.488395689451181, -26.66000914660048 ], [ -49.471530592731504, -26.678370808757709 ], [ -49.474888398714995, -26.697596549134104 ], [ -49.448444318259234, -26.714604058858317 ], [ -49.452117258137619, -26.754105007746698 ], [ -49.446533592632171, -26.758865498383248 ], [ -49.51833159835148, -26.799261155129155 ], [ -49.516265116891304, -26.81149527752698 ], [ -49.534533827223285, -26.830766156317811 ], [ -49.531469421762623, -26.846898303219252 ], [ -49.546858460296463, -26.858268347397914 ], [ -49.563227311687399, -26.824756298853178 ], [ -49.566954584995941, -26.783515908922862 ], [ -49.580690076138765, -26.77646786792625 ], [ -49.607492757233544, -26.784715301077821 ], [ -49.618848444135644, -26.784986131564423 ], [ -49.624167686947686, -26.775948776160259 ], [ -49.629776708053875, -26.782482561649573 ], [ -49.644283733904885, -26.779774256783536 ], [ -49.681371733327737, -26.703704743858754 ], [ -49.66600080593728, -26.692931171585112 ], [ -49.640851672233516, -26.691651175118665 ], [ -49.61759696412777, -26.703766003135485 ], [ -49.618734343932324, -26.642700176751294 ], [ -49.585817340830928, -26.624743148237741 ], [ -49.582432368132359, -26.584502251769891 ], [ -49.564596514127274, -26.566022907317883 ], [ -49.53131366592951, -26.565104018166906 ], [ -49.507405145547587, -26.577979750884186 ], [ -49.507908635333678, -26.598071181565974 ], [ -49.485202694872484, -26.611951244004409 ], [ -49.49708903827576, -26.626550296901325 ], [ -49.495133034790229, -26.644249391618118 ], [ -49.501729113210878, -26.652311434853264 ], [ -49.497514650145291, -26.662578812050754 ], [ -49.488395689451181, -26.66000914660048 ] ] ] } },
{ "type": "Feature", "properties": { "id": null, "CD_MUN": "4205175", "NM_MUN": "Entre Rios", "SIGLA_UF": "SC", "AREA_KM2": 103.888 }, "geometry": { "type": "Polygon", "coordinates": [ [ [ -52.563032135012335, -26.67182251449233 ], [ -52.549358221757018, -26.700764298575628 ], [ -52.534622995499355, -26.711365377622684 ], [ -52.535727775245817, -26.809425358807939 ], [ -52.564283615020209, -26.791666616900649 ], [ -52.589023436883487, -26.799478786770177 ], [ -52.612283578332239, -26.770690150878707 ], [ -52.601996448889828, -26.763066595098064 ], [ -52.623016241901915, -26.771560677442789 ], [ -52.63636415457632, -26.767433736694546 ], [ -52.638896092421476, -26.761757581079479 ], [ -52.628701329810319, -26.754759514755989 ], [ -52.647413763155221, -26.747903312020721 ], [ -52.627359294085529, -26.742067559868907 ], [ -52.636802444246221, -26.72827132591442 ], [ -52.594958458570595, -26.723536628657548 ], [ -52.601281058726137, -26.701580014207899 ], [ -52.617957799554617, -26.700071101496821 ], [ -52.602914683859424, -26.666912099836409 ], [ -52.591301818721256, -26.680239216698027 ], [ -52.585087885426027, -26.664921173342627 ], [ -52.579241608341498, -26.679109144250951 ], [ -52.563032135012335, -26.67182251449233 ] ] ] } },
{ "type": "Feature", "properties": { "id": null, "CD_MUN": "4205191", "NM_MUN": "Ermo", "SIGLA_UF": "SC", "AREA_KM2": 65.311 }, "geometry": { "type": "Polygon", "coordinates": [ [ [ -49.605553053777058, -28.951971786673845 ], [ -49.59818544064823, -28.976030561567129 ], [ -49.580338719957112, -28.983962025817661 ], [ -49.623350874381039, -29.018012511163143 ], [ -49.698865286722857, -29.020490287698323 ], [ -49.72571324567609, -29.003211947487504 ], [ -49.706366922312732, -28.96687229969573 ], [ -49.654141629249089, -28.98396847416258 ], [ -49.649325876223138, -28.972675810122951 ], [ -49.637499299593038, -28.972972433989231 ], [ -49.648047229500193, -28.958827989409112 ], [ -49.635632040710092, -28.948036684186942 ], [ -49.622371061523936, -28.955956863833869 ], [ -49.605553053777058, -28.951971786673845 ] ] ] } },
{ "type": "Feature", "properties": { "id": null, "CD_MUN": "4205209", "NM_MUN": "Erval Velho", "SIGLA_UF": "SC", "AREA_KM2": 208.841 }, "geometry": { "type": "Polygon", "coordinates": [ [ [ -51.325850874843098, -27.261201240101091 ], [ -51.299790750627089, -27.290431587619519 ], [ -51.306622273911735, -27.297450611063997 ], [ -51.303849457859563, -27.307825998038883 ], [ -51.31655985828683, -27.315335095697211 ], [ -51.288351752465417, -27.323401975191047 ], [ -51.299721928282231, -27.332429658077835 ], [ -51.312857940579029, -27.331119031973021 ], [ -51.307491608794194, -27.341629834191206 ], [ -51.323137825564089, -27.337812413999082 ], [ -51.31879658449482, -27.347438180877116 ], [ -51.331899996733533, -27.341259054358357 ], [ -51.324574039234484, -27.330873994866092 ], [ -51.339421554581129, -27.326163478902664 ], [ -51.342781171678958, -27.33274401489264 ], [ -51.354495459220075, -27.324027464648204 ], [ -51.361835905633825, -27.334996099355649 ], [ -51.355813950458469, -27.34063034072874 ], [ -51.372590302575567, -27.344193051296564 ], [ -51.371815145638706, -27.323206912757243 ], [ -51.385172113884799, -27.325133355801835 ], [ -51.389602099556654, -27.315849351204513 ], [ -51.389526032754439, -27.332440942681444 ], [ -51.41093340423496, -27.32977616414361 ], [ -51.417705160746436, -27.322075228223937 ], [ -51.413436364250707, -27.315715548047439 ], [ -51.421660634461624, -27.311985180511723 ], [ -51.424522195116381, -27.319183145527706 ], [ -51.437942552364319, -27.316179828881619 ], [ -51.437694429699953, -27.327451535800265 ], [ -51.444400986095246, -27.320016594108502 ], [ -51.458764933913514, -27.343699752910247 ], [ -51.46860109588566, -27.331802556534448 ], [ -51.486333716373458, -27.328613849971937 ], [ -51.48799994156483, -27.309989417759251 ], [ -51.499524062100413, -27.305986607650699 ], [ -51.514530955508839, -27.316515142817412 ], [ -51.533764989783215, -27.31409862555897 ], [ -51.521697534946099, -27.301608181450607 ], [ -51.531841586355775, -27.299955793065081 ], [ -51.539582289038329, -27.282490450851608 ], [ -51.527485856371797, -27.281358766318299 ], [ -51.523731416348184, -27.272142469342629 ], [ -51.551783766336484, -27.270696427994515 ], [ -51.554572882417702, -27.264378662059993 ], [ -51.541357181090007, -27.26530238746966 ], [ -51.519815787148445, -27.236592743803449 ], [ -51.476446843199838, -27.237129568517965 ], [ -51.476062886960086, -27.227105616341174 ], [ -51.466337202962592, -27.221049008375878 ], [ -51.450527985902234, -27.240269912493584 ], [ -51.433720844841382, -27.241751419738755 ], [ -51.4133747863632, -27.231219660399582 ], [ -51.39616738903355, -27.243402196038055 ], [ -51.373774771352913, -27.242763809891059 ], [ -51.340607834472813, -27.25681475346985 ], [ -51.336672283015353, -27.264091710711092 ], [ -51.325850874843098, -27.261201240101091 ] ] ] } },
{ "type": "Feature", "properties": { "id": null, "CD_MUN": "4205308", "NM_MUN": "Faxinal dos Guedes", "SIGLA_UF": "SC", "AREA_KM2": 340.07 }, "geometry": { "type": "Polygon", "coordinates": [ [ [ -52.12311608443067, -26.724824685555145 ], [ -52.153263893708569, -26.783104826934267 ], [ -52.167718397243767, -26.77818796393343 ], [ -52.177232180863662, -26.792861172796918 ], [ -52.198228429389353, -26.795606555646238 ], [ -52.185869385143747, -26.826131408407182 ], [ -52.204353618082003, -26.866746308880344 ], [ -52.162900833103478, -26.894408096497195 ], [ -52.152615514775405, -26.94799545486142 ], [ -52.171244636860735, -26.945419341066227 ], [ -52.175477211069698, -26.956268681392668 ], [ -52.184103548663757, -26.948421045626084 ], [ -52.190181648383607, -26.960269879414987 ], [ -52.20878179263952, -26.956491149292376 ], [ -52.213450845404054, -26.948464571954286 ], [ -52.220592069240574, -26.958088726746091 ], [ -52.219920145821007, -26.94651717178871 ], [ -52.242321819073339, -26.953084811088846 ], [ -52.254593929830698, -26.938198806843026 ], [ -52.264294258227459, -26.943823375698742 ], [ -52.259520160831293, -26.946073848075518 ], [ -52.266311839600498, -26.95988297871984 ], [ -52.28121549949163, -26.946475257546734 ], [ -52.291564206821548, -26.9615966263821 ], [ -52.309561250002766, -26.953726421408298 ], [ -52.313114656334811, -26.975562129390713 ], [ -52.339392114271433, -26.96420820607435 ], [ -52.338033778517591, -26.944751937367094 ], [ -52.319757823728253, -26.941393961750457 ], [ -52.30778635795108, -26.899645764657759 ], [ -52.294992646264241, -26.887698593608835 ], [ -52.314909470644217, -26.866931698796769 ], [ -52.307165145732988, -26.846253468727337 ], [ -52.3250680109686, -26.828315785248542 ], [ -52.325341489233708, -26.812080464828391 ], [ -52.337099243518949, -26.808429089517933 ], [ -52.339578659048293, -26.793929985967264 ], [ -52.357501446541626, -26.782598631858114 ], [ -52.363965313615566, -26.761404534195155 ], [ -52.316863663015404, -26.753176446078342 ], [ -52.317627953266232, -26.773375886537526 ], [ -52.30907406024572, -26.778605494266944 ], [ -52.30232584822064, -26.76293762819968 ], [ -52.276292890719709, -26.773408128262123 ], [ -52.277736348847462, -26.758117490372626 ], [ -52.26563448283791, -26.759587713014191 ], [ -52.261534119975657, -26.751767482713511 ], [ -52.255298453308356, -26.763143975237092 ], [ -52.229426684983551, -26.760595266907806 ], [ -52.226409368495688, -26.777157840832597 ], [ -52.221626215527834, -26.766919481187244 ], [ -52.207403534627957, -26.766609960631126 ], [ -52.210987729903756, -26.741558140620295 ], [ -52.195480968937922, -26.734872819025384 ], [ -52.185604962450334, -26.712998420973452 ], [ -52.168069753425428, -26.725288966389321 ], [ -52.12311608443067, -26.724824685555145 ] ] ] } },
{ "type": "Feature", "properties": { "id": null, "CD_MUN": "4205357", "NM_MUN": "Flor do Sertão", "SIGLA_UF": "SC", "AREA_KM2": 58.457 }, "geometry": { "type": "Polygon", "coordinates": [ [ [ -53.305972970018004, -26.721031446656465 ], [ -53.30389199964312, -26.730444418152167 ], [ -53.296008218927831, -26.727034855776175 ], [ -53.286981625064982, -26.735488635965162 ], [ -53.305552791491486, -26.765624975944728 ], [ -53.297786733208191, -26.768671818919017 ], [ -53.295698518375957, -26.784486384833194 ], [ -53.319983750540281, -26.794084746245321 ], [ -53.337348714817374, -26.786665925415861 ], [ -53.335577444994364, -26.795909627857437 ], [ -53.395552496312249, -26.806987884428509 ], [ -53.395679274315938, -26.789217857917606 ], [ -53.376407206640458, -26.787409097167789 ], [ -53.376293106437139, -26.78063349874401 ], [ -53.386120212837582, -26.783195103763134 ], [ -53.389269740672155, -26.765900642690021 ], [ -53.358239918711433, -26.765181652231536 ], [ -53.366034954824137, -26.749175248056019 ], [ -53.349995726242796, -26.754728885117622 ], [ -53.352993120472931, -26.730113940475064 ], [ -53.327483575015819, -26.74715852818256 ], [ -53.335093877465994, -26.735757854365534 ], [ -53.325002348372138, -26.734111914324924 ], [ -53.343986448867803, -26.722430737503917 ], [ -53.339949475007394, -26.71510541767578 ], [ -53.330687436280542, -26.721760109632324 ], [ -53.323698346048445, -26.702492455013957 ], [ -53.318324769806253, -26.717465511916181 ], [ -53.305972970018004, -26.721031446656465 ] ] ] } },
{ "type": "Feature", "properties": { "id": null, "CD_MUN": "4205407", "NM_MUN": "Florianópolis", "SIGLA_UF": "SC", "AREA_KM2": 674.844 }, "geometry": { "type": "MultiPolygon", "coordinates": [ [ [ [ -48.576633642500916, -27.844005878064795 ], [ -48.577863389136724, -27.823093895492047 ], [ -48.601985621010584, -27.78015114250308 ], [ -48.587944051544561, -27.751375403301449 ], [ -48.601617964799878, -27.718596853991265 ], [ -48.603608379457839, -27.669562027139946 ], [ -48.594293818415174, -27.642551522359931 ], [ -48.613468085916381, -27.620930221846077 ], [ -48.600627285256749, -27.575034126884148 ], [ -48.568610405981566, -27.546682366360947 ], [ -48.578716423990137, -27.506746154190527 ], [ -48.590613634079439, -27.489962724452255 ], [ -48.581744607164033, -27.467588579669091 ], [ -48.584939412857061, -27.45482085672921 ], [ -48.540786256399905, -27.43584015345974 ], [ -48.526270174977199, -27.408262194326838 ], [ -48.48347173204521, -27.378282226711558 ], [ -48.416290256774616, -27.38064554512442 ], [ -48.41259739463851, -27.402935861423636 ], [ -48.395417164023939, -27.430884600389387 ], [ -48.373442913755483, -27.443950559281781 ], [ -48.365106354455584, -27.432556333809671 ], [ -48.36037029046053, -27.446465413800244 ], [ -48.375583650903536, -27.459552329813622 ], [ -48.375737595622304, -27.480620684750662 ], [ -48.400035505586999, -27.499032321581016 ], [ -48.424114270716736, -27.538225361999505 ], [ -48.428348656040043, -27.568260140546599 ], [ -48.411885626703494, -27.575009945590701 ], [ -48.435772413713359, -27.607522500672967 ], [ -48.431376839213932, -27.616155222433459 ], [ -48.467303914345834, -27.651185856206649 ], [ -48.481763851224045, -27.691720152368319 ], [ -48.505534726916252, -27.724071498827609 ], [ -48.506333428339509, -27.747482215056522 ], [ -48.47651705298555, -27.763495067576958 ], [ -48.475636851417057, -27.770418977933879 ], [ -48.487711550711531, -27.775584102214104 ], [ -48.48352606547536, -27.785261455851494 ], [ -48.497897257750992, -27.794995232506924 ], [ -48.509441300544296, -27.781906704407312 ], [ -48.52514003963001, -27.785074453848836 ], [ -48.544258162586722, -27.829864657657136 ], [ -48.559654445577912, -27.839058385425588 ], [ -48.566658024724717, -27.833898097404052 ], [ -48.576633642500916, -27.844005878064795 ] ] ], [ [ [ -48.443964083866184, -27.852925551174184 ], [ -48.444534584882796, -27.853051293900108 ], [ -48.443951406065814, -27.852727264567921 ], [ -48.443964083866184, -27.852925551174184 ] ] ], [ [ [ -48.429962358915603, -27.843554493920454 ], [ -48.431547083961746, -27.847961937672682 ], [ -48.434763623026839, -27.848395588868495 ], [ -48.429962358915603, -27.843554493920454 ] ] ], [ [ [ -48.430592626705383, -27.841918226397226 ], [ -48.428920968170992, -27.842867745186567 ], [ -48.430572704447663, -27.842669458580303 ], [ -48.430592626705383, -27.841918226397226 ] ] ], [ [ [ -48.430656015707228, -27.839677426537826 ], [ -48.431380461442615, -27.840670471655372 ], [ -48.431465583816518, -27.839874101057859 ], [ -48.430656015707228, -27.839677426537826 ] ] ], [ [ [ -48.431092494262799, -27.839253447859392 ], [ -48.431369594756582, -27.839155110599378 ], [ -48.43118486109406, -27.839063221684277 ], [ -48.431092494262799, -27.839253447859392 ] ] ], [ [ [ -48.517377603575397, -27.834575173620561 ], [ -48.517966215735392, -27.835095877472781 ], [ -48.518042282537607, -27.834649329587133 ], [ -48.517377603575397, -27.834575173620561 ] ] ], [ [ [ -48.508533932260725, -27.837910580029984 ], [ -48.501425308482297, -27.839330827998424 ], [ -48.50462916974702, -27.841315306147287 ], [ -48.508533932260725, -27.837910580029984 ] ] ], [ [ [ -48.518773972730344, -27.834708976777634 ], [ -48.525366428922311, -27.844357312862886 ], [ -48.53031077106629, -27.843578675213902 ], [ -48.527418421467786, -27.836795016358973 ], [ -48.518773972730344, -27.834708976777634 ] ] ], [ [ [ -48.52670665353277, -27.830001684986666 ], [ -48.530276359893861, -27.831995835652908 ], [ -48.527907422339162, -27.829148891371112 ], [ -48.52670665353277, -27.830001684986666 ] ] ], [ [ [ -48.466606635325533, -27.692153803564132 ], [ -48.463920752761602, -27.700465720164893 ], [ -48.468287349431613, -27.704642635586261 ], [ -48.466606635325533, -27.692153803564132 ] ] ], [ [ [ -48.389362608790492, -27.610675741338426 ], [ -48.390023665524026, -27.610627378751531 ], [ -48.389657820427658, -27.610188891297032 ], [ -48.389362608790492, -27.610675741338426 ] ] ], [ [ [ -48.391461690308759, -27.610229193452774 ], [ -48.392117313699281, -27.610811156581725 ], [ -48.392168024900755, -27.610371057040997 ], [ -48.391461690308759, -27.610229193452774 ] ] ], [ [ [ -48.384771433942511, -27.607375800826059 ], [ -48.386723815199367, -27.612273318792141 ], [ -48.387917339548409, -27.611675234800892 ], [ -48.384771433942511, -27.607375800826059 ] ] ], [ [ [ -48.363854874447711, -27.486661171853658 ], [ -48.360741568899911, -27.487789632214508 ], [ -48.365470388437615, -27.490323831767725 ], [ -48.363854874447711, -27.486661171853658 ] ] ], [ [ [ -48.354984036417967, -27.485461779698699 ], [ -48.360123978910501, -27.487254419586218 ], [ -48.355424137202213, -27.483880323107282 ], [ -48.354984036417967, -27.485461779698699 ] ] ], [ [ [ -48.348713958578244, -27.442672174901563 ], [ -48.34715821136151, -27.442746330868133 ], [ -48.347341133909694, -27.444145621715585 ], [ -48.348713958578244, -27.442672174901563 ] ] ], [ [ [ -48.348759236436706, -27.439526994667254 ], [ -48.348949403442241, -27.439925179966011 ], [ -48.349139570447775, -27.439512485891186 ], [ -48.348759236436706, -27.439526994667254 ] ] ], [ [ [ -48.349434782084948, -27.439072386350457 ], [ -48.349757160437193, -27.439053041315699 ], [ -48.349499982201131, -27.438898281037638 ], [ -48.349434782084948, -27.439072386350457 ] ] ], [ [ [ -48.366319801062346, -27.423528650922886 ], [ -48.367848381564002, -27.424906984649351 ], [ -48.367455369752555, -27.422937015276556 ], [ -48.366319801062346, -27.423528650922886 ] ] ], [ [ [ -48.355771871155198, -27.418793953666011 ], [ -48.35633693882879, -27.419161509326404 ], [ -48.356230083082821, -27.418513450662029 ], [ -48.355771871155198, -27.418793953666011 ] ] ], [ [ [ -48.354677958094769, -27.418228111399358 ], [ -48.355147036708431, -27.418623072525655 ], [ -48.355281059169471, -27.418037885224244 ], [ -48.354677958094769, -27.418228111399358 ] ] ], [ [ [ -48.369664929245474, -27.271065595741135 ], [ -48.359473788862992, -27.273356370273657 ], [ -48.35676798404134, -27.299655945026341 ], [ -48.377097742490484, -27.283459314675707 ], [ -48.369664929245474, -27.271065595741135 ] ] ], [ [ [ -48.329974358518264, -27.272089270497048 ], [ -48.334694122484272, -27.278682703176859 ], [ -48.327940477116179, -27.268013916508153 ], [ -48.329974358518264, -27.272089270497048 ] ] ] ] } },
{ "type": "Feature", "properties": { "id": null, "CD_MUN": "4205431", "NM_MUN": "Formosa do Sul", "SIGLA_UF": "SC", "AREA_KM2": 100.408 }, "geometry": { "type": "Polygon", "coordinates": [ [ [ -52.760470764618844, -26.586606024299755 ], [ -52.728345218483355, -26.622886024901028 ], [ -52.726653637691236, -26.637554397505827 ], [ -52.742368676805995, -26.638871471955561 ], [ -52.752030971801645, -26.673645784018213 ], [ -52.775990203385049, -26.671977274770388 ], [ -52.803330785438341, -26.686168469851172 ], [ -52.833764750781711, -26.681677197614995 ], [ -52.84634656209095, -26.669899295620198 ], [ -52.854659576904453, -26.654903669510755 ], [ -52.848753533046754, -26.634077127508185 ], [ -52.83346591691587, -26.630801368289266 ], [ -52.851783527334987, -26.613094213141324 ], [ -52.839621894552273, -26.605857558055828 ], [ -52.839594727837195, -26.593009230804455 ], [ -52.760470764618844, -26.586606024299755 ] ] ] } },
{ "type": "Feature", "properties": { "id": null, "CD_MUN": "4205456", "NM_MUN": "Forquilhinha", "SIGLA_UF": "SC", "AREA_KM2": 183.351 }, "geometry": { "type": "Polygon", "coordinates": [ [ [ -49.418323675696421, -28.795688087127505 ], [ -49.4319957778374, -28.82709636314237 ], [ -49.447667350208043, -28.829888496492355 ], [ -49.445841746954876, -28.84116826384215 ], [ -49.453975461448877, -28.845935202823618 ], [ -49.489683391745821, -28.844058734452151 ], [ -49.489067612870748, -28.85018143795287 ], [ -49.506191698940825, -28.848796655881486 ], [ -49.506785744443839, -28.856894165013685 ], [ -49.516982318169333, -28.857787260784985 ], [ -49.534890616747958, -28.829232377396835 ], [ -49.543980599612652, -28.829440336520477 ], [ -49.572869684425328, -28.803351945063895 ], [ -49.595430735739441, -28.802036482700391 ], [ -49.595512235884669, -28.775775598017223 ], [ -49.586181374812959, -28.775730459602787 ], [ -49.585610873796348, -28.763712356759754 ], [ -49.571750415764164, -28.76359145029252 ], [ -49.570917303168471, -28.750195013723022 ], [ -49.526679024337412, -28.751049419424806 ], [ -49.512842110791624, -28.720911467359009 ], [ -49.476290201212962, -28.723655238122099 ], [ -49.476532890534308, -28.712749474777617 ], [ -49.423181084352152, -28.712860708727469 ], [ -49.406692699414869, -28.738017314343239 ], [ -49.418146186491249, -28.751937678937416 ], [ -49.433062524182752, -28.755247291967162 ], [ -49.436030940583478, -28.768013402820817 ], [ -49.418323675696421, -28.795688087127505 ] ] ] } },
{ "type": "Feature", "properties": { "id": null, "CD_MUN": "4205506", "NM_MUN": "Fraiburgo", "SIGLA_UF": "SC", "AREA_KM2": 549.188 }, "geometry": { "type": "Polygon", "coordinates": [ [ [ -50.707799051274165, -27.1007793152029 ], [ -50.718933782226976, -27.109942413332988 ], [ -50.706710571556755, -27.118073776276013 ], [ -50.716349322066002, -27.134479977836516 ], [ -50.697457588401598, -27.131653990675709 ], [ -50.699163658108418, -27.136815890783474 ], [ -50.720922385770599, -27.137691253606246 ], [ -50.735612334169794, -27.120383895843293 ], [ -50.784266109758008, -27.11823176072653 ], [ -50.828413832872151, -27.158911144648883 ], [ -50.823905969283736, -27.171438666740528 ], [ -50.839769519774251, -27.185068855813345 ], [ -50.846443476111453, -27.157477999990604 ], [ -50.871268420348635, -27.153218868171518 ], [ -50.880586603619975, -27.126575919051891 ], [ -50.937806950029078, -27.118807275510566 ], [ -50.952779432265068, -27.132626078672267 ], [ -50.986723337196366, -27.13164431815833 ], [ -50.997629867742532, -27.138247423355519 ], [ -51.013437273688552, -27.112815150994461 ], [ -50.993067670723967, -27.109254052512867 ], [ -50.992631192168403, -27.098069398250633 ], [ -50.983240564323516, -27.097880784161749 ], [ -50.984028399060747, -27.088811187032988 ], [ -50.970756553188558, -27.077607187735993 ], [ -50.968264459858844, -27.050532199506783 ], [ -50.976108396058692, -27.037245384800912 ], [ -51.006008082672217, -27.035191586944165 ], [ -51.014369997572857, -27.00444426628351 ], [ -51.049735627259835, -26.982028207258374 ], [ -51.037496116560568, -26.980359698010549 ], [ -51.031941428884529, -26.971020882481412 ], [ -51.025307317062776, -26.980192041042649 ], [ -50.986243391896672, -26.979208668442482 ], [ -50.982344062725986, -26.971765666319573 ], [ -50.990336510301582, -26.961751386660161 ], [ -50.842484380167591, -26.872369265649827 ], [ -50.838356850590259, -26.902494321025788 ], [ -50.847988356642155, -26.923170939008987 ], [ -50.834033720664372, -26.941676076840668 ], [ -50.833617164366522, -26.967327592928982 ], [ -50.822275966379131, -26.97714519806836 ], [ -50.825090438061089, -26.99015312185648 ], [ -50.797661111405212, -26.998260303506061 ], [ -50.801783207639531, -27.013792754330023 ], [ -50.781451638076049, -27.003722051652566 ], [ -50.784608410367973, -26.998053956468649 ], [ -50.776534462647149, -26.999646697663675 ], [ -50.781455260304725, -26.991863545346281 ], [ -50.764385507664805, -26.99774121174007 ], [ -50.766604122729412, -26.988194437087294 ], [ -50.759408565462735, -27.002777369121915 ], [ -50.744475927742187, -27.000244781654924 ], [ -50.750365671570833, -27.009764150841796 ], [ -50.733659952912944, -27.020137925730449 ], [ -50.735701078772379, -27.02540944770184 ], [ -50.747332055053924, -27.027709894751741 ], [ -50.750829316841482, -27.031559556668466 ], [ -50.732124127953931, -27.033669777543253 ], [ -50.720625363019096, -27.060322399180258 ], [ -50.731200459641322, -27.056811275371789 ], [ -50.734467709907889, -27.068065249341906 ], [ -50.713297594405709, -27.085383891708467 ], [ -50.722521599731451, -27.091190626308148 ], [ -50.720665207534537, -27.098159675079501 ], [ -50.707799051274165, -27.1007793152029 ] ] ] } },
{ "type": "Feature", "properties": { "id": null, "CD_MUN": "4205555", "NM_MUN": "Frei Rogério", "SIGLA_UF": "SC", "AREA_KM2": 158.775 }, "geometry": { "type": "Polygon", "coordinates": [ [ [ -50.699163658108418, -27.136815890783474 ], [ -50.709986877395018, -27.144884382363539 ], [ -50.712033436597466, -27.150715298256664 ], [ -50.68123724838641, -27.156820268808854 ], [ -50.702349408229757, -27.189005570386477 ], [ -50.730394513760707, -27.202468102491395 ], [ -50.722447344043573, -27.223264014855602 ], [ -50.741031188270448, -27.225859473685553 ], [ -50.72775028682657, -27.254627152456035 ], [ -50.74545030725627, -27.24863019168124 ], [ -50.759149576112335, -27.258618677960978 ], [ -50.757070416851789, -27.268921521055521 ], [ -50.738365227964245, -27.27035305362757 ], [ -50.731611582596152, -27.279366227738286 ], [ -50.741800911864289, -27.286707668428722 ], [ -50.766841378707745, -27.281013779865127 ], [ -50.769759083906997, -27.306009176857916 ], [ -50.779182311809969, -27.292172640747687 ], [ -50.776742740796074, -27.267651197106453 ], [ -50.799446870142923, -27.263235692923075 ], [ -50.787299726274917, -27.251509377687633 ], [ -50.811219113342872, -27.237906594080723 ], [ -50.808241641370458, -27.230526463320775 ], [ -50.820740141420124, -27.229475383098954 ], [ -50.817509113440323, -27.20862304771671 ], [ -50.826120962119667, -27.204141447997912 ], [ -50.826075684261205, -27.191615537992497 ], [ -50.838659306684782, -27.185813639651506 ], [ -50.823905969283736, -27.171438666740528 ], [ -50.828428321786859, -27.158933713856101 ], [ -50.784266109758008, -27.11823176072653 ], [ -50.735612334169794, -27.120383895843293 ], [ -50.720922385770599, -27.137691253606246 ], [ -50.699163658108418, -27.136815890783474 ] ] ] } },
{ "type": "Feature", "properties": { "id": null, "CD_MUN": "4205605", "NM_MUN": "Galvão", "SIGLA_UF": "SC", "AREA_KM2": 139.836 }, "geometry": { "type": "Polygon", "coordinates": [ [ [ -52.55696309086418, -26.407756341708911 ], [ -52.583555682695696, -26.435603519242189 ], [ -52.580187010026172, -26.455583715974122 ], [ -52.601665014965889, -26.459733225929583 ], [ -52.597535674274212, -26.471656215685062 ], [ -52.611004931609294, -26.477250154902411 ], [ -52.606669123883037, -26.487541713393345 ], [ -52.630005332134012, -26.499072966194987 ], [ -52.671318661308469, -26.482910189655179 ], [ -52.695332226322023, -26.491765379315378 ], [ -52.685289597315297, -26.500215935331902 ], [ -52.745023770426172, -26.50588080634336 ], [ -52.756299768297382, -26.498210500062051 ], [ -52.745815227392079, -26.499693619393451 ], [ -52.747725953019142, -26.490388657675144 ], [ -52.737549301551375, -26.490287096242668 ], [ -52.746340450550228, -26.485907057956346 ], [ -52.739048904223615, -26.479587679935594 ], [ -52.746595817671952, -26.478557556834762 ], [ -52.738733770328722, -26.469376725756149 ], [ -52.744127268828635, -26.464132609250662 ], [ -52.725193879534444, -26.457782601591546 ], [ -52.727910551042122, -26.437765326876328 ], [ -52.715437406593196, -26.43543263810183 ], [ -52.707104469521973, -26.422115193757591 ], [ -52.688515191952085, -26.422458568124537 ], [ -52.69429808003477, -26.415155817503617 ], [ -52.687703812728458, -26.410488827868395 ], [ -52.670708315776409, -26.411942929647658 ], [ -52.663565280825551, -26.401746484244281 ], [ -52.667249087389962, -26.394050384583295 ], [ -52.648797454509804, -26.378903222368251 ], [ -52.60265207228035, -26.4154201996453 ], [ -52.55696309086418, -26.407756341708911 ] ] ] } },
{ "type": "Feature", "properties": { "id": null, "CD_MUN": "4205704", "NM_MUN": "Garopaba", "SIGLA_UF": "SC", "AREA_KM2": 114.773 }, "geometry": { "type": "MultiPolygon", "coordinates": [ [ [ [ -48.625732952216389, -28.102239522868857 ], [ -48.62599013045245, -28.102384610629535 ], [ -48.625962963737372, -28.102149246039989 ], [ -48.625732952216389, -28.102239522868857 ] ] ], [ [ [ -48.6279425117093, -28.102540982993826 ], [ -48.628636168500933, -28.102892417791917 ], [ -48.627902667193858, -28.102063805469811 ], [ -48.6279425117093, -28.102540982993826 ] ] ], [ [ [ -48.626301642118662, -28.102013830796686 ], [ -48.627183654801492, -28.10213796143638 ], [ -48.626712765073492, -28.101475393995941 ], [ -48.626301642118662, -28.102013830796686 ] ] ], [ [ [ -48.630086871086029, -28.089431497773226 ], [ -48.629797092791875, -28.089695879914913 ], [ -48.630219082432738, -28.089633008551949 ], [ -48.630086871086029, -28.089431497773226 ] ] ], [ [ [ -48.629570703499574, -28.088209536411053 ], [ -48.630148448973536, -28.088691550193758 ], [ -48.630028915427204, -28.088215984755973 ], [ -48.629570703499574, -28.088209536411053 ] ] ], [ [ [ -48.59961849457023, -28.035304090522025 ], [ -48.600069462040501, -28.035439505765329 ], [ -48.599873861691947, -28.035212201606928 ], [ -48.59961849457023, -28.035304090522025 ] ] ], [ [ [ -48.616518002462335, -27.986896365214093 ], [ -48.618459517033159, -27.987683063294227 ], [ -48.616907392045107, -27.986162865979541 ], [ -48.616518002462335, -27.986896365214093 ] ] ], [ [ [ -48.634308578608966, -28.113046948953322 ], [ -48.666870603300019, -28.117726835278383 ], [ -48.678588513069812, -28.105579765536966 ], [ -48.701413987077345, -28.102358817249861 ], [ -48.708506310826728, -28.063462400697649 ], [ -48.7251214737677, -28.057529923372048 ], [ -48.696670678624933, -28.012736495391287 ], [ -48.687501006729342, -28.019150986499596 ], [ -48.680707516845807, -28.006135002280327 ], [ -48.67178777872892, -28.007543965645159 ], [ -48.656605207229667, -27.98818925837038 ], [ -48.655011426611829, -27.971326836406845 ], [ -48.620911765847424, -27.944891846410862 ], [ -48.630909116995689, -28.006520290889245 ], [ -48.621426122319548, -28.021169318459286 ], [ -48.60873745526434, -28.016362077322071 ], [ -48.597772969059342, -28.03014219041426 ], [ -48.610162802248702, -28.042726135523946 ], [ -48.60908156698865, -28.062767591532612 ], [ -48.631829163079622, -28.084974079347877 ], [ -48.634308578608966, -28.113046948953322 ] ] ] ] } },
{ "type": "Feature", "properties": { "id": null, "CD_MUN": "4205803", "NM_MUN": "Garuva", "SIGLA_UF": "SC", "AREA_KM2": 503.595 }, "geometry": { "type": "Polygon", "coordinates": [ [ [ -48.741953970429286, -26.127483866057485 ], [ -48.783651255843502, -26.153066062437915 ], [ -48.793721051565299, -26.131631763926716 ], [ -48.81742491602698, -26.12878804381738 ], [ -48.822957870330953, -26.120176279177876 ], [ -48.975178408249292, -26.125243066198085 ], [ -49.042021205138589, -26.114047127332242 ], [ -49.048677050332408, -26.107374702427165 ], [ -49.046232045975493, -26.089225835652268 ], [ -49.057384888071695, -26.075352221558752 ], [ -49.052034856315899, -26.02800202481756 ], [ -49.035227715255054, -26.009529128710472 ], [ -48.99719250303319, -26.028293812425151 ], [ -48.95809960003767, -26.02053967765989 ], [ -48.96245895225033, -26.00314687932676 ], [ -48.949737685137038, -25.990638702269873 ], [ -48.960477593164065, -25.980800140009507 ], [ -48.681897418966166, -25.983680938102129 ], [ -48.711608749688494, -26.007572056027517 ], [ -48.708680177803217, -26.022917504848824 ], [ -48.71899628507505, -26.030249273021877 ], [ -48.716859170155672, -26.043887522525843 ], [ -48.701140508812237, -26.054441851072234 ], [ -48.706831030063654, -26.070217726916894 ], [ -48.69229864861191, -26.082609833765236 ], [ -48.697295513071701, -26.092071167847834 ], [ -48.744982153603182, -26.116592611489068 ], [ -48.741953970429286, -26.127483866057485 ] ] ] } },
{ "type": "Feature", "properties": { "id": null, "CD_MUN": "4205902", "NM_MUN": "Gaspar", "SIGLA_UF": "SC", "AREA_KM2": 386.616 }, "geometry": { "type": "Polygon", "coordinates": [ [ [ -49.030337706541225, -26.778397535143302 ], [ -49.021479546311852, -26.789030855914952 ], [ -49.000816542824438, -26.786277412634483 ], [ -49.000485108900499, -26.802706183402204 ], [ -48.977474901230451, -26.820471373654414 ], [ -48.982431921174793, -26.829079914121458 ], [ -48.935752260215494, -26.842556955002443 ], [ -48.896916535456036, -26.888338591842061 ], [ -48.87454927337614, -26.896242650626686 ], [ -48.864769255948488, -26.909863167182127 ], [ -48.84645707887239, -26.906800203345536 ], [ -48.853958714462259, -26.920735076715786 ], [ -48.843193450834491, -26.963624630859169 ], [ -48.86576899106332, -27.003443160734815 ], [ -48.879008236877411, -26.999122769638994 ], [ -48.934497157978946, -27.027851758339963 ], [ -48.961899317919752, -27.020500645132152 ], [ -48.988522698695014, -27.037664527220652 ], [ -49.009623991852337, -27.038141704744671 ], [ -49.02189972483837, -27.050395172177254 ], [ -49.039958345907095, -27.043440632181966 ], [ -49.057238187810277, -27.061531463852596 ], [ -49.065793891945134, -27.0433342344908 ], [ -49.053337047525247, -27.030147369131175 ], [ -49.058672590366328, -27.002604875895326 ], [ -49.041131947998409, -26.976929178513569 ], [ -49.057489932703319, -26.954743647819292 ], [ -49.028468636543941, -26.935166472644802 ], [ -49.029685705379386, -26.922389077187542 ], [ -49.012172229726538, -26.906621261774031 ], [ -49.044531409611686, -26.876757364367297 ], [ -49.038705054784884, -26.839032934504139 ], [ -49.049102662201946, -26.824569296850523 ], [ -49.04465999872972, -26.813818293784099 ], [ -49.055142728520686, -26.782013444556704 ], [ -49.030337706541225, -26.778397535143302 ] ] ] } },
{ "type": "Feature", "properties": { "id": null, "CD_MUN": "4206009", "NM_MUN": "Governador Celso Ramos", "SIGLA_UF": "SC", "AREA_KM2": 127.556 }, "geometry": { "type": "MultiPolygon", "coordinates": [ [ [ [ -48.526270174977199, -27.408262194326838 ], [ -48.540786256399905, -27.43584015345974 ], [ -48.584939412857061, -27.45482085672921 ], [ -48.600183562243828, -27.446017253828362 ], [ -48.608168765362066, -27.431173163824518 ], [ -48.598079047382541, -27.401223825847605 ], [ -48.629259191833356, -27.402929413078716 ], [ -48.634109356031736, -27.366270572213445 ], [ -48.627116643570965, -27.324867361573922 ], [ -48.594239484985025, -27.315884817101569 ], [ -48.585019101887958, -27.319856997571755 ], [ -48.564309009427738, -27.308449875409806 ], [ -48.560136201991945, -27.316213682692442 ], [ -48.539545643078064, -27.298738667961594 ], [ -48.538125729436722, -27.325425143409426 ], [ -48.523343414206259, -27.334056253083684 ], [ -48.536968427374447, -27.357958655612681 ], [ -48.525438873495851, -27.376684649257843 ], [ -48.534356800498401, -27.383498937751138 ], [ -48.526270174977199, -27.408262194326838 ] ] ], [ [ [ -48.525353751121948, -27.329013647356923 ], [ -48.525697862846251, -27.330491930429634 ], [ -48.526920365024708, -27.330409714031916 ], [ -48.525353751121948, -27.329013647356923 ] ] ], [ [ [ -48.525650773873451, -27.328097982378406 ], [ -48.524301493691304, -27.328504228108311 ], [ -48.524632927615244, -27.329128105479239 ], [ -48.525650773873451, -27.328097982378406 ] ] ], [ [ [ -48.532563797303325, -27.306347714966172 ], [ -48.528233422920088, -27.305257944674835 ], [ -48.530194859748633, -27.307850179332327 ], [ -48.532563797303325, -27.306347714966172 ] ] ] ] } },
{ "type": "Feature", "properties": { "id": null, "CD_MUN": "4206108", "NM_MUN": "Grão-Pará", "SIGLA_UF": "SC", "AREA_KM2": 334.362 }, "geometry": { "type": "Polygon", "coordinates": [ [ [ -49.322367215816477, -27.983752797066018 ], [ -49.327259035644637, -27.997661877056586 ], [ -49.336061051329523, -27.996251301605525 ], [ -49.340811604239285, -28.02409686705257 ], [ -49.307476233725716, -28.056054864471797 ], [ -49.29513711173783, -28.106424498721374 ], [ -49.267932363259916, -28.112263475045648 ], [ -49.243007807734124, -28.158272416043662 ], [ -49.21641883813129, -28.163405298599294 ], [ -49.198825673447551, -28.154529151818107 ], [ -49.193263741314162, -28.162591195053253 ], [ -49.188773988869137, -28.178858757197993 ], [ -49.200173142515361, -28.197302635752944 ], [ -49.198228005715862, -28.227574390975814 ], [ -49.174511463453811, -28.253943285436382 ], [ -49.181257864364554, -28.264997360714005 ], [ -49.183282690194943, -28.2514816297635 ], [ -49.193577064094711, -28.254349531166284 ], [ -49.222942471978399, -28.236474719050449 ], [ -49.256924410310802, -28.239723072803461 ], [ -49.290841148527015, -28.253527367189097 ], [ -49.324998764950251, -28.238855770411838 ], [ -49.34810677279458, -28.238817080342322 ], [ -49.39577530218267, -28.193591613251982 ], [ -49.397830916956821, -28.158248234750214 ], [ -49.414029523599943, -28.148972290584044 ], [ -49.429791651687502, -28.150653696521708 ], [ -49.440294303736195, -28.134624723138973 ], [ -49.432303667274937, -28.113852992068214 ], [ -49.392734441208411, -28.111636373502261 ], [ -49.388558011543935, -28.100756403537456 ], [ -49.40108367830868, -28.0983447225377 ], [ -49.404055716938082, -28.080281296332977 ], [ -49.39657762583461, -28.081140538293454 ], [ -49.391510127915616, -28.068253520972565 ], [ -49.367588929733323, -28.06220013717973 ], [ -49.371088002635211, -28.045597261099193 ], [ -49.353672327156644, -28.026585928191356 ], [ -49.347065382049969, -28.005235458164108 ], [ -49.353297426488588, -28.000974714258792 ], [ -49.322367215816477, -27.983752797066018 ] ] ] } },
{ "type": "Feature", "properties": { "id": null, "CD_MUN": "4206207", "NM_MUN": "Gravatal", "SIGLA_UF": "SC", "AREA_KM2": 165.718 }, "geometry": { "type": "Polygon", "coordinates": [ [ [ -48.95489392765861, -28.318760436477277 ], [ -48.949643507191432, -28.342067979187483 ], [ -48.942473305525496, -28.343051351787651 ], [ -48.94789215962615, -28.360270044807965 ], [ -48.933881379103873, -28.364946706960566 ], [ -48.938439953893763, -28.373016810626861 ], [ -48.932586432351883, -28.381486711678143 ], [ -48.979043326247549, -28.421964584821769 ], [ -49.010708849341071, -28.416881676939262 ], [ -49.025335408738421, -28.397285156730018 ], [ -49.045141755143746, -28.403970478324929 ], [ -49.063718354913263, -28.391278523437848 ], [ -49.070711067374035, -28.39660485634105 ], [ -49.10612559714815, -28.355964162488213 ], [ -49.100744776448607, -28.335268199470256 ], [ -49.082226132337922, -28.321971712247002 ], [ -49.091187526084589, -28.302968439770318 ], [ -49.078743359465072, -28.273807411959769 ], [ -49.070386877907453, -28.294529168357403 ], [ -49.045436966780912, -28.291848268957274 ], [ -49.03762019729615, -28.304246824150535 ], [ -49.02237061456637, -28.298262760065583 ], [ -49.016535204167873, -28.305707374274721 ], [ -48.992793306305089, -28.298390114877733 ], [ -48.966644437486494, -28.319171518465872 ], [ -48.95489392765861, -28.318760436477277 ] ] ] } },
{ "type": "Feature", "properties": { "id": null, "CD_MUN": "4206306", "NM_MUN": "Guabiruba", "SIGLA_UF": "SC", "AREA_KM2": 172.173 }, "geometry": { "type": "Polygon", "coordinates": [ [ [ -48.934497157978946, -27.027851758339963 ], [ -48.928319446970484, -27.043114990763552 ], [ -48.939033999396777, -27.052839094901604 ], [ -48.935806593645651, -27.060973682017089 ], [ -48.950360708469461, -27.069899803471401 ], [ -48.949525784759437, -27.09638799231297 ], [ -48.958546945279274, -27.111159538436471 ], [ -48.979646427322251, -27.122632756133839 ], [ -48.975868442812242, -27.146040248190292 ], [ -48.983274089342174, -27.139208226748472 ], [ -48.998661316761677, -27.14748951371087 ], [ -49.021432457339053, -27.144603879359558 ], [ -49.014312966874591, -27.150130110955253 ], [ -49.02245573694028, -27.16049582541276 ], [ -49.008636934537876, -27.169773381665163 ], [ -49.024585607402301, -27.173987375069814 ], [ -49.027179123134964, -27.201884527276214 ], [ -49.04606180122768, -27.174109893623278 ], [ -49.095184655429556, -27.168029104364535 ], [ -49.103838159738686, -27.138437649530637 ], [ -49.139062522507267, -27.139603187874769 ], [ -49.128851459867064, -27.122091095160634 ], [ -49.117374428304288, -27.124485043211862 ], [ -49.103079302830871, -27.115017260784345 ], [ -49.078991482129439, -27.121181878527036 ], [ -49.066333604017991, -27.109944025419217 ], [ -49.057535210561781, -27.096197766137855 ], [ -49.056799898140369, -27.059601796635544 ], [ -49.039958345907095, -27.043440632181966 ], [ -49.02189972483837, -27.050395172177254 ], [ -49.009623991852337, -27.038141704744671 ], [ -48.988522698695014, -27.037664527220652 ], [ -48.961864906747316, -27.020492584701003 ], [ -48.934497157978946, -27.027851758339963 ] ] ] } },
{ "type": "Feature", "properties": { "id": null, "CD_MUN": "4206405", "NM_MUN": "Guaraciaba", "SIGLA_UF": "SC", "AREA_KM2": 331.766 }, "geometry": { "type": "Polygon", "coordinates": [ [ [ -53.458760386724272, -26.548270613755509 ], [ -53.462168903909244, -26.553122993307159 ], [ -53.452229508419812, -26.554614173069709 ], [ -53.458427141686002, -26.566461394772386 ], [ -53.447837556149061, -26.563611226318127 ], [ -53.431776594195661, -26.575808270732669 ], [ -53.45448072354251, -26.58718476325625 ], [ -53.441581967224046, -26.592635226799146 ], [ -53.429389545497578, -26.58322064321721 ], [ -53.437050559149235, -26.608564250835634 ], [ -53.429251900807856, -26.614245242709391 ], [ -53.424897981938209, -26.603558723092156 ], [ -53.41295730510479, -26.606866724035672 ], [ -53.431999361259287, -26.620516258143248 ], [ -53.428735733221394, -26.626458407986227 ], [ -53.447243510646047, -26.627728731935299 ], [ -53.447497066653433, -26.634396320581683 ], [ -53.477056263771331, -26.643743196541966 ], [ -53.494997162408055, -26.659751212803712 ], [ -53.55252358714035, -26.645086064371373 ], [ -53.569540817464457, -26.655717773056793 ], [ -53.585465945842479, -26.649925547233185 ], [ -53.59916883692722, -26.658704968840581 ], [ -53.609481321970371, -26.65752975797907 ], [ -53.613833429725673, -26.643198311396297 ], [ -53.63166022815907, -26.62891200322796 ], [ -53.623200513084157, -26.614878792597697 ], [ -53.644374250815012, -26.604313179447697 ], [ -53.633069275114387, -26.591597043267164 ], [ -53.647971123891182, -26.582667697640396 ], [ -53.653147288670482, -26.590442789526641 ], [ -53.675190361283803, -26.57905823657191 ], [ -53.685680335532126, -26.578613300772492 ], [ -53.68876466325051, -26.58701549420212 ], [ -53.699915694232367, -26.580818634734836 ], [ -53.697284145098592, -26.590668481598811 ], [ -53.713917419182948, -26.5957288202741 ], [ -53.703537922909277, -26.598321054931592 ], [ -53.7111880698749, -26.606787731810414 ], [ -53.721002498474981, -26.596834711427732 ], [ -53.728241522485781, -26.602809102995309 ], [ -53.733261931431976, -26.586946174494241 ], [ -53.725372717373666, -26.589855990139 ], [ -53.723184891252821, -26.563196920157075 ], [ -53.707967908581132, -26.560375769254954 ], [ -53.713604096402399, -26.556569633666435 ], [ -53.736440437095958, -26.566832174605235 ], [ -53.725682417925547, -26.554161176839138 ], [ -53.74223238075033, -26.544383873855502 ], [ -53.723614125351034, -26.542570276846998 ], [ -53.719099017305268, -26.53459528626826 ], [ -53.706763517546058, -26.545433341991092 ], [ -53.714444453455442, -26.531058369080114 ], [ -53.710432835195768, -26.524610024160982 ], [ -53.704304024274442, -26.536521729312849 ], [ -53.70082849585895, -26.529331824728018 ], [ -53.708136342214608, -26.514271715169382 ], [ -53.698350891443944, -26.51211635588016 ], [ -53.695936676030783, -26.520109079407426 ], [ -53.687029615714273, -26.51210990753524 ], [ -53.687819261565835, -26.500251401228958 ], [ -53.674230470684421, -26.511471521388248 ], [ -53.671510176948061, -26.504610482394291 ], [ -53.637522805272646, -26.516259417490705 ], [ -53.636626303675115, -26.526067350112704 ], [ -53.58133841626514, -26.515571056670588 ], [ -53.580967137825759, -26.525840045954308 ], [ -53.563833996183988, -26.530054039358959 ], [ -53.494100660810517, -26.516939717879673 ], [ -53.470601452269086, -26.547338827914697 ], [ -53.458760386724272, -26.548270613755509 ] ] ] } },
{ "type": "Feature", "properties": { "id": null, "CD_MUN": "4206504", "NM_MUN": "Guaramirim", "SIGLA_UF": "SC", "AREA_KM2": 267.514 }, "geometry": { "type": "Polygon", "coordinates": [ [ [ -48.839129310259004, -26.440660633745019 ], [ -48.875000240846411, -26.448866152654617 ], [ -48.869032619101212, -26.458666024845467 ], [ -48.881690497212659, -26.457800334540075 ], [ -48.88041547271839, -26.477579020493284 ], [ -48.895214087977891, -26.477287232885693 ], [ -48.905972107148308, -26.490314501708571 ], [ -48.897693503507234, -26.496358212984031 ], [ -48.908592789596049, -26.496351764639112 ], [ -48.864885167266152, -26.540271441883327 ], [ -48.86167587265841, -26.535161128534913 ], [ -48.857345498275173, -26.540938845582456 ], [ -48.850028596347819, -26.527885783379901 ], [ -48.831969975279101, -26.530653735436438 ], [ -48.832252509115897, -26.545394651921576 ], [ -48.8483370155557, -26.54397440395314 ], [ -48.859969802951589, -26.562511783509414 ], [ -48.878176935396063, -26.563570924162384 ], [ -48.881672386069276, -26.552495891763773 ], [ -48.890570390814098, -26.55371462895349 ], [ -48.899189483950799, -26.542059245512156 ], [ -48.927901079558303, -26.539655624943549 ], [ -48.978157691336044, -26.573375632611924 ], [ -49.011579995337868, -26.57275981567215 ], [ -49.01903816418362, -26.533655439996295 ], [ -49.044524165154336, -26.535870446476018 ], [ -49.050893854282677, -26.526162463200261 ], [ -49.050781565193688, -26.515366321719405 ], [ -49.022703859604647, -26.517025158449851 ], [ -49.016651115485537, -26.506693297803171 ], [ -49.028287525110102, -26.488091434797703 ], [ -49.014776612145234, -26.480812865470231 ], [ -49.03210535413556, -26.476542449047535 ], [ -49.033713623668106, -26.46213523441196 ], [ -49.020343977621643, -26.454635809271011 ], [ -48.984304613400759, -26.456460690883123 ], [ -48.984692191869186, -26.437159182453929 ], [ -49.00739813233038, -26.439562803022536 ], [ -49.020045143755794, -26.417557825985995 ], [ -49.00311846914861, -26.398448155818144 ], [ -49.003609281134331, -26.389125461151306 ], [ -48.974961074528679, -26.395311036014984 ], [ -48.930498217519641, -26.421209201296453 ], [ -48.924278850881393, -26.416134353845095 ], [ -48.923262815737523, -26.379878534537269 ], [ -48.906196685326272, -26.373507569757166 ], [ -48.877006955533417, -26.380513696511805 ], [ -48.839129310259004, -26.440660633745019 ] ] ] } },
{ "type": "Feature", "properties": { "id": null, "CD_MUN": "4206603", "NM_MUN": "Guarujá do Sul", "SIGLA_UF": "SC", "AREA_KM2": 100.63 }, "geometry": { "type": "Polygon", "coordinates": [ [ [ -53.402664742319359, -26.427670442905423 ], [ -53.432520962188761, -26.432783980426297 ], [ -53.452175174989655, -26.423902997386421 ], [ -53.465072120193788, -26.40591372714827 ], [ -53.468743248957828, -26.421812121546392 ], [ -53.526465274038678, -26.432137533848156 ], [ -53.586014713487032, -26.409566714544958 ], [ -53.575575450440184, -26.40912177874554 ], [ -53.580740748533451, -26.402491268082439 ], [ -53.567068646392471, -26.393628017991091 ], [ -53.56043996791373, -26.374953611105283 ], [ -53.394219516159147, -26.366054895116878 ], [ -53.405426691685498, -26.379070879336147 ], [ -53.395527140711515, -26.386070557745867 ], [ -53.408563541719701, -26.391106715127712 ], [ -53.401502006914072, -26.408033620540436 ], [ -53.414728574927793, -26.416195613121829 ], [ -53.402664742319359, -26.427670442905423 ] ] ] } },
{ "type": "Feature", "properties": { "id": null, "CD_MUN": "4206652", "NM_MUN": "Guatambú", "SIGLA_UF": "SC", "AREA_KM2": 206.196 }, "geometry": { "type": "Polygon", "coordinates": [ [ [ -52.785514853690977, -27.206019528455609 ], [ -52.845674638671383, -27.207446224768965 ], [ -52.843079311824383, -27.178525397806656 ], [ -52.852165672460401, -27.168567541165284 ], [ -52.838198358682249, -27.157199109072852 ], [ -52.844743725901417, -27.147288002932147 ], [ -52.836629933665144, -27.146825334184197 ], [ -52.835885565672044, -27.13662727669459 ], [ -52.848259098832358, -27.137202791478622 ], [ -52.859053340289542, -27.12754317078976 ], [ -52.849970601882198, -27.122752050514844 ], [ -52.848295321119124, -27.108098186686114 ], [ -52.829140975875639, -27.106752094684246 ], [ -52.84491397064923, -27.049403739145937 ], [ -52.82732805042285, -27.043290708162598 ], [ -52.779230286936539, -27.053085744094759 ], [ -52.762667646311385, -27.01554025580311 ], [ -52.740505040151731, -27.011092509895136 ], [ -52.721852373579999, -27.040090716996477 ], [ -52.734285673513483, -27.058344369376314 ], [ -52.732079736249247, -27.08433442357288 ], [ -52.706919735859451, -27.096362198933292 ], [ -52.706039534290959, -27.104367819150397 ], [ -52.722993375613221, -27.137565510880322 ], [ -52.72207695175797, -27.153096349618053 ], [ -52.734886963473848, -27.167237570025712 ], [ -52.749687389847686, -27.169778217923852 ], [ -52.748823488308247, -27.190477405114269 ], [ -52.774282322563884, -27.186181195311896 ], [ -52.786802555985616, -27.193390444931488 ], [ -52.785514853690977, -27.206019528455609 ] ] ] } },
{ "type": "Feature", "properties": { "id": null, "CD_MUN": "4206702", "NM_MUN": "Herval d'Oeste", "SIGLA_UF": "SC", "AREA_KM2": 216.581 }, "geometry": { "type": "Polygon", "coordinates": [ [ [ -51.28075775004428, -27.212948275071216 ], [ -51.313653019773611, -27.240790616345805 ], [ -51.312234917246606, -27.251735069759803 ], [ -51.334752501816595, -27.264056244814036 ], [ -51.4133747863632, -27.231219660399582 ], [ -51.433720844841382, -27.241751419738755 ], [ -51.450527985902234, -27.240269912493584 ], [ -51.464312377132202, -27.221200544481476 ], [ -51.476062886960086, -27.227105616341174 ], [ -51.476850721697311, -27.237297225485865 ], [ -51.502506967415847, -27.233803834625924 ], [ -51.529675493606987, -27.245393122531837 ], [ -51.54057115746712, -27.236242921091584 ], [ -51.530619084177317, -27.223778270362903 ], [ -51.535820604557358, -27.203720693491938 ], [ -51.509497868762274, -27.205385978567303 ], [ -51.501121464946927, -27.173345764750362 ], [ -51.480570750548495, -27.162699547288874 ], [ -51.475867286611532, -27.133999576140042 ], [ -51.441405402979441, -27.133841591689524 ], [ -51.422644069547403, -27.113593788643445 ], [ -51.388767175846631, -27.146156318398837 ], [ -51.346517500559187, -27.158567770281937 ], [ -51.346003144087071, -27.170211869119662 ], [ -51.28075775004428, -27.212948275071216 ] ] ] } },
{ "type": "Feature", "properties": { "id": null, "CD_MUN": "4206751", "NM_MUN": "Ibiam", "SIGLA_UF": "SC", "AREA_KM2": 146.009 }, "geometry": { "type": "Polygon", "coordinates": [ [ [ -51.112635628234322, -27.238994752285826 ], [ -51.120580986837119, -27.253787255530316 ], [ -51.144552896220887, -27.261009401839747 ], [ -51.1430225046049, -27.269218144921801 ], [ -51.159860434609499, -27.287175173435358 ], [ -51.165304644310893, -27.278518270381422 ], [ -51.181760429190078, -27.277863763372132 ], [ -51.210057279614077, -27.259998623773672 ], [ -51.220954754588547, -27.236104281675825 ], [ -51.25741067510728, -27.233707109452137 ], [ -51.277809255901282, -27.220065635775711 ], [ -51.280592938639487, -27.199619546123369 ], [ -51.320421154056412, -27.168404720456078 ], [ -51.322248568423909, -27.152640129215026 ], [ -51.294437096642618, -27.161811287776263 ], [ -51.259670945801666, -27.136649845901804 ], [ -51.233397110093726, -27.138939008348096 ], [ -51.228708135071471, -27.162235266454694 ], [ -51.211015359099115, -27.159252906929595 ], [ -51.186101670259347, -27.178136885025278 ], [ -51.174173671226299, -27.205368245618775 ], [ -51.153764223746265, -27.220341302521003 ], [ -51.131148839001995, -27.218456773718387 ], [ -51.112635628234322, -27.238994752285826 ] ] ] } },
{ "type": "Feature", "properties": { "id": null, "CD_MUN": "4206801", "NM_MUN": "Ibicaré", "SIGLA_UF": "SC", "AREA_KM2": 156.439 }, "geometry": { "type": "Polygon", "coordinates": [ [ [ -51.317548726715629, -27.01880795459088 ], [ -51.317673693604981, -27.044246675296858 ], [ -51.293299716838071, -27.061845820667401 ], [ -51.319731119493461, -27.077392780267431 ], [ -51.337963607538676, -27.132155349493171 ], [ -51.321509633773822, -27.150797514654382 ], [ -51.320421154056412, -27.168404720456078 ], [ -51.280592938639487, -27.199619546123369 ], [ -51.28075775004428, -27.212948275071216 ], [ -51.346003144087071, -27.170211869119662 ], [ -51.346517500559187, -27.158567770281937 ], [ -51.388767175846631, -27.146156318398837 ], [ -51.418114472586929, -27.114417564706866 ], [ -51.436377749575897, -27.116007081729432 ], [ -51.425965653244127, -27.084276388468606 ], [ -51.435577237038295, -27.08202591609183 ], [ -51.432038319620958, -27.069292046962772 ], [ -51.459179679097026, -27.071155618644401 ], [ -51.449798106823835, -27.067702529940206 ], [ -51.460029091721758, -27.055561908543709 ], [ -51.462233217871656, -27.027688937630757 ], [ -51.42073515503467, -27.039129913603528 ], [ -51.345314920638458, -27.039953689666945 ], [ -51.333366999347675, -27.01864352179544 ], [ -51.317548726715629, -27.01880795459088 ] ] ] } },
{ "type": "Feature", "properties": { "id": null, "CD_MUN": "4206900", "NM_MUN": "Ibirama", "SIGLA_UF": "SC", "AREA_KM2": 247.102 }, "geometry": { "type": "Polygon", "coordinates": [ [ [ -49.465258703777437, -26.940138146577457 ], [ -49.460857695934997, -26.983495205727476 ], [ -49.469201499692254, -27.003344823474798 ], [ -49.467506296671459, -27.044770603321538 ], [ -49.473216740180604, -27.044345012556875 ], [ -49.466178749861371, -27.058049357596264 ], [ -49.47113576980572, -27.068761670593172 ], [ -49.45636975460431, -27.083847573531486 ], [ -49.458186302285782, -27.100698710891407 ], [ -49.487852355149641, -27.080267130015137 ], [ -49.517507541327483, -27.080410605689586 ], [ -49.500099110306266, -27.107409825865997 ], [ -49.518087097915789, -27.113626030368042 ], [ -49.517808186307668, -27.135855087390521 ], [ -49.545277357478987, -27.11519942652831 ], [ -49.577962537945055, -27.128542664252226 ], [ -49.593737343832984, -27.127128864628705 ], [ -49.588043200352892, -27.117161335469955 ], [ -49.595188046418087, -27.112608803957048 ], [ -49.594688178860679, -27.097814688626325 ], [ -49.575990234430485, -27.079794788749808 ], [ -49.586398708533572, -27.065980821846797 ], [ -49.601142990362924, -27.011023190187256 ], [ -49.581505077591075, -27.002206690596569 ], [ -49.578967706402899, -26.956278353910047 ], [ -49.544467789369698, -26.913379127249282 ], [ -49.543844766037274, -26.892001251756128 ], [ -49.511835131219442, -26.907786800118167 ], [ -49.507475779006789, -26.92076570635415 ], [ -49.486374485849467, -26.937450798832408 ], [ -49.465258703777437, -26.940138146577457 ] ] ] } },
{ "type": "Feature", "properties": { "id": null, "CD_MUN": "4207007", "NM_MUN": "Içara", "SIGLA_UF": "SC", "AREA_KM2": 230.393 }, "geometry": { "type": "Polygon", "coordinates": [ [ [ -49.17596578826759, -28.684534741583949 ], [ -49.177523346598662, -28.727269535449274 ], [ -49.203541815184884, -28.74790746336296 ], [ -49.19532841166, -28.75652245217492 ], [ -49.207216566177607, -28.762917598248471 ], [ -49.204988895541305, -28.776578416959655 ], [ -49.213718466652651, -28.769006447938363 ], [ -49.240488547689338, -28.777482797334564 ], [ -49.253640860015182, -28.802466909723744 ], [ -49.329618917627641, -28.864927190696697 ], [ -49.351491745493149, -28.855174069006505 ], [ -49.357088088798967, -28.75533112045111 ], [ -49.335465194712171, -28.754354196195862 ], [ -49.332563789541972, -28.679195511990905 ], [ -49.274742153172504, -28.680148254952709 ], [ -49.214078878406006, -28.670535384764509 ], [ -49.193723764356129, -28.684125271681584 ], [ -49.17596578826759, -28.684534741583949 ] ] ] } },
{ "type": "Feature", "properties": { "id": null, "CD_MUN": "4207106", "NM_MUN": "Ilhota", "SIGLA_UF": "SC", "AREA_KM2": 253.024 }, "geometry": { "type": "Polygon", "coordinates": [ [ [ -48.819987642815889, -26.82354078583592 ], [ -48.772875125529701, -26.832661969724036 ], [ -48.759816991149449, -26.855190874785258 ], [ -48.762656818432148, -26.886478244332892 ], [ -48.786382416265887, -26.915574788694247 ], [ -48.760007158154991, -26.941011897313999 ], [ -48.800510919220159, -26.966950364751209 ], [ -48.843193450834491, -26.963624630859169 ], [ -48.853958714462259, -26.920735076715786 ], [ -48.84645707887239, -26.906800203345536 ], [ -48.864769255948488, -26.909863167182127 ], [ -48.87454927337614, -26.896242650626686 ], [ -48.895284721437093, -26.889826547432151 ], [ -48.935752260215494, -26.842556955002443 ], [ -48.969899009952698, -26.836626089763072 ], [ -48.982431921174793, -26.829079914121458 ], [ -48.977474901230451, -26.820471373654414 ], [ -48.988086220139451, -26.813455574382399 ], [ -48.970614400116389, -26.789830450684924 ], [ -48.898448738186374, -26.76270871195505 ], [ -48.819987642815889, -26.82354078583592 ] ] ] } },
{ "type": "Feature", "properties": { "id": null, "CD_MUN": "4207205", "NM_MUN": "Imaruí", "SIGLA_UF": "SC", "AREA_KM2": 542.238 }, "geometry": { "type": "Polygon", "coordinates": [ [ [ -48.761724094547844, -28.090416482459624 ], [ -48.754423492649536, -28.105907019041613 ], [ -48.759556190684712, -28.109946907133448 ], [ -48.745655888137087, -28.115131376448431 ], [ -48.75384393606123, -28.119206730437323 ], [ -48.739637555190406, -28.125331046024272 ], [ -48.739079731974158, -28.13687197134329 ], [ -48.748234914955042, -28.141213319560094 ], [ -48.736750638934907, -28.145085550684037 ], [ -48.739309743495141, -28.156918263610645 ], [ -48.730768528274993, -28.156894082317198 ], [ -48.729794148760909, -28.175307331233782 ], [ -48.738282841665239, -28.181012504400986 ], [ -48.730245116231181, -28.197396136754271 ], [ -48.739791499909174, -28.199566004819562 ], [ -48.740894468541292, -28.216412305920795 ], [ -48.724266627799949, -28.247374034050011 ], [ -48.740718790450458, -28.3014627512317 ], [ -48.754928793549965, -28.318989352721903 ], [ -48.75805839912681, -28.353178477483148 ], [ -48.772543691605762, -28.361295331650108 ], [ -48.799174316838382, -28.354521345312559 ], [ -48.89096702485422, -28.361119614251059 ], [ -48.927165767136891, -28.35018644544067 ], [ -48.948125793375809, -28.359114178981208 ], [ -48.942473305525496, -28.343051351787651 ], [ -48.949643507191432, -28.342067979187483 ], [ -48.955871929401376, -28.319966276977155 ], [ -48.95049291981617, -28.299234848062142 ], [ -48.955960674003961, -28.29350388151526 ], [ -48.949371840040669, -28.289165757470915 ], [ -48.955998707405065, -28.269609539417413 ], [ -48.941142136486732, -28.251460672642512 ], [ -48.920801511351563, -28.251302688191995 ], [ -48.92155312380202, -28.234986763460359 ], [ -48.909750091658317, -28.234670794559321 ], [ -48.908826423345708, -28.227988697136869 ], [ -48.93862830978496, -28.175080027075381 ], [ -48.926167843136398, -28.141235888767312 ], [ -48.900223630238052, -28.154683912096164 ], [ -48.883575867238989, -28.149800902906151 ], [ -48.872336091654546, -28.083189499891507 ], [ -48.864303799563508, -28.077869615333221 ], [ -48.832263375801929, -28.07163406579642 ], [ -48.810089902956243, -28.078370974150687 ], [ -48.80198878852034, -28.095015764473196 ], [ -48.761724094547844, -28.090416482459624 ] ] ] } },
{ "type": "Feature", "properties": { "id": null, "CD_MUN": "4207304", "NM_MUN": "Imbituba", "SIGLA_UF": "SC", "AREA_KM2": 181.577 }, "geometry": { "type": "MultiPolygon", "coordinates": [ [ [ [ -48.634308578608966, -28.113046948953322 ], [ -48.631767585192115, -28.122382540309999 ], [ -48.645097386723137, -28.129757834811258 ], [ -48.63557998087456, -28.139054736098416 ], [ -48.658412699339443, -28.167683775453138 ], [ -48.663190418964284, -28.187763921531317 ], [ -48.656838840979326, -28.195638962763809 ], [ -48.667205659452634, -28.213800726228548 ], [ -48.661207248763674, -28.226684519376974 ], [ -48.645434253990089, -28.234606311110131 ], [ -48.674028127165592, -28.254907313001791 ], [ -48.697445835561794, -28.291570990125752 ], [ -48.709558568257371, -28.327288372632829 ], [ -48.697538202393055, -28.337762096867731 ], [ -48.705056138011976, -28.342969135389932 ], [ -48.755033838181596, -28.324854122425855 ], [ -48.724266627799949, -28.247374034050011 ], [ -48.740894468541292, -28.216412305920795 ], [ -48.739791499909174, -28.199566004819562 ], [ -48.730245116231181, -28.197396136754271 ], [ -48.738282841665239, -28.181012504400986 ], [ -48.729794148760909, -28.175307331233782 ], [ -48.730768528274993, -28.156894082317198 ], [ -48.739309743495141, -28.156918263610645 ], [ -48.736750638934907, -28.145085550684037 ], [ -48.748234914955042, -28.141213319560094 ], [ -48.739079731974158, -28.13687197134329 ], [ -48.739637555190406, -28.125331046024272 ], [ -48.75384393606123, -28.119206730437323 ], [ -48.745655888137087, -28.115131376448431 ], [ -48.759556190684712, -28.109946907133448 ], [ -48.754423492649536, -28.105907019041613 ], [ -48.761724094547844, -28.090416482459624 ], [ -48.707012141497501, -28.082649451004528 ], [ -48.701533520623684, -28.102270152507224 ], [ -48.678588513069812, -28.105579765536966 ], [ -48.666870603300019, -28.117726835278383 ], [ -48.634308578608966, -28.113046948953322 ] ] ], [ [ [ -48.601898687522343, -28.352298278401687 ], [ -48.602175788016126, -28.352536867163696 ], [ -48.601936720923447, -28.352046792949839 ], [ -48.601898687522343, -28.352298278401687 ] ] ], [ [ [ -48.60160347588517, -28.351574451684513 ], [ -48.601873331921603, -28.351848506343575 ], [ -48.601697653830776, -28.351506744062863 ], [ -48.60160347588517, -28.351574451684513 ] ] ], [ [ [ -48.600422629336499, -28.351879135981942 ], [ -48.601433231137356, -28.351875911809483 ], [ -48.600717840973672, -28.351426139751375 ], [ -48.600422629336499, -28.351879135981942 ] ] ], [ [ [ -48.646678489540605, -28.320648189452353 ], [ -48.649628794797941, -28.322020074833897 ], [ -48.646645889482514, -28.317862504447287 ], [ -48.646678489540605, -28.320648189452353 ] ] ], [ [ [ -48.653044556440264, -28.247598114035952 ], [ -48.654929926466593, -28.249250502421482 ], [ -48.654868348579086, -28.247009702562082 ], [ -48.653044556440264, -28.247598114035952 ] ] ], [ [ [ -48.650652074399169, -28.240683876196414 ], [ -48.652282077303781, -28.241883268351373 ], [ -48.652729422545377, -28.241099794443699 ], [ -48.650652074399169, -28.240683876196414 ] ] ], [ [ [ -48.656302751135144, -28.189105177274499 ], [ -48.656713874089974, -28.189177721154838 ], [ -48.655955017182166, -28.188724724924267 ], [ -48.656302751135144, -28.189105177274499 ] ] ], [ [ [ -48.64088292365755, -28.151317876048378 ], [ -48.64300554966222, -28.15383917891176 ], [ -48.643831417800556, -28.15205459945539 ], [ -48.64088292365755, -28.151317876048378 ] ] ] ] } },
{ "type": "Feature", "properties": { "id": null, "CD_MUN": "4207403", "NM_MUN": "Imbuia", "SIGLA_UF": "SC", "AREA_KM2": 119.113 }, "geometry": { "type": "Polygon", "coordinates": [ [ [ -49.31848418667483, -27.572237157275474 ], [ -49.313088877060579, -27.583666848644636 ], [ -49.304536795154405, -27.580415270719165 ], [ -49.30059762146827, -27.584421305000173 ], [ -49.322722194226813, -27.5888448696147 ], [ -49.354496384180642, -27.562656528811871 ], [ -49.380907864578305, -27.558016944642553 ], [ -49.421880704257141, -27.564647455305654 ], [ -49.411481285725742, -27.546181007543485 ], [ -49.40564949755592, -27.551060792561039 ], [ -49.394498466574063, -27.53559766144496 ], [ -49.388941967783687, -27.539552108966618 ], [ -49.381373320963291, -27.52159830462552 ], [ -49.424631786937255, -27.542208827073299 ], [ -49.423789618769874, -27.531351426315709 ], [ -49.41128387426285, -27.526245949225984 ], [ -49.435735728946312, -27.514696963475817 ], [ -49.452876115045434, -27.536861537049109 ], [ -49.478956161519164, -27.528323928376178 ], [ -49.472785694968053, -27.494965028023273 ], [ -49.456141554197664, -27.506409228168504 ], [ -49.445137223477218, -27.502035638227103 ], [ -49.469453244585296, -27.488340965705092 ], [ -49.472608205762882, -27.473869267620326 ], [ -49.465876293766854, -27.460964517350913 ], [ -49.481459121534904, -27.472473200945334 ], [ -49.46535469283738, -27.445517507097129 ], [ -49.435822662434553, -27.446394482006131 ], [ -49.427270580528379, -27.47244901965189 ], [ -49.415824337909349, -27.453500558107017 ], [ -49.404939540735249, -27.448875482713767 ], [ -49.396450847830913, -27.458443214487531 ], [ -49.38439425967983, -27.449723440070635 ], [ -49.3854102948237, -27.473790275395068 ], [ -49.372167426780933, -27.457130976296487 ], [ -49.36541378141284, -27.463556752008405 ], [ -49.362258820235255, -27.438253446545726 ], [ -49.357544489612259, -27.453378039553552 ], [ -49.349407152889583, -27.44313323156328 ], [ -49.357857812392808, -27.473211536438576 ], [ -49.350919433362193, -27.470859502629324 ], [ -49.343301886454661, -27.480151567657792 ], [ -49.35701926645411, -27.490515670029069 ], [ -49.358565958099149, -27.501739014360822 ], [ -49.35036342126029, -27.507250737180449 ], [ -49.36226244246393, -27.518488590288268 ], [ -49.362845621280911, -27.550082256219561 ], [ -49.350770921986445, -27.558764952653174 ], [ -49.33640697416817, -27.55738500684048 ], [ -49.326014800094121, -27.574215187079417 ], [ -49.31848418667483, -27.572237157275474 ] ] ] } },
{ "type": "Feature", "properties": { "id": null, "CD_MUN": "4207502", "NM_MUN": "Indaial", "SIGLA_UF": "SC", "AREA_KM2": 430.799 }, "geometry": { "type": "Polygon", "coordinates": [ [ [ -49.198048705396353, -26.836311732948264 ], [ -49.194518843550711, -26.855086089180322 ], [ -49.174111207185014, -26.869348216055215 ], [ -49.185615405462869, -26.87933186607626 ], [ -49.162829775970792, -26.884224547783653 ], [ -49.152064512343024, -26.894925576176956 ], [ -49.165517469649053, -26.894973938763847 ], [ -49.176701100689002, -26.917628586550993 ], [ -49.15923471400896, -26.934692519293247 ], [ -49.165522902992066, -26.941513256131461 ], [ -49.158220489979428, -26.969661893789706 ], [ -49.161150872979043, -26.998653652546128 ], [ -49.136583106977923, -27.014598797444915 ], [ -49.127840858066207, -27.032314013024003 ], [ -49.13539863820057, -27.040261598136833 ], [ -49.131214964078744, -27.068294165586536 ], [ -49.140346602573231, -27.091903168421712 ], [ -49.148536461611712, -27.09110034947928 ], [ -49.157390999612417, -27.10404540190444 ], [ -49.152028290056251, -27.118559014231177 ], [ -49.170139433440788, -27.133662650118016 ], [ -49.192271250656688, -27.139079259850089 ], [ -49.19191808336069, -27.155306519839087 ], [ -49.198981429280657, -27.15989935350774 ], [ -49.206406998068317, -27.152111364931656 ], [ -49.214390390072218, -27.164638887023301 ], [ -49.229882662123352, -27.158130894913668 ], [ -49.246845559017309, -27.130767343249325 ], [ -49.253352892835366, -27.088234060162726 ], [ -49.271654203225438, -27.079627131781912 ], [ -49.267258628726012, -27.056832232492777 ], [ -49.294184465595805, -27.058684519570797 ], [ -49.298042139136712, -27.037401757165199 ], [ -49.31495251371485, -27.03241073819779 ], [ -49.316683939022411, -27.018904679764667 ], [ -49.299896720219287, -26.992316541576852 ], [ -49.312719409735536, -26.978375219861686 ], [ -49.313005565801014, -26.959852349081476 ], [ -49.325216098670865, -26.952402898613649 ], [ -49.289385012598899, -26.950468395137907 ], [ -49.315082913947215, -26.899455538482645 ], [ -49.305027607140126, -26.847965504303367 ], [ -49.284714148720028, -26.880708587716494 ], [ -49.263241577123324, -26.867892502189719 ], [ -49.254814462106502, -26.870676575108554 ], [ -49.207069865916189, -26.830409885261027 ], [ -49.198048705396353, -26.836311732948264 ] ] ] } },
{ "type": "Feature", "properties": { "id": null, "CD_MUN": "4207577", "NM_MUN": "Iomerê", "SIGLA_UF": "SC", "AREA_KM2": 113.986 }, "geometry": { "type": "Polygon", "coordinates": [ [ [ -51.196316355128232, -27.028791604611925 ], [ -51.21417575361972, -27.020194348748493 ], [ -51.212442517197815, -27.029039865891313 ], [ -51.24853259262018, -27.033766502717036 ], [ -51.334182000799984, -27.019963820417633 ], [ -51.345220742692852, -27.014461770115382 ], [ -51.337572406841566, -27.005011720636393 ], [ -51.351909187944763, -27.003065932557046 ], [ -51.34020395597534, -26.997431691183952 ], [ -51.352595600279038, -26.987551214681609 ], [ -51.351478142732212, -26.978828216092253 ], [ -51.282916598335717, -26.923498192513634 ], [ -51.273781337612562, -26.929211426111983 ], [ -51.268820695439537, -26.923504640858553 ], [ -51.258586088312939, -26.942074262139425 ], [ -51.264053842500729, -26.966713388075433 ], [ -51.253337478960098, -26.971446473246075 ], [ -51.252721700085026, -26.9615966263821 ], [ -51.231777973875147, -26.96166755817621 ], [ -51.231681984815211, -26.955336895551852 ], [ -51.215387389112145, -26.963000753488242 ], [ -51.222640902037647, -26.972420173328864 ], [ -51.210405013567055, -26.973793670796642 ], [ -51.215342111253683, -26.991534679755404 ], [ -51.205036870667882, -26.994268778001118 ], [ -51.196316355128232, -27.028791604611925 ] ] ] } },
{ "type": "Feature", "properties": { "id": null, "CD_MUN": "4207601", "NM_MUN": "Ipira", "SIGLA_UF": "SC", "AREA_KM2": 155.651 }, "geometry": { "type": "Polygon", "coordinates": [ [ [ -51.768690063967028, -27.277365628727125 ], [ -51.750973743508276, -27.285658200293131 ], [ -51.760585327302444, -27.307037687872516 ], [ -51.727882035692993, -27.341033362286186 ], [ -51.73753889734563, -27.341115578683905 ], [ -51.737029974216519, -27.350960589289194 ], [ -51.728845548521051, -27.353362597771568 ], [ -51.737202030078677, -27.359543336376557 ], [ -51.730019150612364, -27.37470339528144 ], [ -51.733199467390691, -27.392573371138589 ], [ -51.764256456066491, -27.391415893225602 ], [ -51.758685468361406, -27.414863687437801 ], [ -51.791939338729755, -27.424302452313182 ], [ -51.778102425183967, -27.444882345122593 ], [ -51.804492172209571, -27.432148475993536 ], [ -51.80359023726902, -27.420976718421137 ], [ -51.833725368746549, -27.436609118591349 ], [ -51.8451915336233, -27.463917859323875 ], [ -51.858447079466437, -27.443468545499076 ], [ -51.880961041807751, -27.456291079370772 ], [ -51.878972438264135, -27.433878244518095 ], [ -51.886052084213148, -27.428392315078142 ], [ -51.877661191483092, -27.426341741393859 ], [ -51.883078234469409, -27.419487150744818 ], [ -51.875221620469198, -27.406021394467441 ], [ -51.838240476792315, -27.372486776715487 ], [ -51.817677084593512, -27.369776859763224 ], [ -51.822433070846294, -27.296476910981209 ], [ -51.80745877749596, -27.28382364616364 ], [ -51.795646689780568, -27.293541301956772 ], [ -51.768690063967028, -27.277365628727125 ] ] ] } },
{ "type": "Feature", "properties": { "id": null, "CD_MUN": "4207650", "NM_MUN": "Iporã do Oeste", "SIGLA_UF": "SC", "AREA_KM2": 200.96 }, "geometry": { "type": "Polygon", "coordinates": [ [ [ -53.42505736, -26.947540846544619 ], [ -53.397430621881227, -26.95364581709681 ], [ -53.398343423507804, -26.975697544634016 ], [ -53.390202464556459, -26.979905089693748 ], [ -53.39695792103889, -26.986762904515246 ], [ -53.388108816381205, -26.998390882490675 ], [ -53.38020149117952, -26.993066161673699 ], [ -53.37537124923886, -27.015435470198174 ], [ -53.396503331339936, -27.009462690716823 ], [ -53.418926737964327, -27.019494703324767 ], [ -53.448712324374533, -27.008588939980282 ], [ -53.448020478697245, -27.03894613577333 ], [ -53.478995967227817, -27.062982341459399 ], [ -53.47456235932728, -27.069935269368454 ], [ -53.489103796350726, -27.082095235799709 ], [ -53.527055697313017, -27.076909154398496 ], [ -53.534209598949907, -27.090046045085 ], [ -53.547072132981604, -27.089555970871146 ], [ -53.543026103549501, -27.028262840328559 ], [ -53.572599789582107, -27.025319170872972 ], [ -53.587418327099329, -27.009140273470869 ], [ -53.559202976820565, -26.992716338961838 ], [ -53.550998628867369, -26.979358592461853 ], [ -53.555410503395841, -26.96889454074433 ], [ -53.573867569619026, -26.961029172029217 ], [ -53.590290754440119, -26.965446288298821 ], [ -53.582508396127785, -26.952938111241934 ], [ -53.500792728291103, -26.934516801894201 ], [ -53.478778633507204, -26.943110833585177 ], [ -53.424517647927139, -26.940882930415615 ], [ -53.42505736, -26.947540846544619 ] ] ] } },
{ "type": "Feature", "properties": { "id": null, "CD_MUN": "4207684", "NM_MUN": "Ipuaçu", "SIGLA_UF": "SC", "AREA_KM2": 261.081 }, "geometry": { "type": "Polygon", "coordinates": [ [ [ -52.393174965666141, -26.683569786848761 ], [ -52.388482368415211, -26.707472189377757 ], [ -52.415444427571764, -26.697678765531823 ], [ -52.425028844650861, -26.707427050963322 ], [ -52.42454346600816, -26.723188418031913 ], [ -52.405403609679382, -26.745909161354479 ], [ -52.422214372968909, -26.748812528654319 ], [ -52.417864076327938, -26.759007361971467 ], [ -52.424523543750432, -26.766239180798276 ], [ -52.441397696041804, -26.74903822072649 ], [ -52.461214909133162, -26.75125322720621 ], [ -52.467137253019906, -26.766108601813663 ], [ -52.489709171020053, -26.763851681091968 ], [ -52.499425799445852, -26.754317803129027 ], [ -52.492728298622254, -26.769352119307989 ], [ -52.502644149625283, -26.776709680860719 ], [ -52.498761120483643, -26.788537557528638 ], [ -52.521494227659907, -26.775436132739188 ], [ -52.522274817939781, -26.789496748835358 ], [ -52.506177633699608, -26.79410247919385 ], [ -52.534798673590188, -26.808959465887533 ], [ -52.534622995499355, -26.711365377622684 ], [ -52.549385388472089, -26.700717548074966 ], [ -52.563059301727414, -26.672562462071799 ], [ -52.558538760338635, -26.665317746555154 ], [ -52.576528559062496, -26.660402495640547 ], [ -52.568365866739086, -26.649791744076111 ], [ -52.547724596623731, -26.654170170276203 ], [ -52.541943519655383, -26.664616489045198 ], [ -52.528943340933971, -26.660115544291642 ], [ -52.543319966552609, -26.620087443206124 ], [ -52.523468342288822, -26.635270071318224 ], [ -52.513027268127637, -26.633693450985497 ], [ -52.52216977330815, -26.613292499747587 ], [ -52.540721017476933, -26.607983899792913 ], [ -52.53661522127166, -26.601521046097712 ], [ -52.515577317116183, -26.606370201476899 ], [ -52.492817043224839, -26.590070397607562 ], [ -52.49261238730459, -26.603811820630234 ], [ -52.484978540368012, -26.603376557348192 ], [ -52.471453138488442, -26.590320270973177 ], [ -52.496352338413494, -26.575900159647766 ], [ -52.47948543057948, -26.578028113471081 ], [ -52.474533843978151, -26.56730612795679 ], [ -52.462129521874083, -26.571679717898192 ], [ -52.456716101116442, -26.584573183564 ], [ -52.425331300745384, -26.582048656528158 ], [ -52.417342475398463, -26.589514227858285 ], [ -52.415658139063702, -26.615196373584961 ], [ -52.392220508409778, -26.638608701900104 ], [ -52.414582337146662, -26.657847338966338 ], [ -52.393174965666141, -26.683569786848761 ] ] ] } },
{ "type": "Feature", "properties": { "id": null, "CD_MUN": "4207700", "NM_MUN": "Ipumirim", "SIGLA_UF": "SC", "AREA_KM2": 245.921 }, "geometry": { "type": "Polygon", "coordinates": [ [ [ -52.108822770071598, -26.948190517295224 ], [ -52.118504987324968, -26.982120096173471 ], [ -52.106323432284533, -26.99656116461987 ], [ -52.127234558436314, -27.006962344974433 ], [ -52.119307310976907, -27.056580747040929 ], [ -52.095576279800149, -27.054647855651421 ], [ -52.083427324817805, -27.080921637024428 ], [ -52.063977767937153, -27.080795894298504 ], [ -52.064336368576164, -27.099852365620773 ], [ -52.047395205054272, -27.097851766609612 ], [ -52.045002723013177, -27.11028095144124 ], [ -52.053489604803168, -27.115115598044362 ], [ -52.047485760771195, -27.118002844481904 ], [ -52.044155121502783, -27.148690517952055 ], [ -52.056336676543218, -27.146759238648777 ], [ -52.060217894570521, -27.131233236169734 ], [ -52.068840609935897, -27.136993220268749 ], [ -52.066326783234125, -27.153926574026393 ], [ -52.08008038552034, -27.144334660959181 ], [ -52.093922732409141, -27.157124953106283 ], [ -52.137985333149373, -27.105383433475158 ], [ -52.160720251439983, -27.097145672840966 ], [ -52.175587689044349, -27.103186159943967 ], [ -52.179191806577869, -27.094015001382729 ], [ -52.200776667263554, -27.094182658350626 ], [ -52.217819253188402, -27.083039918330364 ], [ -52.227791248735926, -27.068232906309802 ], [ -52.216855740360344, -27.047217750218348 ], [ -52.222164116486354, -27.026367026922333 ], [ -52.246896693892275, -27.037074503660552 ], [ -52.233813203911289, -26.947270016058017 ], [ -52.219777067788272, -26.946609060703807 ], [ -52.222473817038228, -26.957650239291592 ], [ -52.213193667167992, -26.948459735695597 ], [ -52.20878179263952, -26.956491149292376 ], [ -52.18888670163161, -26.960031290652982 ], [ -52.184103548663757, -26.948421045626084 ], [ -52.175477211069698, -26.956268681392668 ], [ -52.171244636860735, -26.945419341066227 ], [ -52.152736859436082, -26.948122809673571 ], [ -52.15307734893171, -26.925471386058888 ], [ -52.134384837844529, -26.93096376384376 ], [ -52.132350956442444, -26.943547708953446 ], [ -52.108822770071598, -26.948190517295224 ] ] ] } },
{ "type": "Feature", "properties": { "id": null, "CD_MUN": "4207759", "NM_MUN": "Iraceminha", "SIGLA_UF": "SC", "AREA_KM2": 165.147 }, "geometry": { "type": "Polygon", "coordinates": [ [ [ -53.248995312930262, -26.798625993154623 ], [ -53.23830068276169, -26.823813228408756 ], [ -53.247769188523122, -26.827561328893001 ], [ -53.236572879682804, -26.839468197786182 ], [ -53.244943850155138, -26.839248954058931 ], [ -53.24465044963231, -26.84697890753074 ], [ -53.25104187213271, -26.839479482389788 ], [ -53.261443101778447, -26.851939296859783 ], [ -53.251425828372462, -26.85599852998638 ], [ -53.266302321548523, -26.855443972323332 ], [ -53.274189724492487, -26.872557879738711 ], [ -53.285172321840868, -26.869644839921492 ], [ -53.277239641038442, -26.890113498781052 ], [ -53.28672444682892, -26.885999454722644 ], [ -53.286286157159012, -26.896099174952237 ], [ -53.295930341011278, -26.897949849944027 ], [ -53.28025333529763, -26.913751519168365 ], [ -53.289013695352729, -26.917957452141867 ], [ -53.284449687219826, -26.931469958919912 ], [ -53.334146664666989, -26.898622089901849 ], [ -53.35236285268315, -26.896466730612627 ], [ -53.375204626719729, -26.876397869138057 ], [ -53.373942280025823, -26.88722141608482 ], [ -53.384037431348361, -26.884530844167312 ], [ -53.388621361738991, -26.894693435759866 ], [ -53.408090840877364, -26.888549775138163 ], [ -53.4013716066817, -26.876907288386668 ], [ -53.415702954441883, -26.865914472385775 ], [ -53.414009562535426, -26.858269959484144 ], [ -53.406004437159467, -26.848491044414278 ], [ -53.383705997424428, -26.850984941811753 ], [ -53.386803002943182, -26.838773388621142 ], [ -53.379283256209924, -26.823695546113981 ], [ -53.404151667191229, -26.823903505237624 ], [ -53.419464638922854, -26.804531065014316 ], [ -53.385986190376542, -26.809201278821998 ], [ -53.335577444994364, -26.795909627857437 ], [ -53.337348714817374, -26.786665925415861 ], [ -53.319983750540281, -26.794084746245321 ], [ -53.2770494740329, -26.781810321691751 ], [ -53.250779260553635, -26.804424667323151 ], [ -53.248995312930262, -26.798625993154623 ] ] ] } },
{ "type": "Feature", "properties": { "id": null, "CD_MUN": "4207809", "NM_MUN": "Irani", "SIGLA_UF": "SC", "AREA_KM2": 325.862 }, "geometry": { "type": "Polygon", "coordinates": [ [ [ -51.802327890575121, -27.040448600139488 ], [ -51.830867430320474, -27.066325808299972 ], [ -51.832754611461141, -27.091640398366255 ], [ -51.844378343285335, -27.09710537068522 ], [ -51.841386382398206, -27.086850890177573 ], [ -51.850760710214047, -27.087674666240989 ], [ -51.85989053759419, -27.10149669357515 ], [ -51.873971951575662, -27.085614420039327 ], [ -51.883391557249958, -27.085512858606851 ], [ -51.879003227207889, -27.103081374339027 ], [ -51.888641977717135, -27.100461734215632 ], [ -51.890496558799711, -27.109731230036886 ], [ -51.875198075982794, -27.121941171141263 ], [ -51.891125015475154, -27.122453814562334 ], [ -51.892345706539274, -27.113859782871359 ], [ -51.917007650485992, -27.135229597933368 ], [ -51.916891739168335, -27.128582966407969 ], [ -51.929871995632027, -27.128047753779683 ], [ -51.942638540603788, -27.115194590269621 ], [ -51.961492240867088, -27.118966872047313 ], [ -51.956998866193388, -27.106821414392126 ], [ -51.976053600148255, -27.104804694518666 ], [ -51.977862903372369, -27.118675084439722 ], [ -51.986951075122725, -27.116118315679287 ], [ -51.989780035719392, -27.123311444436577 ], [ -51.999172474678609, -27.097124715719978 ], [ -51.995432523569704, -27.039254044243219 ], [ -52.00771912324177, -27.03627007263189 ], [ -52.006355354144915, -27.02118255760735 ], [ -52.019938711683317, -27.019497927497227 ], [ -52.004364939486955, -26.999980399513241 ], [ -52.006924044047189, -26.984643011123083 ], [ -51.997642083062615, -26.983301755379902 ], [ -52.013858800849128, -26.950571568656613 ], [ -52.005458852547385, -26.939856031487246 ], [ -51.996361625225333, -26.948250164485724 ], [ -51.979884106974083, -26.936702790821787 ], [ -51.957594722810732, -26.947787495737778 ], [ -51.930455174449008, -26.929232383232971 ], [ -51.895094978105043, -26.936323950557789 ], [ -51.884773437490196, -26.945603118896422 ], [ -51.874319685528647, -26.929129209714265 ], [ -51.846959181217628, -26.948901447322559 ], [ -51.825135253439264, -26.923451442012968 ], [ -51.819544343476458, -26.937760319388524 ], [ -51.824881697431884, -26.946997573485184 ], [ -51.863056365457801, -26.981310828886119 ], [ -51.802327890575121, -27.040448600139488 ] ] ] } },
{ "type": "Feature", "properties": { "id": null, "CD_MUN": "4207858", "NM_MUN": "Irati", "SIGLA_UF": "SC", "AREA_KM2": 77.912 }, "geometry": { "type": "Polygon", "coordinates": [ [ [ -52.839594727837195, -26.593009230804455 ], [ -52.839621894552273, -26.605857558055828 ], [ -52.851783527334987, -26.613094213141324 ], [ -52.83346591691587, -26.630801368289266 ], [ -52.846936985365282, -26.630741721098762 ], [ -52.854617921274667, -26.654157273586364 ], [ -52.844856014990405, -26.669473704855534 ], [ -52.919830715259359, -26.672531832433435 ], [ -52.906960936770311, -26.658808142359291 ], [ -52.917606666851739, -26.656106285838174 ], [ -52.922089174839414, -26.664900216221639 ], [ -52.929277487648733, -26.659520684472852 ], [ -52.924280623188942, -26.649977133992536 ], [ -52.935610954490308, -26.649388722518665 ], [ -52.93519258707812, -26.622320182634375 ], [ -52.940843263814095, -26.625929643702861 ], [ -52.944628492781462, -26.619648955751625 ], [ -52.924412834535644, -26.599630068950177 ], [ -52.931704380862257, -26.597839041148887 ], [ -52.928248774704493, -26.589215991905775 ], [ -52.936512889430851, -26.581866490784194 ], [ -52.90134829343544, -26.581261958448025 ], [ -52.877287639449086, -26.595050131971362 ], [ -52.839594727837195, -26.593009230804455 ] ] ] } },
{ "type": "Feature", "properties": { "id": null, "CD_MUN": "4207908", "NM_MUN": "Irineópolis", "SIGLA_UF": "SC", "AREA_KM2": 589.698 }, "geometry": { "type": "Polygon", "coordinates": [ [ [ -50.698785135211679, -26.500262685832567 ], [ -50.739643874687189, -26.524751887749204 ], [ -50.786586147225563, -26.507512237607902 ], [ -50.797735367093082, -26.50997066910832 ], [ -50.784807632945203, -26.501284748502247 ], [ -50.816835378906418, -26.477516149130324 ], [ -50.821602231845226, -26.464480819876297 ], [ -50.809165309683067, -26.45833393508213 ], [ -50.815049620168701, -26.440762195177495 ], [ -50.849384725797101, -26.427847772390702 ], [ -50.841060844297573, -26.408046517230275 ], [ -50.843444270766973, -26.381182712297164 ], [ -50.855691025923598, -26.375835422272974 ], [ -50.870989508740514, -26.385569198928405 ], [ -50.884056698692454, -26.379556117291315 ], [ -50.883156574866241, -26.357894514621716 ], [ -50.89451045065401, -26.347660991235053 ], [ -50.887130159724812, -26.339307160392316 ], [ -50.89804212361399, -26.332371965431786 ], [ -50.883670931338365, -26.328464268410791 ], [ -50.880233436323977, -26.320103989223135 ], [ -50.894063105412407, -26.326157373015974 ], [ -50.900094116159458, -26.321026102546572 ], [ -50.895113551728713, -26.311065021732741 ], [ -50.902207686592433, -26.30727823117898 ], [ -50.888334550759879, -26.303322171571093 ], [ -50.899744571092135, -26.289274452164761 ], [ -50.881961239402862, -26.279265008764035 ], [ -50.868568048870003, -26.241364861501832 ], [ -50.838599539911613, -26.271468959756806 ], [ -50.82448733698638, -26.244822786464717 ], [ -50.780718136768975, -26.225234326686621 ], [ -50.750563083033725, -26.224450852778947 ], [ -50.742108801301825, -26.249235066475634 ], [ -50.715617631873272, -26.244579361444021 ], [ -50.731472126792092, -26.20702420063499 ], [ -50.702262474741509, -26.187895185432382 ], [ -50.691837700609376, -26.201125577120212 ], [ -50.695456307057604, -26.210008172246319 ], [ -50.681318748531638, -26.21201038334371 ], [ -50.687175892302193, -26.220317463685781 ], [ -50.669090104518396, -26.251532289353076 ], [ -50.677499108391842, -26.28549410995592 ], [ -50.656207648228978, -26.306488308926387 ], [ -50.645735785124039, -26.329942551483505 ], [ -50.657145805456295, -26.369490250872548 ], [ -50.639154195618104, -26.377489422744731 ], [ -50.698785135211679, -26.500262685832567 ] ] ] } },
{ "type": "Feature", "properties": { "id": null, "CD_MUN": "4208005", "NM_MUN": "Itá", "SIGLA_UF": "SC", "AREA_KM2": 166.265 }, "geometry": { "type": "Polygon", "coordinates": [ [ [ -52.192650197226918, -27.199559898932868 ], [ -52.196247070303087, -27.212775781844631 ], [ -52.204295662423171, -27.210594629175734 ], [ -52.190044003693885, -27.219881857945516 ], [ -52.208437680915218, -27.220014049016356 ], [ -52.20904078198992, -27.236841005082834 ], [ -52.224418953837727, -27.231629130301947 ], [ -52.235376195585374, -27.251294970219071 ], [ -52.304671241288936, -27.262631160586906 ], [ -52.291046228120756, -27.306832952921336 ], [ -52.299773988117764, -27.31907513575031 ], [ -52.345260124728021, -27.28827784041653 ], [ -52.37755410449698, -27.303855429654924 ], [ -52.381138299772779, -27.260817563578403 ], [ -52.38872143550789, -27.252181617645451 ], [ -52.399689543941562, -27.256569716362922 ], [ -52.398061352151288, -27.292575662305133 ], [ -52.416933163557978, -27.284339513757168 ], [ -52.441993552659156, -27.258220492662222 ], [ -52.430840710562961, -27.215247110034888 ], [ -52.392019474718211, -27.184116112851545 ], [ -52.353513372768354, -27.205639076105381 ], [ -52.357323957336455, -27.223978169055393 ], [ -52.340011515375181, -27.22974782567179 ], [ -52.341148895179728, -27.238166139963717 ], [ -52.321806194045045, -27.240039384162724 ], [ -52.27841551672438, -27.223562250808111 ], [ -52.274146720228643, -27.231722631303274 ], [ -52.268537699122454, -27.226330202864649 ], [ -52.262571888491586, -27.230966562861504 ], [ -52.26085676321307, -27.218316522216394 ], [ -52.248760330546546, -27.210904149731853 ], [ -52.25602471015808, -27.205219933685637 ], [ -52.247646495228395, -27.201968355760165 ], [ -52.249124364528569, -27.187952878078427 ], [ -52.232427701442369, -27.189822898104978 ], [ -52.232411401413323, -27.180501815524369 ], [ -52.213356667458456, -27.18066624831981 ], [ -52.192650197226918, -27.199559898932868 ] ] ] } },
{ "type": "Feature", "properties": { "id": null, "CD_MUN": "4208104", "NM_MUN": "Itaiópolis", "SIGLA_UF": "SC", "AREA_KM2": 1297.543 }, "geometry": { "type": "Polygon", "coordinates": [ [ [ -49.760595307834706, -26.471391833543375 ], [ -49.7576468136917, -26.494936352929361 ], [ -49.734694561680485, -26.522240257403201 ], [ -49.732609969076918, -26.550251867731916 ], [ -49.706692922893652, -26.571826417745104 ], [ -49.694187178386628, -26.572263293113373 ], [ -49.686107797322791, -26.586265874105273 ], [ -49.686263553155896, -26.615950829940502 ], [ -49.675737356620807, -26.623658214205093 ], [ -49.70051521188519, -26.635868155309474 ], [ -49.706850489841095, -26.664252157557268 ], [ -49.687663544539518, -26.691931678122646 ], [ -49.665546216238326, -26.687872444996053 ], [ -49.652062469988543, -26.693237467968771 ], [ -49.701370057852941, -26.704027161104712 ], [ -49.719397889977905, -26.722666102093463 ], [ -49.731784100938583, -26.772355435954072 ], [ -49.746906905664673, -26.78554391339993 ], [ -49.755352131824878, -26.776137390249144 ], [ -49.772240773030958, -26.773874021182529 ], [ -49.776967781454324, -26.756381273503152 ], [ -49.792521631392958, -26.749220386470455 ], [ -49.808981038500825, -26.713941491417877 ], [ -49.82812270594394, -26.707272290685264 ], [ -49.839434926101923, -26.690208357943007 ], [ -49.838138168235588, -26.676294441693749 ], [ -49.855687866175202, -26.653573698371183 ], [ -49.881579556757735, -26.646411199252256 ], [ -49.88144372318235, -26.619466790007657 ], [ -49.896110127095142, -26.602605980130356 ], [ -49.910584552888068, -26.602077215846986 ], [ -49.91308570178947, -26.585032628139487 ], [ -49.93174017947554, -26.572176240456965 ], [ -49.954768498288978, -26.568874687858369 ], [ -49.955518299625098, -26.545138330211042 ], [ -49.994768769568054, -26.505866297567291 ], [ -50.017690232635523, -26.502427717639165 ], [ -50.031710068729495, -26.519190190256452 ], [ -50.092458465869896, -26.522770633772801 ], [ -50.083683616900089, -26.472218833779255 ], [ -50.070125614962429, -26.450063932723346 ], [ -50.076268914798462, -26.433849569424183 ], [ -50.071911373700146, -26.411393208243304 ], [ -50.088749303704745, -26.386492924338071 ], [ -50.086195632487524, -26.35874247197858 ], [ -50.09998726817485, -26.34663409230668 ], [ -50.11175407803178, -26.35280354630806 ], [ -50.11183920040569, -26.339507059084809 ], [ -50.123763577210063, -26.325454503419788 ], [ -50.116528175427945, -26.306591482445093 ], [ -50.127182961081068, -26.292669505764685 ], [ -50.122135385419796, -26.283461269220162 ], [ -50.11286791334993, -26.290077271107194 ], [ -50.088570003385236, -26.271518934429928 ], [ -50.066240774706444, -26.283074368525014 ], [ -50.037811712935742, -26.2635391075925 ], [ -50.031811491132444, -26.268934760203585 ], [ -50.017451165542852, -26.264575679038252 ], [ -50.000227468184157, -26.279930800376938 ], [ -49.980401199521104, -26.278292920767477 ], [ -49.961422532368452, -26.257135901087803 ], [ -49.907596214229613, -26.246584796713872 ], [ -49.899107521325284, -26.230796024179373 ], [ -49.889669804507605, -26.246984594098858 ], [ -49.873503797922567, -26.250803626377213 ], [ -49.850269012074548, -26.240080028776696 ], [ -49.808468493143046, -26.302603181112609 ], [ -49.813794980412439, -26.324932187481338 ], [ -49.798156008099888, -26.334586971911509 ], [ -49.820237114114313, -26.366611064866156 ], [ -49.781758178879535, -26.427075583086634 ], [ -49.814231458968003, -26.469001109664607 ], [ -49.81469148200997, -26.484654466955803 ], [ -49.793503255364399, -26.485645899987119 ], [ -49.792293430986319, -26.478759067613485 ], [ -49.783435270756939, -26.482734472256134 ], [ -49.760595307834706, -26.471391833543375 ] ] ] } },
{ "type": "Feature", "properties": { "id": null, "CD_MUN": "4208203", "NM_MUN": "Itajaí", "SIGLA_UF": "SC", "AREA_KM2": 289.215 }, "geometry": { "type": "Polygon", "coordinates": [ [ [ -48.642217714924996, -26.912695602687855 ], [ -48.631148184088367, -26.92917918438739 ], [ -48.621504000236101, -26.925689017699909 ], [ -48.628252212261174, -26.960055471946429 ], [ -48.637780484795783, -26.954184253897559 ], [ -48.684849535337847, -26.971677001576936 ], [ -48.721256555769436, -27.014629427083282 ], [ -48.750145640582112, -27.024914537229296 ], [ -48.763640253517927, -27.053483929393515 ], [ -48.775834486358733, -27.055518382215503 ], [ -48.784201834602385, -27.09562063926759 ], [ -48.806357196304688, -27.090142770258787 ], [ -48.821624890177851, -27.074470067932836 ], [ -48.835901904507878, -27.074695760005007 ], [ -48.862679230001916, -27.043687281375124 ], [ -48.863720620746527, -27.03353275021372 ], [ -48.853096624037157, -27.026239672110179 ], [ -48.86869031849124, -27.009820573859837 ], [ -48.843193450834491, -26.963624630859169 ], [ -48.800510919220159, -26.966950364751209 ], [ -48.760329536507236, -26.941737336117402 ], [ -48.758922300666256, -26.93601443000167 ], [ -48.786382416265887, -26.915574788694247 ], [ -48.762609729459349, -26.886367010383037 ], [ -48.761178949131967, -26.855726087413544 ], [ -48.743506095417338, -26.856533742614666 ], [ -48.726427287205723, -26.838476764754862 ], [ -48.718387750657328, -26.847312609380307 ], [ -48.723509582006471, -26.875003414549294 ], [ -48.692628271421505, -26.864237902706801 ], [ -48.689616388276654, -26.884440567338444 ], [ -48.667482759946417, -26.882194931220354 ], [ -48.670018320020255, -26.896045976106652 ], [ -48.642217714924996, -26.912695602687855 ] ] ] } },
{ "type": "Feature", "properties": { "id": null, "CD_MUN": "4208302", "NM_MUN": "Itapema", "SIGLA_UF": "SC", "AREA_KM2": 58.21 }, "geometry": { "type": "Polygon", "coordinates": [ [ [ -48.589086864692121, -27.060978518275778 ], [ -48.595250086785882, -27.072598435820058 ], [ -48.588030985032802, -27.079307938708414 ], [ -48.613884642214224, -27.100360172783155 ], [ -48.585580547332874, -27.144992392140935 ], [ -48.602494544139695, -27.145435715854124 ], [ -48.611244037508762, -27.136142038739422 ], [ -48.629947415281968, -27.148959736352431 ], [ -48.646187677554884, -27.14517133371244 ], [ -48.65844892162621, -27.151379477783337 ], [ -48.690031133460167, -27.141390991503599 ], [ -48.660732736806999, -27.124883228510619 ], [ -48.679240514231658, -27.100087730210319 ], [ -48.660031835558023, -27.079960833631478 ], [ -48.644244351869723, -27.084561727731277 ], [ -48.615036510933486, -27.06872136843743 ], [ -48.621096499509946, -27.059946783088719 ], [ -48.612625917749, -27.048130191024406 ], [ -48.589086864692121, -27.060978518275778 ] ] ] } },
{ "type": "Feature", "properties": { "id": null, "CD_MUN": "4208401", "NM_MUN": "Itapiranga", "SIGLA_UF": "SC", "AREA_KM2": 281.782 }, "geometry": { "type": "Polygon", "coordinates": [ [ [ -53.643278526640252, -27.043763049427923 ], [ -53.646455221189896, -27.056451780142549 ], [ -53.639069496917685, -27.061094588484323 ], [ -53.652676398942489, -27.067372052263099 ], [ -53.663012428472037, -27.108319042499595 ], [ -53.648422091361461, -27.111435205181767 ], [ -53.655597726370409, -27.119690698764487 ], [ -53.660706879919189, -27.116023202591727 ], [ -53.655443781651641, -27.121507519945453 ], [ -53.638471829185995, -27.127174003043141 ], [ -53.648605013909645, -27.141524794660668 ], [ -53.640780999967525, -27.155408081271563 ], [ -53.606380694222942, -27.163750627510691 ], [ -53.597587734109744, -27.137338206721921 ], [ -53.579518246355001, -27.155778861104412 ], [ -53.548071868096429, -27.156094830005451 ], [ -53.547789334259633, -27.176366814344977 ], [ -53.5628831611563, -27.172576799618756 ], [ -53.591442623159374, -27.187472476381952 ], [ -53.616944924159135, -27.186689002474278 ], [ -53.630725693160429, -27.21337870209457 ], [ -53.642115791234964, -27.219804477806484 ], [ -53.650820006745569, -27.215506655917885 ], [ -53.650126349953943, -27.178822021672936 ], [ -53.66937306202869, -27.161556578151956 ], [ -53.743654105506018, -27.192445762400833 ], [ -53.772881868699983, -27.147676515713524 ], [ -53.814847199036286, -27.175889636820958 ], [ -53.825056450562144, -27.17425498138396 ], [ -53.82964400318145, -27.172626774291878 ], [ -53.837096738684188, -27.168433738008211 ], [ -53.828669623667359, -27.146022515241764 ], [ -53.798145102607066, -27.145032694296678 ], [ -53.799318704698386, -27.136387075846351 ], [ -53.81746607036969, -27.14018676308995 ], [ -53.824192549022705, -27.13371423687737 ], [ -53.824344682627135, -27.126646850846001 ], [ -53.804565502936882, -27.122692403324344 ], [ -53.817342914594676, -27.100508484716293 ], [ -53.79518936400671, -27.110298684389768 ], [ -53.776802931242734, -27.10344892999942 ], [ -53.804616214138363, -27.082520826564373 ], [ -53.797994780116973, -27.066001778967784 ], [ -53.782507941408859, -27.078663104216503 ], [ -53.772144745164226, -27.073950976166845 ], [ -53.79804911354713, -27.058837667762628 ], [ -53.802433821360523, -27.040027845633517 ], [ -53.772523268060965, -27.066319359955052 ], [ -53.76018414607308, -27.064541228843602 ], [ -53.777250276484331, -27.049260263471485 ], [ -53.78621710357401, -27.027630902526482 ], [ -53.764797054293126, -27.045371911485248 ], [ -53.759709634116405, -27.033977686013138 ], [ -53.748192758038179, -27.03277184551326 ], [ -53.76115128112982, -27.005851617562111 ], [ -53.741009878571873, -27.01477935110265 ], [ -53.731271516774015, -27.003705930790268 ], [ -53.70532187053265, -27.010350950229437 ], [ -53.691441490242745, -27.045557301401672 ], [ -53.678973779136832, -27.044473979455258 ], [ -53.685542690842404, -27.037293747387803 ], [ -53.677092031339178, -27.028075838325904 ], [ -53.643278526640252, -27.043763049427923 ] ] ] } },
{ "type": "Feature", "properties": { "id": null, "CD_MUN": "4208450", "NM_MUN": "Itapoá", "SIGLA_UF": "SC", "AREA_KM2": 245.394 }, "geometry": { "type": "MultiPolygon", "coordinates": [ [ [ [ -48.569363829546361, -26.167729598784021 ], [ -48.621699600584655, -26.207269237741919 ], [ -48.627236177117304, -26.183023460845977 ], [ -48.74511798717856, -26.123382718688916 ], [ -48.744926009058688, -26.116545860988403 ], [ -48.697295513071701, -26.092071167847834 ], [ -48.69229864861191, -26.082609833765236 ], [ -48.706831030063654, -26.070217726916894 ], [ -48.702495222337397, -26.050948460212293 ], [ -48.717047526046876, -26.043568329452345 ], [ -48.71899628507505, -26.030249273021877 ], [ -48.708680177803217, -26.022917504848824 ], [ -48.711608749688494, -26.007572056027517 ], [ -48.647477190963862, -25.956572096062093 ], [ -48.638106485376703, -25.960682915948041 ], [ -48.634062267058937, -25.977746848690295 ], [ -48.621543844751542, -25.9742937599861 ], [ -48.621527544722497, -25.981986635474627 ], [ -48.609967201900155, -25.984374135180936 ], [ -48.61155011583196, -25.979055862708879 ], [ -48.595313475787727, -25.976792493642265 ], [ -48.610409113798738, -26.063712958979718 ], [ -48.60255249979852, -26.071731475886658 ], [ -48.600185373358165, -26.118799557537642 ], [ -48.588829686456059, -26.154487922492585 ], [ -48.569363829546361, -26.167729598784021 ] ] ], [ [ [ -48.590796556627623, -25.976071891097551 ], [ -48.591218546268479, -25.977490526979761 ], [ -48.59199370320534, -25.976974659386229 ], [ -48.590796556627623, -25.976071891097551 ] ] ] ] } },
{ "type": "Feature", "properties": { "id": null, "CD_MUN": "4208500", "NM_MUN": "Ituporanga", "SIGLA_UF": "SC", "AREA_KM2": 336.588 }, "geometry": { "type": "Polygon", "coordinates": [ [ [ -49.458302213603439, -27.357022033513179 ], [ -49.472048571432303, -27.374901681887703 ], [ -49.462837243906925, -27.408165469153051 ], [ -49.469746645108124, -27.425132676721521 ], [ -49.458722392129957, -27.432753008329705 ], [ -49.481459121534904, -27.472473200945334 ], [ -49.465876293766854, -27.460964517350913 ], [ -49.472608205762882, -27.473869267620326 ], [ -49.469453244585296, -27.488340965705092 ], [ -49.445137223477218, -27.502035638227103 ], [ -49.456141554197664, -27.506409228168504 ], [ -49.472785694968053, -27.494965028023273 ], [ -49.480106219124082, -27.525065902105784 ], [ -49.452876115045434, -27.536861537049109 ], [ -49.435735728946312, -27.514696963475817 ], [ -49.41128387426285, -27.526245949225984 ], [ -49.423789618769874, -27.531351426315709 ], [ -49.424631786937255, -27.542208827073299 ], [ -49.381373320963291, -27.52159830462552 ], [ -49.388941967783687, -27.539552108966618 ], [ -49.394498466574063, -27.53559766144496 ], [ -49.395168578879293, -27.543709679353228 ], [ -49.422558061019721, -27.556830449177433 ], [ -49.421054836118806, -27.564857026515526 ], [ -49.409762538218544, -27.558918100845002 ], [ -49.403771371986942, -27.560846155975824 ], [ -49.413073255229243, -27.562110031579973 ], [ -49.429375095389659, -27.583682969506935 ], [ -49.445117301219497, -27.583591080591837 ], [ -49.47339241827143, -27.565319695263472 ], [ -49.470757246908981, -27.555336045242424 ], [ -49.486044863039865, -27.556549946173451 ], [ -49.492342107594673, -27.534524012015922 ], [ -49.541948529324912, -27.510761860988918 ], [ -49.56706868519926, -27.530719488513633 ], [ -49.591573062198535, -27.571429502074352 ], [ -49.618397476665372, -27.576983139135955 ], [ -49.599610787632592, -27.556229141013723 ], [ -49.599911432612778, -27.54986140040608 ], [ -49.616099172569875, -27.547757627876212 ], [ -49.588157300556212, -27.504626260798364 ], [ -49.582394334731255, -27.4769096622497 ], [ -49.637330865959562, -27.452040007982834 ], [ -49.674697776990534, -27.458930064528925 ], [ -49.693497143823677, -27.390671109387444 ], [ -49.651444879999133, -27.3888284948268 ], [ -49.648720964034098, -27.396261824432333 ], [ -49.63345689238961, -27.397122678479036 ], [ -49.610334395630574, -27.387166433923895 ], [ -49.565206859659327, -27.398720255932751 ], [ -49.503998439476959, -27.343738442979763 ], [ -49.495520613258655, -27.318103047753752 ], [ -49.480506475392879, -27.305436886246344 ], [ -49.481920955691209, -27.319582942912692 ], [ -49.458302213603439, -27.357022033513179 ] ] ] } },
{ "type": "Feature", "properties": { "id": null, "CD_MUN": "4208609", "NM_MUN": "Jaborá", "SIGLA_UF": "SC", "AREA_KM2": 182.483 }, "geometry": { "type": "Polygon", "coordinates": [ [ [ -51.676459066281282, -27.116619674496746 ], [ -51.687200785422654, -27.129754953097024 ], [ -51.680438084482866, -27.154824506056382 ], [ -51.694740454413633, -27.148919434196685 ], [ -51.685474793458106, -27.183371329013383 ], [ -51.733902179754011, -27.209720878439192 ], [ -51.754740861332259, -27.202993642602305 ], [ -51.771979047605655, -27.206778821069836 ], [ -51.796019779334287, -27.198747407473057 ], [ -51.803137458684411, -27.184193492990573 ], [ -51.814735834907864, -27.187741694782325 ], [ -51.826855812060799, -27.163365338901773 ], [ -51.822155970352512, -27.145980600999792 ], [ -51.859984715539788, -27.140433412283109 ], [ -51.86744288438554, -27.133901238880025 ], [ -51.864479901327826, -27.126384080790544 ], [ -51.890518292171777, -27.109589366448663 ], [ -51.888641977717135, -27.100461734215632 ], [ -51.879003227207889, -27.103081374339027 ], [ -51.883261157017593, -27.085382279622237 ], [ -51.873971951575662, -27.085614420039327 ], [ -51.85968588167394, -27.101506366092529 ], [ -51.852716713699571, -27.088590331219507 ], [ -51.841451582514395, -27.08677512212477 ], [ -51.844305898711795, -27.09710859485768 ], [ -51.830320473790259, -27.085740162765251 ], [ -51.820828423542423, -27.099510603340057 ], [ -51.814321089724359, -27.090892390355638 ], [ -51.819783410569137, -27.08522751934418 ], [ -51.808190467688696, -27.080338061809247 ], [ -51.811716707305663, -27.087149126130079 ], [ -51.803414559178194, -27.095970461979455 ], [ -51.800089353252794, -27.085209786395652 ], [ -51.781154152844259, -27.08760695861934 ], [ -51.783745857462591, -27.078484162644997 ], [ -51.775775143259054, -27.07093315074469 ], [ -51.770483067162097, -27.081571307775029 ], [ -51.75980473702257, -27.079274084897591 ], [ -51.76212658560447, -27.096778117180577 ], [ -51.754673850101732, -27.104923988899671 ], [ -51.723703794914179, -27.111799536669697 ], [ -51.700405620064316, -27.104620916688472 ], [ -51.676459066281282, -27.116619674496746 ] ] ] } },
{ "type": "Feature", "properties": { "id": null, "CD_MUN": "4208708", "NM_MUN": "Jacinto Machado", "SIGLA_UF": "SC", "AREA_KM2": 430.704 }, "geometry": { "type": "Polygon", "coordinates": [ [ [ -49.706366922312732, -28.96687229969573 ], [ -49.72571324567609, -29.003211947487504 ], [ -49.698865286722857, -29.020490287698323 ], [ -49.798621464484874, -29.068191919237609 ], [ -49.805050920386378, -29.084000036806863 ], [ -49.82172585010052, -29.080055261802581 ], [ -49.834059538745393, -29.092000820765275 ], [ -49.831949590541093, -29.121774441343145 ], [ -49.851480647566973, -29.102793738073675 ], [ -49.875329401175733, -29.094422174282411 ], [ -49.916427207743915, -29.103072628991427 ], [ -49.957590214428286, -29.068238669738271 ], [ -49.94326067778244, -29.063541050464682 ], [ -49.946189249667718, -29.056360818397227 ], [ -49.957456191967239, -29.066565324231757 ], [ -50.004412953420321, -29.072381731348813 ], [ -49.960998731613252, -29.050807181335625 ], [ -49.956286212104601, -29.035189289941485 ], [ -49.940701573222206, -29.022324841827814 ], [ -49.965991973844368, -29.021746102871322 ], [ -49.945419526073877, -28.992167544727259 ], [ -49.94243118741543, -29.001209736390113 ], [ -49.941679574964972, -28.981434274609363 ], [ -49.934422439810788, -28.98568695808353 ], [ -49.920241414540698, -28.978767883985299 ], [ -49.930946911395296, -28.97594995725564 ], [ -49.931904990880341, -28.963158053022308 ], [ -49.95802669298385, -28.962551908599909 ], [ -49.95583705574866, -28.940148746264612 ], [ -49.944981236403976, -28.941664107320609 ], [ -49.949181210554848, -28.924563096595069 ], [ -49.93046515498127, -28.921076154080048 ], [ -49.87925408594716, -28.882332885719666 ], [ -49.841624563337113, -28.88146558332804 ], [ -49.828006794626276, -28.891863539510144 ], [ -49.809412083713376, -28.887236852030668 ], [ -49.808482982057754, -28.894892649535908 ], [ -49.762009788133035, -28.917047550591818 ], [ -49.768345066088948, -28.945265507957945 ], [ -49.739948604376337, -28.961239670408865 ], [ -49.706366922312732, -28.96687229969573 ] ] ] } },
{ "type": "Feature", "properties": { "id": null, "CD_MUN": "4208807", "NM_MUN": "Jaguaruna", "SIGLA_UF": "SC", "AREA_KM2": 326.362 }, "geometry": { "type": "Polygon", "coordinates": [ [ [ -48.945041465657425, -28.594398164218077 ], [ -48.931737019727144, -28.591509305694306 ], [ -48.908712323142389, -28.605792389690187 ], [ -48.871810868496397, -28.597751303576025 ], [ -48.85801198835172, -28.615716392520731 ], [ -48.974578929403265, -28.671480067295164 ], [ -49.184785915095858, -28.801485149209807 ], [ -49.20716766609047, -28.786741008552209 ], [ -49.202187101659725, -28.769843120691618 ], [ -49.207216566177607, -28.762917598248471 ], [ -49.19532841166, -28.75652245217492 ], [ -49.203541815184884, -28.74790746336296 ], [ -49.177613902315585, -28.727538753849647 ], [ -49.173989862524337, -28.698677574077838 ], [ -49.113179887496429, -28.692840209839794 ], [ -49.075677142890072, -28.66897972155277 ], [ -49.085006192847445, -28.655099659114335 ], [ -49.070162299729482, -28.644833894003078 ], [ -49.07834672542495, -28.63864187079448 ], [ -49.071361257421536, -28.627491070343069 ], [ -49.10326584760773, -28.592948898697504 ], [ -49.030105883905904, -28.54990458427606 ], [ -49.026208365849556, -28.535816562713983 ], [ -49.015854225176618, -28.534879940614481 ], [ -48.993682563445269, -28.558666272934932 ], [ -48.971217501191092, -28.552633846263081 ], [ -48.963817288004172, -28.561982334309594 ], [ -48.970929534011276, -28.573452327834502 ], [ -48.945041465657425, -28.594398164218077 ] ] ] } },
{ "type": "Feature", "properties": { "id": null, "CD_MUN": "4208906", "NM_MUN": "Jaraguá do Sul", "SIGLA_UF": "SC", "AREA_KM2": 530.894 }, "geometry": { "type": "Polygon", "coordinates": [ [ [ -49.143362107946757, -26.303267360639282 ], [ -49.146131301770247, -26.326973088648245 ], [ -49.109159213665059, -26.371202286448575 ], [ -49.116508715650504, -26.38278028975088 ], [ -49.107927655914914, -26.388264607104603 ], [ -49.113203431982825, -26.394417940243684 ], [ -49.095680900758289, -26.401216107874681 ], [ -49.073420494424354, -26.432297130384903 ], [ -49.043301662975878, -26.447400766271741 ], [ -49.044078631027077, -26.453978078089257 ], [ -49.027979635672558, -26.456989455166493 ], [ -49.036238317055911, -26.471459541165029 ], [ -49.01474582320148, -26.481196541992919 ], [ -49.028287525110102, -26.488091434797703 ], [ -49.016422915078891, -26.505434258457711 ], [ -49.021597268743854, -26.516331961371044 ], [ -49.053585170189614, -26.515882189312936 ], [ -49.060867660944538, -26.543234456373668 ], [ -49.089874468189208, -26.547843410904619 ], [ -49.090238502171239, -26.569938664770028 ], [ -49.107777333424821, -26.582156666305554 ], [ -49.110666060794657, -26.611035579025891 ], [ -49.130267751279732, -26.622070309268757 ], [ -49.130023250844047, -26.635521556770069 ], [ -49.16352886610543, -26.648690689181169 ], [ -49.175129053443229, -26.613855117841783 ], [ -49.200356065063545, -26.622333079324214 ], [ -49.223139883441291, -26.620514646057018 ], [ -49.221292546816066, -26.611656232224359 ], [ -49.270585645765756, -26.614654712611756 ], [ -49.287329397824756, -26.604301894844088 ], [ -49.299011085307782, -26.571363748997157 ], [ -49.289404934856627, -26.560524081188092 ], [ -49.291368182799509, -26.547137317135974 ], [ -49.254984706854316, -26.507336520208852 ], [ -49.213042921004408, -26.485963480974387 ], [ -49.212323908612049, -26.458616050172346 ], [ -49.199033951596476, -26.44622555541023 ], [ -49.207863133996433, -26.440536503105324 ], [ -49.18544153848638, -26.434689466349901 ], [ -49.187973476331535, -26.390115282096396 ], [ -49.183981780329589, -26.38218381784586 ], [ -49.166654849453607, -26.379915612520556 ], [ -49.15841790144232, -26.359124536415042 ], [ -49.164927046374721, -26.358468417319518 ], [ -49.160328627069383, -26.351028639369069 ], [ -49.16902922035132, -26.342621609680748 ], [ -49.168197918869964, -26.308592081456254 ], [ -49.252537891383064, -26.268470479369409 ], [ -49.227767280576039, -26.267595116546637 ], [ -49.231012797470548, -26.245964143515405 ], [ -49.222652693684246, -26.230381718018318 ], [ -49.209953159943012, -26.232293652286842 ], [ -49.202600035728892, -26.220249756064131 ], [ -49.169565310195495, -26.218026689153263 ], [ -49.175685065545132, -26.265051244476037 ], [ -49.164267800755525, -26.272139587628395 ], [ -49.155395151611437, -26.301365098888137 ], [ -49.143362107946757, -26.303267360639282 ] ] ] } },
{ "type": "Feature", "properties": { "id": null, "CD_MUN": "4208955", "NM_MUN": "Jardinópolis", "SIGLA_UF": "SC", "AREA_KM2": 68.499 }, "geometry": { "type": "Polygon", "coordinates": [ [ [ -52.817209354613908, -26.733966826564245 ], [ -52.859250751752434, -26.74702150085303 ], [ -52.874703179288119, -26.740539302123072 ], [ -52.879042609243051, -26.754408079957898 ], [ -52.917441855446938, -26.783296665195614 ], [ -52.925405325193118, -26.773696691697253 ], [ -52.913100614377669, -26.77177830908381 ], [ -52.923501844023406, -26.760941865447208 ], [ -52.908092883231845, -26.758377036255624 ], [ -52.91531741832793, -26.747282658822254 ], [ -52.897059574681982, -26.741248620064177 ], [ -52.903613997472846, -26.729008049321433 ], [ -52.910389376213004, -26.731453584132012 ], [ -52.913442914987634, -26.717567073348661 ], [ -52.887486024288918, -26.716690098439656 ], [ -52.903713608761464, -26.70588912070011 ], [ -52.88603169947514, -26.705502220004963 ], [ -52.906908414454492, -26.695312222946502 ], [ -52.894196202912887, -26.681938355584219 ], [ -52.916874976659003, -26.681712663512052 ], [ -52.919830715259359, -26.672531832433435 ], [ -52.844856014990405, -26.669473704855534 ], [ -52.843720446300189, -26.683926057905541 ], [ -52.818660057199011, -26.716246774726468 ], [ -52.817209354613908, -26.733966826564245 ] ] ] } },
{ "type": "Feature", "properties": { "id": null, "CD_MUN": "4209003", "NM_MUN": "Joaçaba", "SIGLA_UF": "SC", "AREA_KM2": 241.637 }, "geometry": { "type": "Polygon", "coordinates": [ [ [ -51.608663623249953, -27.042365370666701 ], [ -51.599376228922367, -27.068460210468203 ], [ -51.572432280909197, -27.083607372683247 ], [ -51.556742597395171, -27.108734960746879 ], [ -51.512337696044973, -27.13615815960172 ], [ -51.480420428058409, -27.145061711848815 ], [ -51.480570750548495, -27.162699547288874 ], [ -51.501121464946927, -27.173345764750362 ], [ -51.509497868762274, -27.205385978567303 ], [ -51.535820604557358, -27.203720693491938 ], [ -51.53111351839172, -27.226143200861994 ], [ -51.545843311306356, -27.242077061157172 ], [ -51.548252093376504, -27.234316478046996 ], [ -51.612081196006621, -27.217023629060108 ], [ -51.637478452374751, -27.199385793620053 ], [ -51.668852386059783, -27.201060751212797 ], [ -51.685032881559522, -27.186411723642756 ], [ -51.694740454413633, -27.148919434196685 ], [ -51.680438084482866, -27.154824506056382 ], [ -51.685722916122472, -27.126163224977066 ], [ -51.648955483937527, -27.102818604283573 ], [ -51.643498596435769, -27.08523074351664 ], [ -51.633059333388921, -27.078484162644997 ], [ -51.636029560903985, -27.067254369968325 ], [ -51.621428357107376, -27.058510414257981 ], [ -51.623840761406193, -27.04290219538122 ], [ -51.608663623249953, -27.042365370666701 ] ] ] } },
{ "type": "Feature", "properties": { "id": null, "CD_MUN": "4209102", "NM_MUN": "Joinville", "SIGLA_UF": "SC", "AREA_KM2": 1127.946 }, "geometry": { "type": "Polygon", "coordinates": [ [ [ -49.056883209399942, -26.075976098929679 ], [ -49.046232045975493, -26.089225835652268 ], [ -49.048677050332408, -26.107374702427165 ], [ -49.042021205138589, -26.114047127332242 ], [ -48.975178408249292, -26.125243066198085 ], [ -48.823064726076922, -26.120166606660497 ], [ -48.81742491602698, -26.12878804381738 ], [ -48.793721051565299, -26.131631763926716 ], [ -48.757210797616416, -26.194487006025966 ], [ -48.764011531957308, -26.214947604454373 ], [ -48.741544658588793, -26.260948485021238 ], [ -48.739885677854772, -26.286356576088853 ], [ -48.758125410357337, -26.297705663146527 ], [ -48.723205314797617, -26.341238439695594 ], [ -48.736547794129002, -26.358060559503382 ], [ -48.756689196686942, -26.361366948360669 ], [ -48.765264823079519, -26.351928183485288 ], [ -48.803189557326732, -26.368982443710166 ], [ -48.808506989024437, -26.392161019521989 ], [ -48.824941040531563, -26.399595961213748 ], [ -48.82443936185981, -26.413379298478397 ], [ -48.803636902568336, -26.418799132382929 ], [ -48.827896779131919, -26.452001660371543 ], [ -48.877006955533417, -26.380513696511805 ], [ -48.906196685326272, -26.373507569757166 ], [ -48.923262815737523, -26.379878534537269 ], [ -48.924278850881393, -26.416134353845095 ], [ -48.930498217519641, -26.421209201296453 ], [ -48.974961074528679, -26.395311036014984 ], [ -49.002935546600426, -26.38977835607437 ], [ -49.003763225853099, -26.367660533001743 ], [ -49.020746045004778, -26.350506323430618 ], [ -49.012181285298233, -26.32639596177798 ], [ -48.996393801609933, -26.31173887377679 ], [ -49.027186367592321, -26.307139591763221 ], [ -49.035180626282255, -26.314090907586046 ], [ -49.045346411063989, -26.306797829482505 ], [ -49.063321720873141, -26.312710961773352 ], [ -49.049687652133265, -26.284394667147208 ], [ -49.028966692987019, -26.273090718503965 ], [ -49.033244545054444, -26.261361179096063 ], [ -49.047590381729336, -26.273292229282688 ], [ -49.04483386570621, -26.27925049998797 ], [ -49.057614899592679, -26.278583096288838 ], [ -49.062197018868964, -26.296607832424044 ], [ -49.082812933383579, -26.295039272522466 ], [ -49.085890016644612, -26.320352250502523 ], [ -49.095173788743523, -26.330016707450074 ], [ -49.106909809656699, -26.317579462187297 ], [ -49.103608148217702, -26.295411664441545 ], [ -49.13983043498677, -26.317276389976097 ], [ -49.143383841318816, -26.303238343087145 ], [ -49.155409640526145, -26.301344141767149 ], [ -49.164267800755525, -26.272139587628395 ], [ -49.175685065545132, -26.265051244476037 ], [ -49.169565310195495, -26.218026689153263 ], [ -49.202600035728892, -26.220249756064131 ], [ -49.190990792819406, -26.200222808831533 ], [ -49.176378722336757, -26.207923744751209 ], [ -49.168996620293221, -26.198254451544969 ], [ -49.16998548872202, -26.173520212521403 ], [ -49.182005854586336, -26.168904809645536 ], [ -49.178193458903891, -26.158642268706735 ], [ -49.189264800854858, -26.145647241608451 ], [ -49.160500682931541, -26.132842440685284 ], [ -49.15883083551148, -26.113893979140411 ], [ -49.137635364408567, -26.116923089166175 ], [ -49.13064627417647, -26.100358903155151 ], [ -49.089461534120041, -26.089299991618837 ], [ -49.073349860965159, -26.074866983603588 ], [ -49.056883209399942, -26.075976098929679 ] ] ] } },
{ "type": "Feature", "properties": { "id": null, "CD_MUN": "4209151", "NM_MUN": "José Boiteux", "SIGLA_UF": "SC", "AREA_KM2": 405.552 }, "geometry": { "type": "Polygon", "coordinates": [ [ [ -49.681065655004538, -26.702868071105495 ], [ -49.644283733904885, -26.779774256783536 ], [ -49.629776708053875, -26.782482561649573 ], [ -49.624167686947686, -26.775948776160259 ], [ -49.618180142944752, -26.785258574137259 ], [ -49.579793574541235, -26.776513006340686 ], [ -49.565433248951635, -26.785827640576372 ], [ -49.563227311687399, -26.824756298853178 ], [ -49.548606185633069, -26.85665948534059 ], [ -49.55242944800154, -26.875090467205702 ], [ -49.544379044767112, -26.913019632020042 ], [ -49.577372114670723, -26.95268501370386 ], [ -49.576904847171399, -26.991763596000034 ], [ -49.594862045837168, -27.010676591647851 ], [ -49.62985277485609, -26.996912599417961 ], [ -49.656885467471845, -26.958806105118345 ], [ -49.676108635060189, -26.948795049631393 ], [ -49.68984412620302, -26.92888900886603 ], [ -49.683972493517757, -26.913506482061436 ], [ -49.723308085834624, -26.917807528122498 ], [ -49.771146859970536, -26.893342507499305 ], [ -49.719053778253596, -26.858697162335034 ], [ -49.705664209949411, -26.868577638837376 ], [ -49.705595387604546, -26.846479160799507 ], [ -49.754716430692085, -26.791668228986879 ], [ -49.726995514627717, -26.763706593331285 ], [ -49.719363478805477, -26.722609679075422 ], [ -49.69243220859267, -26.698164003486987 ], [ -49.681065655004538, -26.702868071105495 ] ] ] } },
{ "type": "Feature", "properties": { "id": null, "CD_MUN": "4209177", "NM_MUN": "Jupiá", "SIGLA_UF": "SC", "AREA_KM2": 91.448 }, "geometry": { "type": "Polygon", "coordinates": [ [ [ -52.644954269883605, -26.380873191741046 ], [ -52.666841586663814, -26.393484542316642 ], [ -52.670708315776409, -26.411942929647658 ], [ -52.687703812728458, -26.410488827868395 ], [ -52.69429808003477, -26.415155817503617 ], [ -52.688515191952085, -26.422458568124537 ], [ -52.707104469521973, -26.422115193757591 ], [ -52.715437406593196, -26.43543263810183 ], [ -52.727910551042122, -26.437765326876328 ], [ -52.728714685808399, -26.459908943328632 ], [ -52.740544884667173, -26.462496341727434 ], [ -52.737746713014268, -26.454197321816508 ], [ -52.746316906063825, -26.445456590278624 ], [ -52.74719529651798, -26.458117915527342 ], [ -52.769309002590497, -26.454003871468935 ], [ -52.760479820190533, -26.45120690186026 ], [ -52.761126388009359, -26.442754733757507 ], [ -52.748530087785419, -26.442375893493509 ], [ -52.767311343475178, -26.429345400498171 ], [ -52.757984104632143, -26.413687206948286 ], [ -52.76606167458165, -26.416029568240159 ], [ -52.770859316464211, -26.408425357494274 ], [ -52.762712924169847, -26.408214174198172 ], [ -52.760385642244934, -26.39719878899006 ], [ -52.776781660350956, -26.381730821615292 ], [ -52.75171402679242, -26.344567397760098 ], [ -52.736897300389529, -26.342365287970214 ], [ -52.718891201636623, -26.357301266889156 ], [ -52.678622885435452, -26.352676191495906 ], [ -52.644954269883605, -26.380873191741046 ] ] ] } },
{ "type": "Feature", "properties": { "id": null, "CD_MUN": "4209201", "NM_MUN": "Lacerdópolis", "SIGLA_UF": "SC", "AREA_KM2": 69.036 }, "geometry": { "type": "Polygon", "coordinates": [ [ [ -51.540002467564847, -27.23783727437284 ], [ -51.528681191835176, -27.252413758062541 ], [ -51.542286282745636, -27.26589563520222 ], [ -51.553714414221275, -27.262932620711876 ], [ -51.553440935956175, -27.269369681027403 ], [ -51.525843175666822, -27.270249880108864 ], [ -51.523749527491567, -27.277457517642226 ], [ -51.542945528364832, -27.283311002742568 ], [ -51.5657021800275, -27.274634754653874 ], [ -51.562190429325241, -27.295193690342302 ], [ -51.578115557703264, -27.314680588687921 ], [ -51.583481889488098, -27.293399438368553 ], [ -51.595337443947614, -27.298342094749067 ], [ -51.603478402898965, -27.287928017704665 ], [ -51.597175725001144, -27.271107509983107 ], [ -51.628136724617008, -27.255600852538823 ], [ -51.634714691894267, -27.26150753648475 ], [ -51.648538927639684, -27.235640000841649 ], [ -51.633398011770211, -27.225311364367425 ], [ -51.647559114782581, -27.214208926502909 ], [ -51.651387810494072, -27.220283267416733 ], [ -51.656467986213435, -27.201586291323704 ], [ -51.637478452374751, -27.199385793620053 ], [ -51.612081196006621, -27.217023629060108 ], [ -51.576016476184996, -27.22318341054411 ], [ -51.559529902362051, -27.236236472746668 ], [ -51.548228548890101, -27.234329374736834 ], [ -51.546748868475589, -27.241920688792881 ], [ -51.540002467564847, -27.23783727437284 ] ] ] } },
{ "type": "Feature", "properties": { "id": null, "CD_MUN": "4209300", "NM_MUN": "Lages", "SIGLA_UF": "SC", "AREA_KM2": 2637.66 }, "geometry": { "type": "Polygon", "coordinates": [ [ [ -49.999714922826371, -27.640683114419609 ], [ -50.002281271843962, -27.674485338485706 ], [ -50.012668012574991, -27.672396074731907 ], [ -50.027162360625638, -27.692489117499925 ], [ -50.031286267974295, -27.756654985703989 ], [ -50.045724471480447, -27.77420254431518 ], [ -50.077103838508492, -27.782719195867124 ], [ -50.06656677528737, -27.811233777099531 ], [ -50.071842551355282, -27.840617272809791 ], [ -50.095258448637146, -27.846019373765795 ], [ -50.095948483200097, -27.854810079976801 ], [ -50.107438192563244, -27.857332994926413 ], [ -50.141335008521743, -27.853193157488327 ], [ -50.168985291126909, -27.869051249730706 ], [ -50.19973620147951, -27.863121996577565 ], [ -50.214118260441168, -27.875177177403884 ], [ -50.213011669580375, -27.89730467299389 ], [ -50.205758156654866, -27.910178793624937 ], [ -50.192511666383417, -27.914900594191973 ], [ -50.180967623590121, -27.939741230906705 ], [ -50.1979649316565, -27.975511812259363 ], [ -50.191812576248779, -28.089305755047306 ], [ -50.20136258215544, -28.109148924449705 ], [ -50.172716186664125, -28.160266566709904 ], [ -50.187828124704183, -28.163148976888756 ], [ -50.171069883730468, -28.185237782409246 ], [ -50.183320261115767, -28.191813482140532 ], [ -50.165870174464771, -28.201149073497209 ], [ -50.180158055480831, -28.20827127046039 ], [ -50.192627577701082, -28.201107159255233 ], [ -50.191568075813088, -28.21800988337451 ], [ -50.20321897435236, -28.206015961824924 ], [ -50.218245790018507, -28.207237923187101 ], [ -50.232059159077892, -28.219389829187207 ], [ -50.217532210969154, -28.222277075624746 ], [ -50.218151612072909, -28.236379605962892 ], [ -50.226383126741176, -28.233900217341485 ], [ -50.228853486698824, -28.242882761813838 ], [ -50.216519798053959, -28.250424101196764 ], [ -50.230135755650451, -28.259130978923821 ], [ -50.245224149204105, -28.256940153737546 ], [ -50.248275876864405, -28.264460535999486 ], [ -50.244231658546639, -28.290503789041633 ], [ -50.230934457073708, -28.301354741454304 ], [ -50.25534827835606, -28.303142545083134 ], [ -50.250787892451839, -28.315210622599292 ], [ -50.278142963419839, -28.31160116153081 ], [ -50.276569105059721, -28.326920816972439 ], [ -50.265437996335585, -28.329791942547683 ], [ -50.271501607140728, -28.342964299131243 ], [ -50.335879477415396, -28.367658235999063 ], [ -50.335725532696628, -28.38151895340274 ], [ -50.379433155026526, -28.373935699777839 ], [ -50.387445524859842, -28.387862512716936 ], [ -50.406339069638591, -28.39475740552172 ], [ -50.406364425239325, -28.424150573749355 ], [ -50.417506400649494, -28.423391281135128 ], [ -50.42475629134632, -28.433300775189608 ], [ -50.446598330268067, -28.424102211162463 ], [ -50.456206291833567, -28.410825068973967 ], [ -50.499571613553492, -28.412962695314661 ], [ -50.522728521484964, -28.403248263693985 ], [ -50.531492503768739, -28.406883518142148 ], [ -50.528868199092315, -28.426747644665536 ], [ -50.538010704272828, -28.429605873550944 ], [ -50.564433051356531, -28.414120173227644 ], [ -50.591596144204651, -28.382231495516301 ], [ -50.611560057557426, -28.39326622575917 ], [ -50.625683127168685, -28.392057161086832 ], [ -50.633289807390192, -28.378915434141639 ], [ -50.628450509877844, -28.364596884248702 ], [ -50.665230619863152, -28.337924917576938 ], [ -50.658802975075986, -28.323495133734149 ], [ -50.695224484422283, -28.28851931089277 ], [ -50.695610251776372, -28.269915835801072 ], [ -50.666076410259215, -28.254765449413568 ], [ -50.663580694700826, -28.270944346815675 ], [ -50.672940533601952, -28.284015141966758 ], [ -50.630797714060478, -28.296573293696767 ], [ -50.629750889972854, -28.286649290866222 ], [ -50.602634886097526, -28.277187956783624 ], [ -50.600653527011261, -28.268610045954947 ], [ -50.598456645318713, -28.273636530819413 ], [ -50.588805217009096, -28.265919474037439 ], [ -50.581256492446421, -28.275077735908837 ], [ -50.574117079724239, -28.254214115922984 ], [ -50.564864096569082, -28.260478683011922 ], [ -50.560919489539927, -28.251494526453339 ], [ -50.544327871085358, -28.250604654854499 ], [ -50.546975720248177, -28.237130838145969 ], [ -50.535828311494996, -28.233877648134268 ], [ -50.540019230074179, -28.223479691952164 ], [ -50.518718714339627, -28.219523632344277 ], [ -50.512406980870111, -28.211300380486154 ], [ -50.518099313235872, -28.207273389084154 ], [ -50.504669900416239, -28.193228893850282 ], [ -50.522889710661083, -28.158754429826367 ], [ -50.516523643761417, -28.144381069001621 ], [ -50.525238725958054, -28.137613531008991 ], [ -50.522043920265027, -28.129169423337384 ], [ -50.472852243718293, -28.083294285496443 ], [ -50.446475174493052, -28.081061546068192 ], [ -50.420134327554585, -28.047164208914541 ], [ -50.400878559908151, -28.046782144478083 ], [ -50.389283805913372, -28.02171903986364 ], [ -50.41413772797997, -28.005229009819189 ], [ -50.399404312836651, -27.985385840416786 ], [ -50.403774531735337, -27.97702878540159 ], [ -50.371451574136962, -27.962800512337523 ], [ -50.371638118913822, -27.937044210644277 ], [ -50.354620888589714, -27.925490388635421 ], [ -50.37301999915406, -27.90674343786927 ], [ -50.379779077865166, -27.881151568971461 ], [ -50.415968764576142, -27.869378503235353 ], [ -50.412746792168036, -27.861019836133927 ], [ -50.42484141372023, -27.868901325711338 ], [ -50.428318753250061, -27.859701149597964 ], [ -50.436974068673528, -27.87387138755776 ], [ -50.442344022687045, -27.862088649304273 ], [ -50.455465546069135, -27.866823346561148 ], [ -50.464044794690395, -27.863781339845545 ], [ -50.458584284959954, -27.855924031561582 ], [ -50.467395356216528, -27.855827306387795 ], [ -50.532061193671012, -27.874748362466761 ], [ -50.576377350418632, -27.840418986203527 ], [ -50.605224779601514, -27.832843793009776 ], [ -50.61104751219964, -27.823177723975995 ], [ -50.605777169474742, -27.817467714550101 ], [ -50.619947328058807, -27.808475497560373 ], [ -50.610935223110658, -27.803207199761438 ], [ -50.610207155146604, -27.790753833636366 ], [ -50.630574946996845, -27.785807953083388 ], [ -50.627026974007819, -27.774320226609952 ], [ -50.614743996564428, -27.773688288807879 ], [ -50.627320374530647, -27.764865340872273 ], [ -50.614689663134271, -27.755487835273627 ], [ -50.640134008475208, -27.759535783796611 ], [ -50.628124509296924, -27.73142261203542 ], [ -50.644616516462875, -27.726026959424335 ], [ -50.639525474057486, -27.714352230948247 ], [ -50.628548310052118, -27.707595977559222 ], [ -50.623754290398232, -27.718977306341493 ], [ -50.604596322926071, -27.729036724415341 ], [ -50.594743860924886, -27.709021061786352 ], [ -50.586097601073106, -27.714365127638082 ], [ -50.581242003531713, -27.708102172635375 ], [ -50.574399613561035, -27.715674141656667 ], [ -50.581754548889499, -27.730777777543508 ], [ -50.57434165790221, -27.724234319536816 ], [ -50.567770935082301, -27.73320880357802 ], [ -50.553993788309683, -27.724925904529393 ], [ -50.551023560794619, -27.734875700739618 ], [ -50.542594634663459, -27.735062702742272 ], [ -50.556337370263641, -27.752716659044626 ], [ -50.542188945051642, -27.751691372202487 ], [ -50.544481815804126, -27.76406735818853 ], [ -50.523661245369262, -27.766342011858757 ], [ -50.529585400370344, -27.776291808068979 ], [ -50.513988083687586, -27.787042811135404 ], [ -50.495360772716587, -27.776915685439903 ], [ -50.495409672803731, -27.768589260063074 ], [ -50.433706818406961, -27.774366977110617 ], [ -50.405982280113911, -27.747691786266394 ], [ -50.394496192979439, -27.749532788740805 ], [ -50.390337874458353, -27.730062011257484 ], [ -50.378312075251024, -27.729401055903274 ], [ -50.368340079703493, -27.746809975098703 ], [ -50.357178182035611, -27.737880629471931 ], [ -50.352943796712303, -27.746856725599365 ], [ -50.34284502316109, -27.740516390457628 ], [ -50.326738783349221, -27.749669816070337 ], [ -50.30900797397576, -27.748562312830476 ], [ -50.295957084052866, -27.707752349923513 ], [ -50.3102485872976, -27.677985177690566 ], [ -50.273106254444599, -27.675855611781021 ], [ -50.194326402950551, -27.632693615064806 ], [ -50.1835901171522, -27.642441900496305 ], [ -50.184432285319581, -27.652156332116977 ], [ -50.162110301098139, -27.66701815506935 ], [ -50.150540902704101, -27.6530236345086 ], [ -50.136709422501333, -27.707670133525795 ], [ -50.133862350761284, -27.694438129751735 ], [ -50.10462009865261, -27.67586850847086 ], [ -50.07854005217888, -27.624550967518168 ], [ -50.068256544965145, -27.627149650520579 ], [ -50.05471484305653, -27.617968819441963 ], [ -50.049748767540493, -27.579446406895062 ], [ -50.034231139888618, -27.58422463048014 ], [ -50.024911145502941, -27.569559482047801 ], [ -50.012510445627548, -27.578153513738776 ], [ -50.029639965040637, -27.592573625064187 ], [ -50.013041102128717, -27.60653590390034 ], [ -50.021515306118339, -27.613972457678333 ], [ -50.012559345714685, -27.624710564054919 ], [ -50.023710376696542, -27.63183114893187 ], [ -50.007979037552737, -27.631937546623035 ], [ -49.999714922826371, -27.640683114419609 ] ] ] } },
{ "type": "Feature", "properties": { "id": null, "CD_MUN": "4209409", "NM_MUN": "Laguna", "SIGLA_UF": "SC", "AREA_KM2": 333.26 }, "geometry": { "type": "MultiPolygon", "coordinates": [ [ [ [ -48.85801198835172, -28.615716392520731 ], [ -48.871810868496397, -28.597751303576025 ], [ -48.908712323142389, -28.605792389690187 ], [ -48.931737019727144, -28.591509305694306 ], [ -48.945041465657425, -28.594398164218077 ], [ -48.902109000264389, -28.531954004107423 ], [ -48.92339683819857, -28.512663780281837 ], [ -48.896001922715122, -28.52402415194312 ], [ -48.897494280930005, -28.513634256192166 ], [ -48.925204330308347, -28.493692749529746 ], [ -48.914125743900023, -28.467209396946867 ], [ -48.890389279380251, -28.468971407196019 ], [ -48.88211429796786, -28.445934694972419 ], [ -48.864318288478216, -28.446498925152842 ], [ -48.852194689096606, -28.426994293858694 ], [ -48.823504826861168, -28.426549358059273 ], [ -48.831189384999227, -28.385138086988601 ], [ -48.802883479003533, -28.355182300666769 ], [ -48.761425260681996, -28.357063605296926 ], [ -48.752545367080558, -28.342009944083209 ], [ -48.755033838181596, -28.324854122425855 ], [ -48.706329351391908, -28.341421532609338 ], [ -48.738592542217113, -28.383746856572298 ], [ -48.746930912631356, -28.415301832434075 ], [ -48.738266541636193, -28.423363875669221 ], [ -48.765101822789056, -28.459929215533165 ], [ -48.76322731944876, -28.491406811255914 ], [ -48.760324103164216, -28.495272594034933 ], [ -48.750779530600568, -28.494198944605898 ], [ -48.74813530366643, -28.494750278096486 ], [ -48.744531186132903, -28.496744428762728 ], [ -48.761390849509567, -28.517774093630248 ], [ -48.761494083026861, -28.535486085036879 ], [ -48.784120334457157, -28.550736420770626 ], [ -48.786266504948223, -28.569148057600984 ], [ -48.795577443762213, -28.568540301092355 ], [ -48.813056508242632, -28.585041615740415 ], [ -48.813605275887184, -28.606308257283715 ], [ -48.85801198835172, -28.615716392520731 ] ] ], [ [ [ -48.821103289248377, -28.610472276015248 ], [ -48.821849468355822, -28.610362654151622 ], [ -48.821690090294034, -28.609903209576132 ], [ -48.821103289248377, -28.610472276015248 ] ] ], [ [ [ -48.756317918247561, -28.540731813628593 ], [ -48.75609334006959, -28.541254129567044 ], [ -48.756687385572604, -28.540965566131909 ], [ -48.756317918247561, -28.540731813628593 ] ] ], [ [ [ -48.758561888912901, -28.538547436787237 ], [ -48.759210267846072, -28.540412620555095 ], [ -48.760229925218617, -28.539135848261107 ], [ -48.758561888912901, -28.538547436787237 ] ] ], [ [ [ -48.710255847277672, -28.446492476807922 ], [ -48.707673198231035, -28.448015898295068 ], [ -48.710331914079887, -28.448194839866574 ], [ -48.710255847277672, -28.446492476807922 ] ] ] ] } },
{ "type": "Feature", "properties": { "id": null, "CD_MUN": "4209458", "NM_MUN": "Lajeado Grande", "SIGLA_UF": "SC", "AREA_KM2": 65.348 }, "geometry": { "type": "Polygon", "coordinates": [ [ [ -52.534798673590188, -26.808959465887533 ], [ -52.528535840207816, -26.830195477792468 ], [ -52.480814788503906, -26.844738107671343 ], [ -52.470471514517001, -26.856770719290445 ], [ -52.526815281586288, -26.877558571223499 ], [ -52.552634527595274, -26.874966336566008 ], [ -52.557269169187379, -26.885473914611737 ], [ -52.587692267844723, -26.893302205343563 ], [ -52.60735191398863, -26.885520665112399 ], [ -52.620801249065991, -26.86484565921543 ], [ -52.605033687635412, -26.860636502069465 ], [ -52.602614038879238, -26.843819218520366 ], [ -52.577579005378794, -26.843390403583243 ], [ -52.573056652875678, -26.834831837789324 ], [ -52.568697300663018, -26.845054076572378 ], [ -52.555490654907018, -26.844871910828413 ], [ -52.555945244605972, -26.802262859689012 ], [ -52.534798673590188, -26.808959465887533 ] ] ] } },
{ "type": "Feature", "properties": { "id": null, "CD_MUN": "4209508", "NM_MUN": "Laurentino", "SIGLA_UF": "SC", "AREA_KM2": 79.333 }, "geometry": { "type": "Polygon", "coordinates": [ [ [ -49.690842050203507, -27.244890151628145 ], [ -49.737184843895854, -27.262814938417105 ], [ -49.754216563134669, -27.245296397358047 ], [ -49.792575964823115, -27.253890429049022 ], [ -49.803341228450883, -27.239281703634727 ], [ -49.788765380255008, -27.241356458612458 ], [ -49.777148892888171, -27.224634288150916 ], [ -49.766063062022496, -27.221780895524201 ], [ -49.769868213247584, -27.212048730954997 ], [ -49.757932969757178, -27.202145685245441 ], [ -49.751677380832163, -27.175093266223445 ], [ -49.760269307253779, -27.176200769463307 ], [ -49.755006208986238, -27.152574033679606 ], [ -49.717354953004126, -27.143897785590912 ], [ -49.705649721034703, -27.160171796080572 ], [ -49.70543238731409, -27.185755604547232 ], [ -49.684798361656092, -27.198678087765177 ], [ -49.69937964319498, -27.206401592892067 ], [ -49.690320449274033, -27.209846621165113 ], [ -49.69942129882476, -27.216989775249285 ], [ -49.690842050203507, -27.244890151628145 ] ] ] } },
{ "type": "Feature", "properties": { "id": null, "CD_MUN": "4209607", "NM_MUN": "Lauro Müller", "SIGLA_UF": "SC", "AREA_KM2": 271.852 }, "geometry": { "type": "Polygon", "coordinates": [ [ [ -49.335524961485341, -28.417865049539433 ], [ -49.363343677723989, -28.411834234953812 ], [ -49.367373407127047, -28.437484138955895 ], [ -49.397977617218231, -28.464820285154328 ], [ -49.434725127145455, -28.457836727606907 ], [ -49.468261531350592, -28.437493811473271 ], [ -49.476330045728403, -28.4436713259058 ], [ -49.530598275765826, -28.439586299399529 ], [ -49.53575814051608, -28.429446277014193 ], [ -49.550864645213117, -28.441277377854572 ], [ -49.560872863047408, -28.435302986286995 ], [ -49.55753860155032, -28.425938377378188 ], [ -49.567103096371689, -28.414002490932869 ], [ -49.544201555561948, -28.401716781775693 ], [ -49.552766315268492, -28.400528674224343 ], [ -49.542145940787805, -28.382194417533018 ], [ -49.551139934592562, -28.384623831481299 ], [ -49.55883354830231, -28.372637970362863 ], [ -49.550270599710103, -28.366877986263848 ], [ -49.551226868080811, -28.352957621669667 ], [ -49.530270464070561, -28.34520509899064 ], [ -49.546005425443049, -28.345051950798812 ], [ -49.53458453842476, -28.33196825895789 ], [ -49.53390718166218, -28.308275427638765 ], [ -49.483076446639146, -28.30424037580562 ], [ -49.457898335105966, -28.321322041496401 ], [ -49.432816212632723, -28.316013441541724 ], [ -49.406038887138685, -28.335751825339191 ], [ -49.360788195392431, -28.341010450620743 ], [ -49.358489891296934, -28.363087971537627 ], [ -49.340389614598429, -28.365361013121621 ], [ -49.339105534532465, -28.401294415183489 ], [ -49.333264690790955, -28.404446043762714 ], [ -49.342729574323712, -28.409712729475416 ], [ -49.335524961485341, -28.417865049539433 ] ] ] } },
{ "type": "Feature", "properties": { "id": null, "CD_MUN": "4209706", "NM_MUN": "Lebon Régis", "SIGLA_UF": "SC", "AREA_KM2": 941.64 }, "geometry": { "type": "Polygon", "coordinates": [ [ [ -50.806591716208125, -26.655189008773426 ], [ -50.783146841096844, -26.682372006780032 ], [ -50.756508971406873, -26.692265379972213 ], [ -50.749965415302036, -26.681607877907116 ], [ -50.720058484231153, -26.687277585177263 ], [ -50.718497303671413, -26.676334743849495 ], [ -50.703925077704213, -26.674372834907846 ], [ -50.702477997347785, -26.660613678936645 ], [ -50.6759288722604, -26.661884002885717 ], [ -50.653270020772005, -26.685800914190779 ], [ -50.649539125234796, -26.713420787565656 ], [ -50.63574748954747, -26.713285372322353 ], [ -50.603020653451615, -26.740236229911872 ], [ -50.59089886518435, -26.739223839759568 ], [ -50.584034741841613, -26.755198002210491 ], [ -50.573609967709473, -26.75557361830203 ], [ -50.561538890643682, -26.770952920934164 ], [ -50.549002357192904, -26.766919481187244 ], [ -50.545300439485104, -26.775110491320774 ], [ -50.518811081170888, -26.784707240646672 ], [ -50.506323447807247, -26.807822945095534 ], [ -50.484818276152453, -26.817734051236243 ], [ -50.512406980870111, -26.826158813873089 ], [ -50.51994483874676, -26.821741697603485 ], [ -50.541837588869981, -26.834760905995214 ], [ -50.552879952991532, -26.828580167390225 ], [ -50.587327347708921, -26.861479623167639 ], [ -50.574325357873164, -26.870634660866578 ], [ -50.588452049713098, -26.874490771128222 ], [ -50.583437074109924, -26.894034092491886 ], [ -50.590286708537953, -26.891811025581013 ], [ -50.59975159207071, -26.90871536178652 ], [ -50.591056432131793, -26.92842472803185 ], [ -50.619154059978563, -26.953713524718459 ], [ -50.609078830913745, -26.969436201717535 ], [ -50.613742450335259, -26.975202634161469 ], [ -50.603026086794635, -26.973248785650974 ], [ -50.601167883483377, -26.984841297729346 ], [ -50.605735513844962, -26.992414878836868 ], [ -50.625152470667516, -26.99015312185648 ], [ -50.618507492159736, -27.001192688358039 ], [ -50.631364592848414, -27.00949493244142 ], [ -50.636897547152387, -27.029160772358548 ], [ -50.656341670690026, -27.027393925850703 ], [ -50.650372237830481, -27.04155287920689 ], [ -50.663754561677315, -27.058823158986559 ], [ -50.657383061434636, -27.065176390818134 ], [ -50.672161754436416, -27.069487109396576 ], [ -50.658708797130387, -27.089491487421956 ], [ -50.675343882329081, -27.081026422629364 ], [ -50.691345077509318, -27.083942686619043 ], [ -50.68868273943179, -27.093758679672192 ], [ -50.719277893951286, -27.099428386942339 ], [ -50.722577744275945, -27.091326041551447 ], [ -50.713217905374819, -27.090710224611673 ], [ -50.713842739821587, -27.084250595088932 ], [ -50.734473143250909, -27.068044292220918 ], [ -50.731200459641322, -27.056811275371789 ], [ -50.720639851933797, -27.060465874854707 ], [ -50.73129463758692, -27.047802937519762 ], [ -50.72917744492527, -27.039571625230487 ], [ -50.750829316841482, -27.031559556668466 ], [ -50.733659952912944, -27.020137925730449 ], [ -50.750365671570833, -27.009764150841796 ], [ -50.744280327393632, -27.000455964951026 ], [ -50.759408565462735, -27.002777369121915 ], [ -50.766604122729412, -26.988194437087294 ], [ -50.764385507664805, -26.99774121174007 ], [ -50.781455260304725, -26.991863545346281 ], [ -50.776534462647149, -26.999646697663675 ], [ -50.784608410367973, -26.998053956468649 ], [ -50.781451638076049, -27.003722051652566 ], [ -50.802092908191405, -27.01375245217428 ], [ -50.797661111405212, -26.998260303506061 ], [ -50.825057838002998, -26.990201484443375 ], [ -50.822275966379131, -26.97714519806836 ], [ -50.833617164366522, -26.967327592928982 ], [ -50.834033720664372, -26.941676076840668 ], [ -50.847988356642155, -26.923170939008987 ], [ -50.838356850590259, -26.902494321025788 ], [ -50.851011106473031, -26.85278886630288 ], [ -50.831277204641246, -26.830266409586578 ], [ -50.819988528969667, -26.797907002696139 ], [ -50.796391520253955, -26.777780106117294 ], [ -50.800086193504399, -26.768467083967835 ], [ -50.783376852617828, -26.75736142193086 ], [ -50.811291557916412, -26.743126700521874 ], [ -50.82899882280347, -26.721191043193212 ], [ -50.830259358383032, -26.696011868370228 ], [ -50.807046305907079, -26.667023333786265 ], [ -50.806591716208125, -26.655189008773426 ] ] ] } },
{ "type": "Feature", "properties": { "id": null, "CD_MUN": "4209805", "NM_MUN": "Leoberto Leal", "SIGLA_UF": "SC", "AREA_KM2": 293.6 }, "geometry": { "type": "Polygon", "coordinates": [ [ [ -49.188073087620154, -27.40757705767918 ], [ -49.202134579343905, -27.407539979695894 ], [ -49.220747401400189, -27.419909517337022 ], [ -49.214292589897944, -27.432348374686029 ], [ -49.22365242879907, -27.442157919394262 ], [ -49.218968887119829, -27.46759180384155 ], [ -49.22610105538466, -27.475639338300631 ], [ -49.217947418632946, -27.483743295777749 ], [ -49.243065763392956, -27.50255472999309 ], [ -49.262767065166649, -27.571937309236734 ], [ -49.226570133998322, -27.619535767257315 ], [ -49.209194303035197, -27.629274380171434 ], [ -49.201390211350798, -27.64671876526392 ], [ -49.213937611487609, -27.655216071781105 ], [ -49.260526716729984, -27.653666856914285 ], [ -49.283602124516221, -27.64292230219278 ], [ -49.286697318920638, -27.626127587850895 ], [ -49.306117897971873, -27.60089843835479 ], [ -49.300715343900265, -27.583720047490218 ], [ -49.313088877060579, -27.583666848644636 ], [ -49.328112070498051, -27.557123848871253 ], [ -49.319070987720494, -27.546353500770074 ], [ -49.32624118938643, -27.524627414651285 ], [ -49.292498318146706, -27.47376609410162 ], [ -49.301785712474292, -27.451483838233557 ], [ -49.294597399664973, -27.444156906319193 ], [ -49.295923135360717, -27.429295083366821 ], [ -49.311112951317327, -27.396094167464433 ], [ -49.278710304688055, -27.334046580566305 ], [ -49.224081662897284, -27.321230495039529 ], [ -49.21124991780934, -27.330348454755182 ], [ -49.194109531710218, -27.33023399663287 ], [ -49.16140442898643, -27.371171314351987 ], [ -49.181123841903506, -27.384953039530401 ], [ -49.188073087620154, -27.40757705767918 ] ] ] } },
{ "type": "Feature", "properties": { "id": null, "CD_MUN": "4209854", "NM_MUN": "Lindóia do Sul", "SIGLA_UF": "SC", "AREA_KM2": 190.171 }, "geometry": { "type": "Polygon", "coordinates": [ [ [ -52.000293554454117, -27.05359999960206 ], [ -51.99669487026361, -27.135232822105827 ], [ -52.013550911411592, -27.125621564003858 ], [ -52.01805153054265, -27.139435530906873 ], [ -52.046413581082831, -27.140510792422138 ], [ -52.047485760771195, -27.118002844481904 ], [ -52.053489604803168, -27.115115598044362 ], [ -52.045002723013177, -27.11028095144124 ], [ -52.047395205054272, -27.097851766609612 ], [ -52.064336368576164, -27.099852365620773 ], [ -52.063977767937153, -27.080795894298504 ], [ -52.083427324817805, -27.080921637024428 ], [ -52.095576279800149, -27.054647855651421 ], [ -52.119307310976907, -27.056580747040929 ], [ -52.127234558436314, -27.006962344974433 ], [ -52.106323432284533, -26.99656116461987 ], [ -52.118504987324968, -26.982120096173471 ], [ -52.109308148714305, -26.954416394314645 ], [ -52.093301520191055, -26.945417728979997 ], [ -52.081757477397751, -26.951635545568269 ], [ -52.071959348826717, -26.941730887772483 ], [ -52.067067528998557, -26.959625044923076 ], [ -52.055155829994547, -26.960656780110138 ], [ -52.055563330720695, -26.95110194502621 ], [ -52.042347629393007, -26.95713759587052 ], [ -52.040605337399413, -26.946141555697167 ], [ -52.03181418840056, -26.942391843126693 ], [ -52.023805440795918, -26.949633334470878 ], [ -52.013617922642119, -26.941635774684926 ], [ -51.997642083062615, -26.983301755379902 ], [ -52.006924044047189, -26.984643011123083 ], [ -52.004364939486955, -26.999980399513241 ], [ -52.019938711683317, -27.019497927497227 ], [ -52.006355354144915, -27.02118255760735 ], [ -52.00771912324177, -27.03627007263189 ], [ -51.995432523569704, -27.039254044243219 ], [ -52.000293554454117, -27.05359999960206 ] ] ] } },
{ "type": "Feature", "properties": { "id": null, "CD_MUN": "4209904", "NM_MUN": "Lontras", "SIGLA_UF": "SC", "AREA_KM2": 197.586 }, "geometry": { "type": "Polygon", "coordinates": [ [ [ -49.447096849191425, -27.255442868088306 ], [ -49.451396434630915, -27.270738342236488 ], [ -49.490991016298182, -27.300802138335715 ], [ -49.511742764388188, -27.276338729798756 ], [ -49.531083654408526, -27.270277285574771 ], [ -49.552012891703697, -27.237213397001916 ], [ -49.543379309652288, -27.218555110978404 ], [ -49.575923223199958, -27.170574588521365 ], [ -49.572159727604657, -27.143122372114384 ], [ -49.590310715504636, -27.142717738470708 ], [ -49.592029463011826, -27.128012287882626 ], [ -49.545443979998126, -27.115181693579782 ], [ -49.517808186307668, -27.135855087390521 ], [ -49.518087097915789, -27.113626030368042 ], [ -49.500099110306266, -27.107409825865997 ], [ -49.517507541327483, -27.080410605689586 ], [ -49.495573135574475, -27.078809804063411 ], [ -49.469406155612496, -27.101314527831185 ], [ -49.456139743083327, -27.153189850619381 ], [ -49.463509167326492, -27.170892169508633 ], [ -49.440301548193553, -27.186922754977598 ], [ -49.456706621871263, -27.199281008015113 ], [ -49.462755743761697, -27.223842753812093 ], [ -49.447096849191425, -27.255442868088306 ] ] ] } },
{ "type": "Feature", "properties": { "id": null, "CD_MUN": "4210001", "NM_MUN": "Luiz Alves", "SIGLA_UF": "SC", "AREA_KM2": 260.106 }, "geometry": { "type": "Polygon", "coordinates": [ [ [ -48.801628376766985, -26.681190347573601 ], [ -48.806764697030843, -26.69776743027446 ], [ -48.800706519568713, -26.713204768010865 ], [ -48.824267305997658, -26.752554180793645 ], [ -48.809961313838215, -26.769755140865435 ], [ -48.810517325940118, -26.790862185871987 ], [ -48.794621175391512, -26.804840585570435 ], [ -48.813920409782071, -26.813226658137769 ], [ -48.811118615900483, -26.819905531387761 ], [ -48.818502529058357, -26.823078117087974 ], [ -48.898448738186374, -26.76270871195505 ], [ -48.969886332152328, -26.789446774162236 ], [ -48.987224129714342, -26.808788584747177 ], [ -49.000485108900499, -26.802706183402204 ], [ -49.001086398860863, -26.786048496389853 ], [ -49.021653413288341, -26.788964760379532 ], [ -49.036196661426125, -26.772527929180661 ], [ -49.014584634025361, -26.763488961690264 ], [ -49.012916597719645, -26.745598028712131 ], [ -48.995410366524155, -26.747374547737351 ], [ -48.989890090020545, -26.736855685088017 ], [ -48.980064794734439, -26.736547776618128 ], [ -48.937014606909401, -26.693637265353757 ], [ -48.917751594805608, -26.644932916179545 ], [ -48.909724736057584, -26.651911637468277 ], [ -48.900783264568638, -26.64838278071128 ], [ -48.898590005104772, -26.658476052595955 ], [ -48.885359814862369, -26.658222955057877 ], [ -48.879712760355069, -26.641736149185885 ], [ -48.841592425759302, -26.626800170266943 ], [ -48.831446563235289, -26.639935448867217 ], [ -48.817180415591288, -26.638450717449587 ], [ -48.801628376766985, -26.681190347573601 ] ] ] } },
{ "type": "Feature", "properties": { "id": null, "CD_MUN": "4210035", "NM_MUN": "Luzerna", "SIGLA_UF": "SC", "AREA_KM2": 117.099 }, "geometry": { "type": "Polygon", "coordinates": [ [ [ -51.464900989292197, -27.058473336274695 ], [ -51.449160594576696, -27.074245987946895 ], [ -51.434814757901812, -27.06492812953875 ], [ -51.429703793238694, -27.075366387876596 ], [ -51.435577237038295, -27.08202591609183 ], [ -51.426796954725475, -27.080986120473618 ], [ -51.435584481495653, -27.129018229690011 ], [ -51.475265996651167, -27.133609451272434 ], [ -51.484564257664786, -27.145127807384235 ], [ -51.556742597395171, -27.108734960746879 ], [ -51.570070587811848, -27.086028726200382 ], [ -51.591184558769541, -27.078792071114883 ], [ -51.602264956292203, -27.059387389166982 ], [ -51.594578587039805, -27.049345704041663 ], [ -51.542474638636833, -27.056034249809034 ], [ -51.518729118545373, -27.045597603557418 ], [ -51.505337739126851, -27.049405351232167 ], [ -51.503120935176582, -27.058271825495972 ], [ -51.489532144295168, -27.048597696031045 ], [ -51.49577686653415, -27.054989617932133 ], [ -51.491287114089126, -27.06179100973559 ], [ -51.479866227070836, -27.052013706751953 ], [ -51.482008775333227, -27.044996295393709 ], [ -51.47574231972218, -27.053869218002436 ], [ -51.466636036828433, -27.050119505431958 ], [ -51.474045305587047, -27.060135397177604 ], [ -51.464900989292197, -27.058473336274695 ] ] ] } },
{ "type": "Feature", "properties": { "id": null, "CD_MUN": "4210050", "NM_MUN": "Macieira", "SIGLA_UF": "SC", "AREA_KM2": 261.208 }, "geometry": { "type": "Polygon", "coordinates": [ [ [ -51.271175144079521, -26.868912952773172 ], [ -51.289673865932485, -26.881010047841464 ], [ -51.324858384185625, -26.865872558143799 ], [ -51.337295306347784, -26.876554241502344 ], [ -51.436479171978846, -26.855774450000439 ], [ -51.426012742216926, -26.83232343161578 ], [ -51.461601138967538, -26.812446408402554 ], [ -51.469720364546824, -26.802548198951683 ], [ -51.467976261438892, -26.785940486612457 ], [ -51.447789581022491, -26.772416695230806 ], [ -51.411723050086529, -26.720944394000057 ], [ -51.378722735725567, -26.737103946367402 ], [ -51.335183547029146, -26.73540641956744 ], [ -51.285750992275396, -26.765231626904662 ], [ -51.255438371592703, -26.773883693699908 ], [ -51.2382472742921, -26.801616413110871 ], [ -51.236649871445586, -26.814277738359586 ], [ -51.243999373431031, -26.817147251848603 ], [ -51.234911201680674, -26.825957303094366 ], [ -51.276843931958886, -26.850565799392008 ], [ -51.282088919083044, -26.863244857589255 ], [ -51.27169855612334, -26.859575749330268 ], [ -51.271175144079521, -26.868912952773172 ] ] ] } },
{ "type": "Feature", "properties": { "id": null, "CD_MUN": "4210100", "NM_MUN": "Mafra", "SIGLA_UF": "SC", "AREA_KM2": 1404.084 }, "geometry": { "type": "Polygon", "coordinates": [ [ [ -49.603122538334851, -26.226712609759332 ], [ -49.611819509388106, -26.225950092972646 ], [ -49.617687519844694, -26.234702109114139 ], [ -49.613067367167304, -26.240176753950482 ], [ -49.621885682881228, -26.241480931710377 ], [ -49.616825429419592, -26.252630120075558 ], [ -49.62690790294176, -26.271778480312925 ], [ -49.620199535432128, -26.279668030321481 ], [ -49.633129080694353, -26.288054102888815 ], [ -49.617504597296509, -26.292221345792804 ], [ -49.632093123292755, -26.294429903927607 ], [ -49.633849904201057, -26.305901509538746 ], [ -49.610711107412975, -26.313043051536685 ], [ -49.621621260187815, -26.32022167151791 ], [ -49.61121097497039, -26.335910494706162 ], [ -49.625408300269527, -26.330074742554345 ], [ -49.626386302012286, -26.343978986286228 ], [ -49.640645205198929, -26.341320656093316 ], [ -49.652486270743744, -26.350638514501462 ], [ -49.64407545575596, -26.35445915886605 ], [ -49.65027852236517, -26.355073363719594 ], [ -49.650387189225469, -26.365598674713851 ], [ -49.635331395729906, -26.361155765064566 ], [ -49.64089513897764, -26.36841498935728 ], [ -49.632046034319956, -26.371677851886364 ], [ -49.633295703213491, -26.38016871005863 ], [ -49.63909851355389, -26.374171749283839 ], [ -49.665240137915127, -26.37898060250728 ], [ -49.676325968780802, -26.393287867796609 ], [ -49.690173749012615, -26.387998612876689 ], [ -49.697360250707604, -26.406743951556606 ], [ -49.708773893268535, -26.406463448552625 ], [ -49.712276588399106, -26.424249595925826 ], [ -49.714120302795649, -26.412636126726465 ], [ -49.726482969269931, -26.428644142988215 ], [ -49.729699508335024, -26.417125786876412 ], [ -49.747357873134945, -26.434005941788474 ], [ -49.743708477742963, -26.445322787121551 ], [ -49.761940965788177, -26.460816547876 ], [ -49.749500421397336, -26.469829721986716 ], [ -49.809484528286916, -26.488197832488868 ], [ -49.814231458968003, -26.469001109664607 ], [ -49.781758178879535, -26.427075583086634 ], [ -49.820237114114313, -26.366611064866156 ], [ -49.798156008099888, -26.334586971911509 ], [ -49.813794980412439, -26.324932187481338 ], [ -49.806733445606802, -26.313857155082726 ], [ -49.814204292252924, -26.30684941624186 ], [ -49.808006658986741, -26.303867056716761 ], [ -49.848908865206369, -26.240934434478483 ], [ -49.873503797922567, -26.250803626377213 ], [ -49.889669804507605, -26.246984594098858 ], [ -49.899107521325284, -26.230796024179373 ], [ -49.907596214229613, -26.246584796713872 ], [ -49.961422532368452, -26.257135901087803 ], [ -49.980413877321475, -26.278296144939937 ], [ -50.000227468184157, -26.279930800376938 ], [ -50.017451165542852, -26.264575679038252 ], [ -50.031811491132444, -26.268934760203585 ], [ -50.037811712935742, -26.2635391075925 ], [ -50.066411019454264, -26.283127567370599 ], [ -50.088445036495884, -26.271502813567629 ], [ -50.091543853128982, -26.279437501990625 ], [ -50.109734685544403, -26.273264823816785 ], [ -50.115704118403947, -26.281555783296561 ], [ -50.123774443896096, -26.272587747600276 ], [ -50.112348123534794, -26.258298215259476 ], [ -50.148494343501646, -26.24845320465419 ], [ -50.136580833383299, -26.238582400669227 ], [ -50.145676249591013, -26.227238149870242 ], [ -50.13989698373701, -26.222087534366086 ], [ -50.149783856910624, -26.220901038900966 ], [ -50.153527430248211, -26.210569178254282 ], [ -50.14376009062093, -26.200127695743976 ], [ -50.125708714009562, -26.204606071290314 ], [ -50.136298299546503, -26.174352049015972 ], [ -50.127148549908632, -26.16446834834117 ], [ -50.143108089459091, -26.167929497476514 ], [ -50.145415449126276, -26.151810247264912 ], [ -50.160779132059375, -26.143794954530431 ], [ -50.153969342146794, -26.136224597595369 ], [ -50.164303560562011, -26.124190373890038 ], [ -50.167780900091842, -26.134660873952477 ], [ -50.172113085589416, -26.131907430672008 ], [ -50.167313632592517, -26.116491050056592 ], [ -50.182664637725246, -26.115448030265924 ], [ -50.189726172530882, -26.090494547515107 ], [ -50.207935116089693, -26.080767219204596 ], [ -50.189758772588974, -26.069987198586034 ], [ -50.178240085396411, -26.078719869692769 ], [ -50.173255898736983, -26.06362268215085 ], [ -50.155392878016819, -26.049210631256589 ], [ -50.155264288898785, -26.038354842585228 ], [ -50.168925524353739, -26.041356547145082 ], [ -50.180362711401074, -26.03288503400757 ], [ -50.17025126004949, -26.025188934346588 ], [ -50.14016321754476, -26.02658338893535 ], [ -50.148238976379929, -26.058320530541092 ], [ -50.131553179979754, -26.042273824209829 ], [ -50.118400867653904, -26.06362268215085 ], [ -50.116175008131947, -26.050988762368039 ], [ -50.106681146769773, -26.058281840471579 ], [ -50.090542306899813, -26.043566717366115 ], [ -50.082696559585635, -26.024089491537875 ], [ -50.076198281339266, -26.046408825389225 ], [ -50.071342683797866, -26.034888857191191 ], [ -50.036179898916799, -26.02701704013116 ], [ -50.005573877711271, -26.046094468574417 ], [ -50.010940209496106, -26.013328815954072 ], [ -49.977454516492443, -26.013681862838393 ], [ -49.963137657646968, -26.027599003260114 ], [ -49.977758783701304, -26.05283137692868 ], [ -49.971655328380713, -26.058380177731593 ], [ -49.947953275033377, -26.030320204815986 ], [ -49.960788642349996, -26.020984613459312 ], [ -49.94169406387968, -26.008413565039461 ], [ -49.933967850111834, -26.017704017981703 ], [ -49.940614639733958, -26.02671396791996 ], [ -49.935067196515277, -26.033141355718108 ], [ -49.914789960381952, -26.025422686849904 ], [ -49.899543999880855, -26.034964625243994 ], [ -49.890772773139723, -26.029365849767956 ], [ -49.869970313848249, -26.033249365495504 ], [ -49.863558969090121, -26.055047995494633 ], [ -49.844640068710639, -26.064799505098591 ], [ -49.831696034533707, -26.053095759070366 ], [ -49.841468807504, -26.077204508636775 ], [ -49.829569786300368, -26.069297225679687 ], [ -49.825000344824446, -26.093425320280854 ], [ -49.807054012844709, -26.08890986675123 ], [ -49.804523886113891, -26.108163012593533 ], [ -49.793005198921328, -26.113457103772141 ], [ -49.787369011100061, -26.098461477662696 ], [ -49.778346039465887, -26.119894164087665 ], [ -49.767808976244766, -26.110366734469643 ], [ -49.777918616482012, -26.108519283650313 ], [ -49.776947859196596, -26.101819453279333 ], [ -49.768305221573499, -26.104313350676808 ], [ -49.748799520148353, -26.124174253027739 ], [ -49.748964331553154, -26.140117785840296 ], [ -49.724709888332583, -26.144539738368589 ], [ -49.737250044012036, -26.157534765466874 ], [ -49.727533415586237, -26.171435785026294 ], [ -49.711456153603784, -26.154323489697145 ], [ -49.690583060853108, -26.17711194064136 ], [ -49.676900092026095, -26.176068920850692 ], [ -49.691236873129291, -26.189305760883443 ], [ -49.653690661778811, -26.186960175419106 ], [ -49.651066357102394, -26.207994676545319 ], [ -49.644468467567407, -26.210072655695509 ], [ -49.634041882320929, -26.201923559803955 ], [ -49.63672776488486, -26.191051650270296 ], [ -49.630540998304703, -26.191079055736203 ], [ -49.625346722382019, -26.20167852269703 ], [ -49.634588838851144, -26.209019963387462 ], [ -49.620511047098347, -26.216045435176856 ], [ -49.614873048162742, -26.207612612108861 ], [ -49.605236108767826, -26.211931391118451 ], [ -49.603122538334851, -26.226712609759332 ] ] ] } },
{ "type": "Feature", "properties": { "id": null, "CD_MUN": "4210209", "NM_MUN": "Major Gercino", "SIGLA_UF": "SC", "AREA_KM2": 306.058 }, "geometry": { "type": "Polygon", "coordinates": [ [ [ -48.942413538752326, -27.338560422009699 ], [ -48.924392951084712, -27.366267348040985 ], [ -48.900714442223773, -27.381090480923842 ], [ -48.908643500797524, -27.421919788865562 ], [ -48.882594243267548, -27.428898510154294 ], [ -48.917981606326592, -27.461452979478537 ], [ -48.954240115382433, -27.448601428054705 ], [ -48.972240780792319, -27.454978841179727 ], [ -48.988778065816739, -27.450087771558564 ], [ -49.018938552895001, -27.482195692997159 ], [ -49.033208322767678, -27.483743295777749 ], [ -49.038614499067961, -27.460732376933823 ], [ -49.049265662492402, -27.456055714781222 ], [ -49.042321850118775, -27.444821085845863 ], [ -49.050584153730796, -27.444263304010359 ], [ -49.079071171160336, -27.452970181737417 ], [ -49.09815488294462, -27.485344097403924 ], [ -49.11273435336917, -27.486406462229354 ], [ -49.125998954784002, -27.502369340076665 ], [ -49.151720400618714, -27.491139547399996 ], [ -49.170865690290505, -27.4928177291652 ], [ -49.181717887406521, -27.503228582037142 ], [ -49.1932184634557, -27.496648046047167 ], [ -49.211688207479249, -27.500202696183838 ], [ -49.224708308458389, -27.491344282351179 ], [ -49.217923874146543, -27.483553069602635 ], [ -49.226095622041647, -27.475689312973753 ], [ -49.218968887119829, -27.46759180384155 ], [ -49.223766529002397, -27.442585122245156 ], [ -49.214292589897944, -27.432348374686029 ], [ -49.220854257146158, -27.420180347823624 ], [ -49.20248231329689, -27.407697964146415 ], [ -49.141199637426638, -27.42603866918266 ], [ -49.127491312998885, -27.419604833039593 ], [ -49.116572104652349, -27.396377894640878 ], [ -49.081994309702594, -27.403872483523138 ], [ -49.063091709352157, -27.398075421440836 ], [ -49.037730675270794, -27.375112865183805 ], [ -49.014303911302896, -27.370471668928261 ], [ -49.007488688047296, -27.375775432624245 ], [ -48.968946363810673, -27.338062287364696 ], [ -48.942413538752326, -27.338560422009699 ] ] ] } },
{ "type": "Feature", "properties": { "id": null, "CD_MUN": "4210308", "NM_MUN": "Major Vieira", "SIGLA_UF": "SC", "AREA_KM2": 520.816 }, "geometry": { "type": "Polygon", "coordinates": [ [ [ -50.292823856247338, -26.287159395031285 ], [ -50.275989548471415, -26.324762918427211 ], [ -50.284961808904114, -26.333140930563395 ], [ -50.281460924887881, -26.350593376087026 ], [ -50.29062516344046, -26.373094875682341 ], [ -50.27967516615017, -26.393744088199636 ], [ -50.293233168087831, -26.409423238870509 ], [ -50.286519367235186, -26.418513793120255 ], [ -50.265271373816446, -26.406645614296593 ], [ -50.274884768724959, -26.422916400613794 ], [ -50.266412375849676, -26.448875825171996 ], [ -50.26992050432326, -26.468791538454738 ], [ -50.260366876187916, -26.476479577684572 ], [ -50.260975410605639, -26.492793890329978 ], [ -50.250000057714608, -26.500662483217553 ], [ -50.242639689043138, -26.495769801510161 ], [ -50.235422398404395, -26.504729776775296 ], [ -50.234236118512712, -26.529157719415199 ], [ -50.247326852951055, -26.539799100617998 ], [ -50.262665180283413, -26.527934145966796 ], [ -50.273414143882135, -26.530360335742618 ], [ -50.272394486509583, -26.541591740505517 ], [ -50.292908978621249, -26.544553142909631 ], [ -50.302589384760282, -26.561652541548941 ], [ -50.325164924989103, -26.557544945835453 ], [ -50.340559396865956, -26.571876392418226 ], [ -50.363866627287514, -26.574699155406577 ], [ -50.360519687990056, -26.594421418341746 ], [ -50.373791533862239, -26.607247176385901 ], [ -50.375158925187776, -26.626208534620613 ], [ -50.387152124337014, -26.641181591522837 ], [ -50.413339026556713, -26.650236679875533 ], [ -50.420353472389543, -26.642461587989288 ], [ -50.441058131506743, -26.653067503295031 ], [ -50.425612948428409, -26.669739699083451 ], [ -50.437178724593771, -26.697433728424897 ], [ -50.416613521280638, -26.716200024225802 ], [ -50.414003705518923, -26.729235353479829 ], [ -50.432343049310106, -26.714292926215968 ], [ -50.471970231035463, -26.700269388103084 ], [ -50.468460291447542, -26.663397751855481 ], [ -50.492618745608169, -26.648041018430568 ], [ -50.489253695167328, -26.635484478786786 ], [ -50.462074302290155, -26.626490649710824 ], [ -50.451894028593706, -26.614609574197321 ], [ -50.438556982605334, -26.616853598229181 ], [ -50.425775948718872, -26.604567889072001 ], [ -50.409501275273527, -26.608401430126428 ], [ -50.411939035173084, -26.600042763025002 ], [ -50.419205225898963, -26.605714082381379 ], [ -50.445250861200257, -26.589369140097606 ], [ -50.433060250588127, -26.574086562639259 ], [ -50.416356343044576, -26.580581658059057 ], [ -50.400940137795658, -26.560383829686103 ], [ -50.454029332398747, -26.502782376609716 ], [ -50.444289159486544, -26.475987891384488 ], [ -50.448266366573783, -26.462738154661899 ], [ -50.434998142930276, -26.451250428188466 ], [ -50.433536573659147, -26.428676384712809 ], [ -50.417068110979585, -26.410472707006097 ], [ -50.422968721494271, -26.378282569169784 ], [ -50.409381741727188, -26.363540040598416 ], [ -50.407749927708245, -26.344730218469305 ], [ -50.370451839022131, -26.334622437808566 ], [ -50.324272045620248, -26.295854988154737 ], [ -50.298748011248421, -26.295408440269085 ], [ -50.292823856247338, -26.287159395031285 ] ] ] } },
{ "type": "Feature", "properties": { "id": null, "CD_MUN": "4210407", "NM_MUN": "Maracajá", "SIGLA_UF": "SC", "AREA_KM2": 62.902 }, "geometry": { "type": "Polygon", "coordinates": [ [ [ -49.424923376345745, -28.814541435584818 ], [ -49.397863517014912, -28.833623700286765 ], [ -49.432720223572787, -28.909309536688859 ], [ -49.459778271789276, -28.901740791840027 ], [ -49.47358439639131, -28.884784868875165 ], [ -49.48994238109622, -28.882165228751767 ], [ -49.513599156585101, -28.891845806561616 ], [ -49.523339329497304, -28.873326159953866 ], [ -49.515529804469892, -28.853560370690495 ], [ -49.506887166846795, -28.856953812204189 ], [ -49.506389110403717, -28.848888544796583 ], [ -49.489067612870748, -28.85018143795287 ], [ -49.489683391745821, -28.844058734452151 ], [ -49.454038850450722, -28.845964220375755 ], [ -49.445841746954876, -28.84116826384215 ], [ -49.447667350208043, -28.829888496492355 ], [ -49.4319957778374, -28.82709636314237 ], [ -49.424923376345745, -28.814541435584818 ] ] ] } },
{ "type": "Feature", "properties": { "id": null, "CD_MUN": "4210506", "NM_MUN": "Maravilha", "SIGLA_UF": "SC", "AREA_KM2": 170.339 }, "geometry": { "type": "Polygon", "coordinates": [ [ [ -53.128355175731535, -26.720633261357708 ], [ -53.123896212230264, -26.730376710530518 ], [ -53.105670968642407, -26.729577115760545 ], [ -53.110432388238202, -26.739257693570394 ], [ -53.101208382912461, -26.746684574831004 ], [ -53.110388921494078, -26.750764765078586 ], [ -53.090816208838412, -26.765344472940747 ], [ -53.125950015890069, -26.784850716321124 ], [ -53.120715895451937, -26.808633824469116 ], [ -53.196501974944525, -26.801537420885609 ], [ -53.204831289787073, -26.808117956875584 ], [ -53.217257345263199, -26.803104368700961 ], [ -53.217215689633413, -26.810682786067169 ], [ -53.23456435388146, -26.815946247607414 ], [ -53.2770494740329, -26.781810321691751 ], [ -53.295698518375957, -26.784486384833194 ], [ -53.297786733208191, -26.768671818919017 ], [ -53.305552791491486, -26.765624975944728 ], [ -53.298096433760072, -26.748859279154981 ], [ -53.28856272788245, -26.746681350658545 ], [ -53.292853257750245, -26.738406512041067 ], [ -53.271143430175208, -26.718211907840573 ], [ -53.22940086690253, -26.71806843216612 ], [ -53.210282743945818, -26.725859644914664 ], [ -53.196148807648527, -26.711774847525049 ], [ -53.195127339161637, -26.699913117046304 ], [ -53.178166253382024, -26.691020849402818 ], [ -53.166249121034994, -26.718168381512371 ], [ -53.161878902136309, -26.713999526522148 ], [ -53.139875674038436, -26.72553239141002 ], [ -53.128355175731535, -26.720633261357708 ] ] ] } },
{ "type": "Feature", "properties": { "id": null, "CD_MUN": "4210555", "NM_MUN": "Marema", "SIGLA_UF": "SC", "AREA_KM2": 104.184 }, "geometry": { "type": "Polygon", "coordinates": [ [ [ -52.62899835256183, -26.77944539119266 ], [ -52.601996448889828, -26.763066595098064 ], [ -52.612283578332239, -26.770690150878707 ], [ -52.600552990762075, -26.791930999042332 ], [ -52.58509331876904, -26.80139555729739 ], [ -52.565312327964449, -26.791666616900649 ], [ -52.549528466504832, -26.795209982433711 ], [ -52.558888305405958, -26.810050848265096 ], [ -52.554637620053605, -26.844339922372587 ], [ -52.568697300663018, -26.845054076572378 ], [ -52.573056652875678, -26.834831837789324 ], [ -52.577798150213752, -26.843446826601287 ], [ -52.593701545219709, -26.839434343975356 ], [ -52.606772357400331, -26.849419606082634 ], [ -52.605216610183597, -26.860834788675728 ], [ -52.620801249065991, -26.86484565921543 ], [ -52.656253812241218, -26.853641659918434 ], [ -52.716947875951469, -26.803613787949573 ], [ -52.693515678640559, -26.800491176922481 ], [ -52.684950918934007, -26.806894383427178 ], [ -52.667654777001779, -26.796599600763784 ], [ -52.664903694321666, -26.784936156891302 ], [ -52.696371805952296, -26.769157056874185 ], [ -52.696049427600052, -26.7615206044037 ], [ -52.677096116048133, -26.764209564234978 ], [ -52.652289282954342, -26.752449395188709 ], [ -52.638216924544558, -26.777607612890709 ], [ -52.62899835256183, -26.77944539119266 ] ] ] } },
{ "type": "Feature", "properties": { "id": null, "CD_MUN": "4210605", "NM_MUN": "Massaranduba", "SIGLA_UF": "SC", "AREA_KM2": 374.459 }, "geometry": { "type": "Polygon", "coordinates": [ [ [ -48.859969802951589, -26.562511783509414 ], [ -48.86211235121398, -26.585259932297888 ], [ -48.851151487237658, -26.597984128909566 ], [ -48.854358970731063, -26.633806297021579 ], [ -48.879712760355069, -26.641736149185885 ], [ -48.885448559464955, -26.658242300092635 ], [ -48.898590005104772, -26.658476052595955 ], [ -48.900783264568638, -26.64838278071128 ], [ -48.909724736057584, -26.651911637468277 ], [ -48.91787656169496, -26.645024805094643 ], [ -48.937014606909401, -26.693637265353757 ], [ -48.980064794734439, -26.736547776618128 ], [ -48.989890090020545, -26.736855685088017 ], [ -48.995410366524155, -26.747374547737351 ], [ -49.012916597719645, -26.745598028712131 ], [ -49.014584634025361, -26.763488961690264 ], [ -49.036899373789446, -26.772250650349136 ], [ -49.050067986144342, -26.742665643860157 ], [ -49.039844245703769, -26.73176955303305 ], [ -49.049401496067787, -26.710551274076643 ], [ -49.018176073758511, -26.684641824191566 ], [ -49.031984009474883, -26.661568033984679 ], [ -49.046913024966756, -26.649630535453134 ], [ -49.056367041813481, -26.656922001470441 ], [ -49.069821810233854, -26.647952353687927 ], [ -49.10244903504109, -26.659878567615866 ], [ -49.113433443503808, -26.654521605074294 ], [ -49.107938522600946, -26.582638680088259 ], [ -49.090238502171239, -26.569938664770028 ], [ -49.089874468189208, -26.547843410904619 ], [ -49.061226261583549, -26.543545589016016 ], [ -49.050781565193688, -26.515366321719405 ], [ -49.044524165154336, -26.535870446476018 ], [ -49.019014619697217, -26.533686069634662 ], [ -49.011579995337868, -26.57275981567215 ], [ -48.978157691336044, -26.573375632611924 ], [ -48.927901079558303, -26.539655624943549 ], [ -48.899189483950799, -26.542059245512156 ], [ -48.890570390814098, -26.55371462895349 ], [ -48.881672386069276, -26.552495891763773 ], [ -48.878176935396063, -26.563570924162384 ], [ -48.859969802951589, -26.562511783509414 ] ] ] } },
{ "type": "Feature", "properties": { "id": null, "CD_MUN": "4210704", "NM_MUN": "Matos Costa", "SIGLA_UF": "SC", "AREA_KM2": 435.391 }, "geometry": { "type": "Polygon", "coordinates": [ [ [ -50.995108796583402, -26.483817794202547 ], [ -51.0460554429241, -26.513925116629977 ], [ -51.051025140668813, -26.507560600194793 ], [ -51.075741418045688, -26.514647331260921 ], [ -51.097764568401281, -26.53987648075703 ], [ -51.105052492499219, -26.565498979293203 ], [ -51.126097641112047, -26.55763361057809 ], [ -51.137364583411568, -26.567294843353181 ], [ -51.134790989936626, -26.588189092977405 ], [ -51.141850713627917, -26.601654849254782 ], [ -51.173393080946425, -26.60167419428954 ], [ -51.183048131484718, -26.592391801778447 ], [ -51.199764716828646, -26.607063398555706 ], [ -51.201014385722175, -26.598973949854653 ], [ -51.224995350677638, -26.591181125019883 ], [ -51.224785261414375, -26.575589027005417 ], [ -51.214684676748824, -26.569925768080189 ], [ -51.228961691078851, -26.560844886347819 ], [ -51.222258756912233, -26.550185772196492 ], [ -51.24158515801787, -26.544751429515895 ], [ -51.250209684497591, -26.519475529519124 ], [ -51.270861821298972, -26.50534559371507 ], [ -51.273160125394469, -26.495868138770177 ], [ -51.259761501518589, -26.489790573683894 ], [ -51.265283589136537, -26.481228783717516 ], [ -51.250287562414144, -26.473990516545786 ], [ -51.259201867188011, -26.471114554711853 ], [ -51.253056756237633, -26.462296443034941 ], [ -51.277284032743125, -26.458429048169691 ], [ -51.273716137496372, -26.444873015063443 ], [ -51.29220399266331, -26.435355257962801 ], [ -51.30049346299041, -26.417872182800803 ], [ -51.286957194424808, -26.413542119187603 ], [ -51.291486791385282, -26.402455802185386 ], [ -51.275148728938092, -26.40123222873698 ], [ -51.277253243799372, -26.389434981707424 ], [ -51.266967925471299, -26.386106023642924 ], [ -51.258171343129426, -26.400458427346685 ], [ -51.201463542078116, -26.427117497328609 ], [ -51.202108298782605, -26.442774078792265 ], [ -51.190160377491829, -26.452145136045996 ], [ -51.11497196573093, -26.390856841762094 ], [ -51.089272253268277, -26.39132112259627 ], [ -51.063375129342731, -26.402133384939429 ], [ -51.056748261978328, -26.394251895362018 ], [ -51.052796410491823, -26.400566437124077 ], [ -51.042224936098272, -26.394645244402085 ], [ -51.027477032040245, -26.405581637384934 ], [ -50.985408468186648, -26.404877155702518 ], [ -50.964540808778985, -26.428481322279005 ], [ -50.980507592786793, -26.427880014115296 ], [ -50.97661369695912, -26.441890655538344 ], [ -51.007522174259165, -26.459154486973091 ], [ -50.997014088867459, -26.464574320877624 ], [ -50.995108796583402, -26.483817794202547 ] ] ] } },
{ "type": "Feature", "properties": { "id": null, "CD_MUN": "4210803", "NM_MUN": "Meleiro", "SIGLA_UF": "SC", "AREA_KM2": 186.439 }, "geometry": { "type": "Polygon", "coordinates": [ [ [ -49.604767030154171, -28.75236165761585 ], [ -49.595430735739441, -28.802036482700391 ], [ -49.572869684425328, -28.803351945063895 ], [ -49.543980599612652, -28.829440336520477 ], [ -49.534847150003834, -28.829264619121432 ], [ -49.531027509864039, -28.842804531365381 ], [ -49.524337253497791, -28.840078493550816 ], [ -49.52498925465963, -28.853837649522017 ], [ -49.518568854329814, -28.851274432416663 ], [ -49.516784906706441, -28.858291843774907 ], [ -49.523312162782226, -28.873725957338852 ], [ -49.512445476751502, -28.886087434548831 ], [ -49.509489738151146, -28.907866719513201 ], [ -49.514578969442205, -28.917102361523632 ], [ -49.538646867885909, -28.917623065375849 ], [ -49.539385802536003, -28.907758709735806 ], [ -49.551829969155513, -28.900460795373579 ], [ -49.578357360870839, -28.910578248551698 ], [ -49.602428881543226, -28.903136858515019 ], [ -49.605643609493981, -28.9081101445339 ], [ -49.607822380043139, -28.901742403926256 ], [ -49.618533310240757, -28.906610904340202 ], [ -49.639324902846198, -28.899846590520031 ], [ -49.641145072756345, -28.887070807148998 ], [ -49.659214560511096, -28.886425972657086 ], [ -49.680290498067677, -28.870010098579204 ], [ -49.671258470861808, -28.825853444659209 ], [ -49.657772913497688, -28.828652026354114 ], [ -49.648059907300564, -28.821416983354844 ], [ -49.669217345002373, -28.789713695559929 ], [ -49.663021522850528, -28.772983464667238 ], [ -49.670008801968279, -28.7538528373784 ], [ -49.648146840788804, -28.74737869907959 ], [ -49.635253517813354, -28.760378562436561 ], [ -49.628061582775359, -28.750928512957572 ], [ -49.604767030154171, -28.75236165761585 ] ] ] } },
{ "type": "Feature", "properties": { "id": null, "CD_MUN": "4210852", "NM_MUN": "Mirim Doce", "SIGLA_UF": "SC", "AREA_KM2": 337.991 }, "geometry": { "type": "Polygon", "coordinates": [ [ [ -50.31528529627284, -27.075517923982193 ], [ -50.301002848599801, -27.110210019647131 ], [ -50.288790504615605, -27.108040151581843 ], [ -50.284087040678642, -27.093674851188243 ], [ -50.250076124516823, -27.099821735982406 ], [ -50.226084292875335, -27.15141171950793 ], [ -50.167914922552882, -27.149522354446624 ], [ -50.152629117536335, -27.133943153122001 ], [ -50.139196082488027, -27.133211265973678 ], [ -50.105121777324364, -27.147928001165369 ], [ -50.064301071249965, -27.148680845434679 ], [ -50.050985758633651, -27.17639905606957 ], [ -50.046452539444502, -27.169417110608379 ], [ -50.004700920600136, -27.173444102010379 ], [ -49.992052098060377, -27.189735845448567 ], [ -50.003802607888261, -27.212964395933515 ], [ -50.016119996504088, -27.210863847576107 ], [ -50.025764180356347, -27.221751877972064 ], [ -50.042156576233694, -27.218700198739086 ], [ -50.04730195206924, -27.205742249624087 ], [ -50.063100302443566, -27.217492746152978 ], [ -50.06423768224812, -27.233165448478928 ], [ -50.100510680218662, -27.246399064339219 ], [ -50.12469448998003, -27.272890477353247 ], [ -50.166947787496149, -27.274665384292241 ], [ -50.198968289, -27.237210172829457 ], [ -50.216338686620112, -27.247574275200733 ], [ -50.258380083758631, -27.232678598437534 ], [ -50.267037210296444, -27.221484271657921 ], [ -50.261851989945448, -27.204649255160295 ], [ -50.266088186383094, -27.197857535874217 ], [ -50.270230204875133, -27.210215788911736 ], [ -50.291246375658545, -27.216003178476658 ], [ -50.287582491351856, -27.182487905759462 ], [ -50.293861624763274, -27.17818847178463 ], [ -50.286624411866818, -27.16933811838312 ], [ -50.304802566481875, -27.168751318995479 ], [ -50.303757553508582, -27.152390255849408 ], [ -50.319016191810057, -27.146689918940897 ], [ -50.313361892845407, -27.129611477422571 ], [ -50.320579183484142, -27.112310568004538 ], [ -50.329178354363115, -27.112310568004538 ], [ -50.335870421843701, -27.097168242048184 ], [ -50.336306900399272, -27.10291694154359 ], [ -50.349348734750471, -27.098385367151671 ], [ -50.331172391249751, -27.075221300115913 ], [ -50.31528529627284, -27.075517923982193 ] ] ] } },
{ "type": "Feature", "properties": { "id": null, "CD_MUN": "4210902", "NM_MUN": "Modelo", "SIGLA_UF": "SC", "AREA_KM2": 92.346 }, "geometry": { "type": "Polygon", "coordinates": [ [ [ -53.002815974247298, -26.740989074181179 ], [ -52.957833327423131, -26.754662789582202 ], [ -52.985798743923191, -26.773403292003433 ], [ -53.005271845290238, -26.774818703713184 ], [ -52.995765306127694, -26.793696233463944 ], [ -53.000720514957706, -26.803808850383376 ], [ -53.034381886052202, -26.808121181048044 ], [ -53.034930653696755, -26.815259498873527 ], [ -53.097202197995799, -26.805835242774211 ], [ -53.104823367132013, -26.817484177870625 ], [ -53.125229192383365, -26.801845329355498 ], [ -53.125950015890069, -26.784850716321124 ], [ -53.090895897869302, -26.766709909977372 ], [ -53.109508719925593, -26.752588034604472 ], [ -53.101112393852517, -26.744999944720881 ], [ -53.109398241950942, -26.740716631608347 ], [ -53.048812845100997, -26.732836754117166 ], [ -53.049298223743705, -26.745992989838427 ], [ -53.027512329366445, -26.742652747170318 ], [ -53.021787396942599, -26.753976040848315 ], [ -53.008818007164933, -26.751196804188169 ], [ -53.002815974247298, -26.740989074181179 ] ] ] } },
{ "type": "Feature", "properties": { "id": null, "CD_MUN": "4211009", "NM_MUN": "Mondaí", "SIGLA_UF": "SC", "AREA_KM2": 200.276 }, "geometry": { "type": "Polygon", "coordinates": [ [ [ -53.37537124923886, -27.015435470198174 ], [ -53.379227111665429, -27.029928125403924 ], [ -53.401759185150127, -27.029529940105167 ], [ -53.394109038184503, -27.03656992067063 ], [ -53.367971036051941, -27.037579086650474 ], [ -53.366882556334531, -27.067341422624732 ], [ -53.347563399686251, -27.070265747045561 ], [ -53.324745170136076, -27.099336498027242 ], [ -53.335390900217504, -27.096692676610399 ], [ -53.335530356021565, -27.111351376697819 ], [ -53.342229667959501, -27.104172756716594 ], [ -53.355380169171013, -27.111273996558786 ], [ -53.366275833031153, -27.093100948490441 ], [ -53.377617031018545, -27.091980548560741 ], [ -53.411698580639566, -27.141384543158679 ], [ -53.45536998068269, -27.156894424775423 ], [ -53.482009661487005, -27.134953931188072 ], [ -53.503132688016386, -27.134758868754268 ], [ -53.508104196875436, -27.151468142525975 ], [ -53.489730441911831, -27.18042927164403 ], [ -53.489603663908134, -27.199517984690893 ], [ -53.507479362428676, -27.204212379792022 ], [ -53.530741314991772, -27.194546310758241 ], [ -53.547789334259633, -27.176366814344977 ], [ -53.548080923668124, -27.149710968535508 ], [ -53.525505383439302, -27.130319183277447 ], [ -53.520979408707504, -27.11444174600031 ], [ -53.527144441915603, -27.091559794054767 ], [ -53.519666350812123, -27.081640627482912 ], [ -53.489402630216567, -27.082335436647949 ], [ -53.474665592844573, -27.070061012094378 ], [ -53.478995967227817, -27.062982341459399 ], [ -53.448020478697245, -27.03894613577333 ], [ -53.448712324374533, -27.008588939980282 ], [ -53.418926737964327, -27.019494703324767 ], [ -53.396503331339936, -27.009462690716823 ], [ -53.37537124923886, -27.015435470198174 ] ] ] } },
{ "type": "Feature", "properties": { "id": null, "CD_MUN": "4211058", "NM_MUN": "Monte Carlo", "SIGLA_UF": "SC", "AREA_KM2": 191.278 }, "geometry": { "type": "Polygon", "coordinates": [ [ [ -50.84500545132672, -27.184307951112888 ], [ -50.817509113440323, -27.20862304771671 ], [ -50.822831978481034, -27.223352679598239 ], [ -50.818112214515025, -27.242336607040166 ], [ -50.832583018079269, -27.242347891643774 ], [ -50.833021307749178, -27.226149649206913 ], [ -50.85152184071648, -27.228532312654533 ], [ -50.844465739253863, -27.235224082594364 ], [ -50.846783965607081, -27.250266459204472 ], [ -50.860090222651699, -27.238469212174916 ], [ -50.868761838104213, -27.242472022283469 ], [ -50.877321164467745, -27.229794576172452 ], [ -50.893949005209087, -27.235228918853053 ], [ -50.886086957865864, -27.22975266193048 ], [ -50.895970208810802, -27.221977570044235 ], [ -50.892963759008971, -27.209095388982036 ], [ -50.91081772415744, -27.207357560026331 ], [ -50.952647220918365, -27.237489063747208 ], [ -50.989150230409891, -27.249653866437153 ], [ -50.982952597143708, -27.27124453731264 ], [ -51.003295033393215, -27.276319384763998 ], [ -51.020495186265507, -27.258460693510457 ], [ -51.017142813625028, -27.244682192504502 ], [ -51.036302592211527, -27.233423382275696 ], [ -51.025729306703639, -27.22073787573353 ], [ -51.025859706936004, -27.195039609144555 ], [ -51.010586579719828, -27.174003495932112 ], [ -50.960505646032914, -27.154569796432078 ], [ -50.929796391310099, -27.118931406150256 ], [ -50.88040911441481, -27.126633954156162 ], [ -50.875636828132983, -27.148551878536296 ], [ -50.86249176026449, -27.158121222396289 ], [ -50.846456153911824, -27.157465103300765 ], [ -50.84500545132672, -27.184307951112888 ] ] ] } },
{ "type": "Feature", "properties": { "id": null, "CD_MUN": "4211108", "NM_MUN": "Monte Castelo", "SIGLA_UF": "SC", "AREA_KM2": 560.743 }, "geometry": { "type": "Polygon", "coordinates": [ [ [ -50.219582392400284, -26.813937588165103 ], [ -50.254480754587945, -26.863077200621355 ], [ -50.281055235276071, -26.835850676286547 ], [ -50.328249252707494, -26.838091476145944 ], [ -50.343140234798256, -26.820543917534756 ], [ -50.334234985596083, -26.795674263267887 ], [ -50.336757867869544, -26.777939702654042 ], [ -50.315796030516282, -26.770907782519728 ], [ -50.325652114746148, -26.761565742818135 ], [ -50.351109137887448, -26.7615206044037 ], [ -50.354883500168789, -26.74969756399447 ], [ -50.344359114748038, -26.743695766960986 ], [ -50.353646509075624, -26.736739614879472 ], [ -50.385806466383542, -26.739143235448079 ], [ -50.40522523432044, -26.732943151808332 ], [ -50.407463771642767, -26.724100858837971 ], [ -50.412464258331241, -26.729635150864816 ], [ -50.437300069254448, -26.697079069454343 ], [ -50.425612948428409, -26.669739699083451 ], [ -50.441058131506743, -26.653067503295031 ], [ -50.420353472389543, -26.642461587989288 ], [ -50.413339026556713, -26.650236679875533 ], [ -50.387152124337014, -26.641181591522837 ], [ -50.375158925187776, -26.626208534620613 ], [ -50.373791533862239, -26.607247176385901 ], [ -50.360519687990056, -26.594421418341746 ], [ -50.363866627287514, -26.574699155406577 ], [ -50.340559396865956, -26.571876392418226 ], [ -50.325164924989103, -26.557544945835453 ], [ -50.302589384760282, -26.561652541548941 ], [ -50.292908978621249, -26.544553142909631 ], [ -50.272394486509583, -26.541591740505517 ], [ -50.273414143882135, -26.530360335742618 ], [ -50.262665180283413, -26.527934145966796 ], [ -50.247326852951055, -26.539799100617998 ], [ -50.234236118512712, -26.529157719415199 ], [ -50.232294603941888, -26.513389904001691 ], [ -50.240958974937051, -26.497082039701201 ], [ -50.250000057714608, -26.500662483217553 ], [ -50.261009821778067, -26.492713286018489 ], [ -50.269429692337539, -26.443562388958629 ], [ -50.245959461625517, -26.452557830120817 ], [ -50.18610575496831, -26.444574779110933 ], [ -50.186515066808802, -26.45642200081361 ], [ -50.169025135642357, -26.470269821527449 ], [ -50.189804050447435, -26.479919769698931 ], [ -50.206105890607851, -26.519741523747037 ], [ -50.19946996767176, -26.541475670296975 ], [ -50.203633719535866, -26.580681607405303 ], [ -50.195317082493688, -26.590149389832821 ], [ -50.20838246133129, -26.617433949271902 ], [ -50.205417667159239, -26.638995602595251 ], [ -50.216409320079315, -26.674569509427879 ], [ -50.246747296362749, -26.698447730663432 ], [ -50.252528373331089, -26.719341980287652 ], [ -50.242228566088308, -26.759033155351144 ], [ -50.224381845397183, -26.76346800456928 ], [ -50.218854324436222, -26.776583938134795 ], [ -50.219582392400284, -26.813937588165103 ] ] ] } },
{ "type": "Feature", "properties": { "id": null, "CD_MUN": "4211207", "NM_MUN": "Morro da Fumaça", "SIGLA_UF": "SC", "AREA_KM2": 82.818 }, "geometry": { "type": "Polygon", "coordinates": [ [ [ -49.19653642492375, -28.634306970922591 ], [ -49.174783130604581, -28.645306235268404 ], [ -49.17596578826759, -28.684534741583949 ], [ -49.184901826413522, -28.685922747827792 ], [ -49.21378366676884, -28.670549893540578 ], [ -49.24190121687333, -28.676703226679663 ], [ -49.290344903198282, -28.63846937756789 ], [ -49.340145114162738, -28.645660894238954 ], [ -49.358850303050282, -28.639881565105181 ], [ -49.358810458534833, -28.636554219126911 ], [ -49.336899597268228, -28.634373066458014 ], [ -49.33062046385681, -28.624403925213034 ], [ -49.292382406829041, -28.621560205103695 ], [ -49.266775061197649, -28.599002282490339 ], [ -49.242611173694002, -28.589413593595587 ], [ -49.203954749254052, -28.614259066569009 ], [ -49.19653642492375, -28.634306970922591 ] ] ] } },
{ "type": "Feature", "properties": { "id": null, "CD_MUN": "4211256", "NM_MUN": "Morro Grande", "SIGLA_UF": "SC", "AREA_KM2": 260.143 }, "geometry": { "type": "Polygon", "coordinates": [ [ [ -49.70413925167643, -28.630026881982516 ], [ -49.71229469954249, -28.664694796354006 ], [ -49.673933486739706, -28.700918373937235 ], [ -49.673386530209491, -28.728731697659686 ], [ -49.682087123491421, -28.737573990630047 ], [ -49.66612758394097, -28.757857259573182 ], [ -49.669219156116711, -28.78969918678386 ], [ -49.662470944091638, -28.808076969803388 ], [ -49.648061718414901, -28.821381517457791 ], [ -49.657772913497688, -28.828652026354114 ], [ -49.671258470861808, -28.825853444659209 ], [ -49.676655591590404, -28.868191665312008 ], [ -49.702873282753856, -28.843978130140663 ], [ -49.723099807685699, -28.807237072877673 ], [ -49.767722042756517, -28.780342638306198 ], [ -49.779516019328526, -28.757984614385332 ], [ -49.798775409203643, -28.751853850453468 ], [ -49.798549019911334, -28.713813451689273 ], [ -49.823372153034178, -28.720817966357682 ], [ -49.839882271343519, -28.717192384426898 ], [ -49.836350598383532, -28.708333970594239 ], [ -49.842566342793106, -28.707300623320947 ], [ -49.834057727631055, -28.693294818156591 ], [ -49.813497957660928, -28.687044759843722 ], [ -49.838011390231898, -28.690025507282591 ], [ -49.839175936751523, -28.666542247173339 ], [ -49.828747540390708, -28.668109194988688 ], [ -49.810038729274481, -28.652254326918769 ], [ -49.822749129701748, -28.654541877278831 ], [ -49.795077113724517, -28.614989341631098 ], [ -49.782556880302792, -28.609800036057425 ], [ -49.778903862682128, -28.629480384750622 ], [ -49.757364279854905, -28.615413320309532 ], [ -49.754466496913381, -28.628316458492716 ], [ -49.715947717163147, -28.623792944531946 ], [ -49.70413925167643, -28.630026881982516 ] ] ] } },
{ "type": "Feature", "properties": { "id": null, "CD_MUN": "4211306", "NM_MUN": "Navegantes", "SIGLA_UF": "SC", "AREA_KM2": 111.377 }, "geometry": { "type": "MultiPolygon", "coordinates": [ [ [ [ -48.708450166282233, -26.815552898567347 ], [ -48.71135881590979, -26.841923405114141 ], [ -48.701651243055679, -26.845687626460684 ], [ -48.668739673297303, -26.84110285322318 ], [ -48.629579759071262, -26.82004094663106 ], [ -48.619975419734445, -26.824158214861928 ], [ -48.632472108669774, -26.845278156558319 ], [ -48.642217714924996, -26.912695602687855 ], [ -48.670018320020255, -26.896045976106652 ], [ -48.667482759946417, -26.882194931220354 ], [ -48.689616388276654, -26.884440567338444 ], [ -48.692628271421505, -26.864237902706801 ], [ -48.723509582006471, -26.875003414549294 ], [ -48.718378695085633, -26.847427067502622 ], [ -48.726226253514156, -26.838576714101109 ], [ -48.749272683470977, -26.857297871487582 ], [ -48.759816991149449, -26.855190874785258 ], [ -48.772875125529701, -26.832661969724036 ], [ -48.819987642815889, -26.82354078583592 ], [ -48.794621175391512, -26.804840585570435 ], [ -48.811133104815191, -26.789740173856057 ], [ -48.808182799557848, -26.775134672614222 ], [ -48.823341826570704, -26.761246549744637 ], [ -48.82293975918757, -26.743769922927555 ], [ -48.803673124855102, -26.746410520171942 ], [ -48.801666410168096, -26.761232040968569 ], [ -48.771768534668908, -26.763368055223033 ], [ -48.747184468638736, -26.783159637866081 ], [ -48.745862355171667, -26.807774582508642 ], [ -48.708450166282233, -26.815552898567347 ] ] ], [ [ [ -48.637497950958981, -26.912129760421202 ], [ -48.639778143911094, -26.912758474050818 ], [ -48.639810743969186, -26.911288251409253 ], [ -48.637497950958981, -26.912129760421202 ] ] ], [ [ [ -48.621724956185389, -26.831647967485502 ], [ -48.622210334828097, -26.832188016372481 ], [ -48.623240858886675, -26.831402930378573 ], [ -48.621724956185389, -26.831647967485502 ] ] ] ] } },
{ "type": "Feature", "properties": { "id": null, "CD_MUN": "4211405", "NM_MUN": "Nova Erechim", "SIGLA_UF": "SC", "AREA_KM2": 65.087 }, "geometry": { "type": "Polygon", "coordinates": [ [ [ -52.845288871317294, -26.892875002492669 ], [ -52.860929654744176, -26.910111428461512 ], [ -52.853813786508397, -26.92492166465453 ], [ -52.888646948579868, -26.90514942704624 ], [ -52.889784328384415, -26.92009830265502 ], [ -52.875715592203314, -26.943758892249548 ], [ -52.90156562715606, -26.941608369219018 ], [ -52.911293122267892, -26.919521175784759 ], [ -52.918773024485702, -26.920265959622917 ], [ -52.918242367984533, -26.940283234338136 ], [ -52.894746781671778, -26.962887907452156 ], [ -52.894286758629811, -26.975616940322524 ], [ -52.943541824178389, -26.964770824168543 ], [ -52.929333632193227, -26.949530160952172 ], [ -52.934011740529449, -26.934573224912242 ], [ -52.926966505752866, -26.926396723554785 ], [ -52.942270421912795, -26.916566221725564 ], [ -52.939620761635638, -26.892760544370354 ], [ -52.950717459187345, -26.867973106501207 ], [ -52.895864239218604, -26.865180973151222 ], [ -52.897262419487895, -26.854488005189072 ], [ -52.889304383084728, -26.849909680296488 ], [ -52.875389591622387, -26.864686062678679 ], [ -52.893899180161384, -26.875380642727063 ], [ -52.879232776248585, -26.878558064685965 ], [ -52.875663069887494, -26.894619279793297 ], [ -52.854262942864331, -26.896768190737596 ], [ -52.852727117905324, -26.888146753580717 ], [ -52.845288871317294, -26.892875002492669 ] ] ] } },
{ "type": "Feature", "properties": { "id": null, "CD_MUN": "4211454", "NM_MUN": "Nova Itaberaba", "SIGLA_UF": "SC", "AREA_KM2": 137.388 }, "geometry": { "type": "Polygon", "coordinates": [ [ [ -52.757701570795348, -26.941937234809895 ], [ -52.76877110163197, -26.994650842437576 ], [ -52.821365862020663, -27.018464580223934 ], [ -52.840469496062667, -27.017951936802863 ], [ -52.840239484541684, -27.009752866238188 ], [ -52.891696865125823, -27.010599211508822 ], [ -52.892419499746865, -26.967658070606085 ], [ -52.91709412149396, -26.941946907327271 ], [ -52.921094873067602, -26.9272366204805 ], [ -52.914109405064188, -26.918178307955348 ], [ -52.90156562715606, -26.941608369219018 ], [ -52.87716629478841, -26.944126447909941 ], [ -52.890816663557338, -26.91666939524427 ], [ -52.887141912564616, -26.903492202402024 ], [ -52.858859551055325, -26.925539093680538 ], [ -52.850189746717149, -26.913061546262014 ], [ -52.833317405540114, -26.913917564050031 ], [ -52.806541891160421, -26.900382488064771 ], [ -52.783417583287047, -26.928564979533842 ], [ -52.757701570795348, -26.941937234809895 ] ] ] } },
{ "type": "Feature", "properties": { "id": null, "CD_MUN": "4211504", "NM_MUN": "Nova Trento", "SIGLA_UF": "SC", "AREA_KM2": 402.852 }, "geometry": { "type": "Polygon", "coordinates": [ [ [ -48.881911453161955, -27.184491728943083 ], [ -48.896949135514134, -27.215034314652556 ], [ -48.880393739346331, -27.214049329966159 ], [ -48.865404957081289, -27.219688407597943 ], [ -48.875340730342046, -27.224519830028601 ], [ -48.874781096011461, -27.235818942413154 ], [ -48.897537747674129, -27.249807014628981 ], [ -48.882559832095119, -27.306212299722869 ], [ -48.898693238622059, -27.305827011113951 ], [ -48.920607722117346, -27.328762161905075 ], [ -48.937159496056474, -27.329065234116275 ], [ -48.942413538752326, -27.338560422009699 ], [ -48.968946363810673, -27.338062287364696 ], [ -49.007488688047296, -27.375775432624245 ], [ -49.014303911302896, -27.370471668928261 ], [ -49.037730675270794, -27.375112865183805 ], [ -49.063091709352157, -27.398075421440836 ], [ -49.081994309702594, -27.403872483523138 ], [ -49.116572104652349, -27.396377894640878 ], [ -49.127491312998885, -27.419604833039593 ], [ -49.141199637426638, -27.42603866918266 ], [ -49.189103611678732, -27.406761342046909 ], [ -49.181123841903506, -27.384953039530401 ], [ -49.16140442898643, -27.371171314351987 ], [ -49.194109531710218, -27.33023399663287 ], [ -49.223569117539505, -27.322002684343595 ], [ -49.218592175337434, -27.304155277693667 ], [ -49.199524763582197, -27.292936769620603 ], [ -49.156079752831374, -27.291834102639431 ], [ -49.122181125758544, -27.275600394305513 ], [ -49.110227771124748, -27.280464058460769 ], [ -49.07494907492601, -27.270756075185016 ], [ -49.070723745174405, -27.280035243523649 ], [ -49.049448585040587, -27.269501872098246 ], [ -49.037569486094675, -27.271871638856027 ], [ -49.009350513587229, -27.248942936409819 ], [ -48.973182560248311, -27.240498828738215 ], [ -48.933327178116308, -27.212014877144174 ], [ -48.930769884670411, -27.201605636358462 ], [ -48.881911453161955, -27.184491728943083 ] ] ] } },
{ "type": "Feature", "properties": { "id": null, "CD_MUN": "4211603", "NM_MUN": "Nova Veneza", "SIGLA_UF": "SC", "AREA_KM2": 295.061 }, "geometry": { "type": "Polygon", "coordinates": [ [ [ -49.451653612866977, -28.63388299224416 ], [ -49.454944407619948, -28.66273772367105 ], [ -49.464450946782492, -28.674821922049503 ], [ -49.459546449153954, -28.681113894604348 ], [ -49.474515309161276, -28.698783971769004 ], [ -49.475781278083851, -28.723389243894186 ], [ -49.512842110791624, -28.720911467359009 ], [ -49.526679024337412, -28.751049419424806 ], [ -49.570917303168471, -28.750195013723022 ], [ -49.570009934884908, -28.76098309477273 ], [ -49.585610873796348, -28.763712356759754 ], [ -49.586181374812959, -28.775730459602787 ], [ -49.595512235884669, -28.775775598017223 ], [ -49.604767030154171, -28.75236165761585 ], [ -49.628061582775359, -28.750928512957572 ], [ -49.635253517813354, -28.760378562436561 ], [ -49.648146840788804, -28.74737869907959 ], [ -49.670751358847042, -28.753451427907184 ], [ -49.682101612406129, -28.737504670922167 ], [ -49.673386530209491, -28.728731697659686 ], [ -49.673933486739706, -28.700918373937235 ], [ -49.712325488486243, -28.664528751472339 ], [ -49.710179317995177, -28.640358742629196 ], [ -49.70413925167643, -28.630026881982516 ], [ -49.685658640966857, -28.620862171766198 ], [ -49.451653612866977, -28.63388299224416 ] ] ] } },
{ "type": "Feature", "properties": { "id": null, "CD_MUN": "4211652", "NM_MUN": "Novo Horizonte", "SIGLA_UF": "SC", "AREA_KM2": 151.722 }, "geometry": { "type": "Polygon", "coordinates": [ [ [ -52.755390588899481, -26.454452031440816 ], [ -52.74712285194444, -26.458059880423068 ], [ -52.746488961925984, -26.445443693588786 ], [ -52.737835457616853, -26.453974853916797 ], [ -52.746619362158349, -26.478446322884906 ], [ -52.739101426539428, -26.479300728586693 ], [ -52.746340450550228, -26.485907057956346 ], [ -52.737431579119374, -26.489695460596337 ], [ -52.747725953019142, -26.490388657675144 ], [ -52.745815227392079, -26.499693619393451 ], [ -52.756172990293692, -26.497725262106886 ], [ -52.74407655762716, -26.508356970792306 ], [ -52.755439488986617, -26.511407037939058 ], [ -52.730893456357556, -26.530463509261324 ], [ -52.73039902214316, -26.542362317723356 ], [ -52.713383602933391, -26.561512290046949 ], [ -52.710007685806509, -26.556366510801482 ], [ -52.706260490240254, -26.566400135495652 ], [ -52.690703018072938, -26.571210600805326 ], [ -52.700441379870803, -26.577112448492564 ], [ -52.688944426050298, -26.583652682326793 ], [ -52.727417927942064, -26.581279691396553 ], [ -52.751453226327683, -26.594859905796248 ], [ -52.773219198447215, -26.566853131726223 ], [ -52.765933085463615, -26.550056805298112 ], [ -52.795131870828165, -26.535386820607084 ], [ -52.794329547176226, -26.520710387571135 ], [ -52.776939227298399, -26.512454893988416 ], [ -52.781503235431302, -26.50290167099072 ], [ -52.799992901712571, -26.492848701261792 ], [ -52.841978154306602, -26.50030137590208 ], [ -52.845060670910648, -26.512864363890781 ], [ -52.86717075475449, -26.525142012616811 ], [ -52.883539606145433, -26.490998026269999 ], [ -52.87676784963395, -26.48759007598024 ], [ -52.880129277846123, -26.479121787015188 ], [ -52.861958367688416, -26.434697526781051 ], [ -52.87141057342081, -26.419277921993174 ], [ -52.849981468568224, -26.404285520056188 ], [ -52.776406759682892, -26.452051635044668 ], [ -52.766659342313339, -26.46557059016763 ], [ -52.755390588899481, -26.454452031440816 ] ] ] } },
{ "type": "Feature", "properties": { "id": null, "CD_MUN": "4211702", "NM_MUN": "Orleans", "SIGLA_UF": "SC", "AREA_KM2": 549.859 }, "geometry": { "type": "Polygon", "coordinates": [ [ [ -49.44035769273804, -28.13277082397472 ], [ -49.429791651687502, -28.150653696521708 ], [ -49.414029523599943, -28.148972290584044 ], [ -49.397830916956821, -28.158248234750214 ], [ -49.39577530218267, -28.193591613251982 ], [ -49.348847518559005, -28.238417282957336 ], [ -49.315329225497244, -28.241767198142828 ], [ -49.302493858180625, -28.252523037467942 ], [ -49.27824847053175, -28.245732930268094 ], [ -49.232434522226235, -28.256285646728255 ], [ -49.205273240492446, -28.273328622349524 ], [ -49.200222042602498, -28.288461275788499 ], [ -49.218141207867156, -28.28928182767946 ], [ -49.225208176015805, -28.298432029119709 ], [ -49.21512570249363, -28.301401491954969 ], [ -49.211579540618942, -28.328724741463567 ], [ -49.219984922263706, -28.341793924528417 ], [ -49.214432045702004, -28.361145407630737 ], [ -49.226260433446441, -28.369820043633201 ], [ -49.215442647502861, -28.388596011951485 ], [ -49.197436548749955, -28.379597346616837 ], [ -49.189770101755286, -28.389355304565715 ], [ -49.211298817896477, -28.401134818646742 ], [ -49.196099946368179, -28.423729819243384 ], [ -49.21438133450053, -28.433742486816566 ], [ -49.221453735992192, -28.428836908419335 ], [ -49.21363877762176, -28.422375666810364 ], [ -49.238789722439869, -28.418829077104842 ], [ -49.238213788080238, -28.413320578457672 ], [ -49.259639270704142, -28.42129718112264 ], [ -49.277509535881663, -28.417547468552165 ], [ -49.288484888772686, -28.412737003242491 ], [ -49.288314644024872, -28.395665010069084 ], [ -49.309115292202016, -28.407010872954302 ], [ -49.3283638153911, -28.406496617447001 ], [ -49.335524961485341, -28.417865049539433 ], [ -49.342729574323712, -28.409712729475416 ], [ -49.333264690790955, -28.404446043762714 ], [ -49.339105534532465, -28.401294415183489 ], [ -49.340389614598429, -28.365361013121621 ], [ -49.358489891296934, -28.363087971537627 ], [ -49.360831662136547, -28.34098143306861 ], [ -49.406038887138685, -28.335751825339191 ], [ -49.432816212632723, -28.316013441541724 ], [ -49.457898335105966, -28.321322041496401 ], [ -49.482935179720741, -28.304254884581685 ], [ -49.525653933621847, -28.306782635789986 ], [ -49.526869191342946, -28.284563251284883 ], [ -49.51981852322335, -28.275964383335218 ], [ -49.51594273853906, -28.261200897642865 ], [ -49.52234683883983, -28.270775077761549 ], [ -49.534278460101561, -28.265875947709237 ], [ -49.548405151941495, -28.272815978928453 ], [ -49.542636752773525, -28.258350729188606 ], [ -49.531165154553761, -28.253075983044756 ], [ -49.541439606195809, -28.247272472617539 ], [ -49.533805759259224, -28.241830069505788 ], [ -49.549988065873308, -28.239656977268041 ], [ -49.529935407917947, -28.224877370713386 ], [ -49.535249217386969, -28.218931996697947 ], [ -49.526450823930766, -28.209560939444216 ], [ -49.532547034794, -28.207431373534675 ], [ -49.531022076521019, -28.187786490738535 ], [ -49.511262819088493, -28.1727860283704 ], [ -49.517016729341762, -28.170503314269027 ], [ -49.509828416532443, -28.167851432421035 ], [ -49.51055467338216, -28.155057916101473 ], [ -49.490588948915047, -28.145899654230075 ], [ -49.487245631846264, -28.127936177371602 ], [ -49.470740946879936, -28.126551395300218 ], [ -49.475493310904042, -28.135008399661661 ], [ -49.460778006904107, -28.139506120242757 ], [ -49.44035769273804, -28.13277082397472 ] ] ] } },
{ "type": "Feature", "properties": { "id": null, "CD_MUN": "4211751", "NM_MUN": "Otacílio Costa", "SIGLA_UF": "SC", "AREA_KM2": 847.253 }, "geometry": { "type": "Polygon", "coordinates": [ [ [ -49.956695523945086, -27.401721960492608 ], [ -49.950320401473732, -27.410638409429538 ], [ -49.946066093892703, -27.406479226956698 ], [ -49.951414314534162, -27.416109830093422 ], [ -49.941103640605341, -27.41695456327783 ], [ -49.94521849238231, -27.424536204816501 ], [ -49.929143041514195, -27.420412488240714 ], [ -49.930733199903358, -27.415423081359535 ], [ -49.918303522198556, -27.432715930346422 ], [ -49.907123513387283, -27.432251649512242 ], [ -49.910986620271203, -27.441371221314128 ], [ -49.88817925740706, -27.465770146401898 ], [ -49.892232531296514, -27.49713973234725 ], [ -49.849660477656826, -27.493675359039443 ], [ -49.851089446869871, -27.505124395443367 ], [ -49.825759201732261, -27.549993591476923 ], [ -49.790853595087242, -27.570365525162693 ], [ -49.778777084678438, -27.586052736264715 ], [ -49.763476790747184, -27.580834413138906 ], [ -49.757594291375888, -27.596679608691446 ], [ -49.750516456541213, -27.595705908608657 ], [ -49.732055768089353, -27.619509973877637 ], [ -49.742134619382846, -27.631149236456672 ], [ -49.739017691606371, -27.64760702477653 ], [ -49.730581521017854, -27.651258400086988 ], [ -49.734515261360976, -27.663968087922601 ], [ -49.759512261460308, -27.669734520366536 ], [ -49.765793205986064, -27.657882462405169 ], [ -49.787378066671756, -27.67223002985024 ], [ -49.79549910336538, -27.664600025724674 ], [ -49.821532060866311, -27.690907660908508 ], [ -49.823649253527961, -27.683425968716083 ], [ -49.834668073163115, -27.687235328477062 ], [ -49.83471335102157, -27.672034967416437 ], [ -49.850491779138181, -27.66857059410863 ], [ -49.862276700138494, -27.676053898387284 ], [ -49.864428303972581, -27.692181209030036 ], [ -49.885261552207808, -27.66529644697594 ], [ -49.88857770256152, -27.648251859268441 ], [ -49.892976899289621, -27.66322491617067 ], [ -49.902146571185213, -27.65272378646986 ], [ -49.918515422576149, -27.65123905505223 ], [ -49.908632171631211, -27.671801214913117 ], [ -49.937034066686842, -27.647756948795898 ], [ -49.948748354227959, -27.647286219616802 ], [ -49.945888604687539, -27.637033351195381 ], [ -49.955831622405647, -27.641028100872784 ], [ -49.953415595878148, -27.657387551932626 ], [ -49.968563756204972, -27.659218881889657 ], [ -49.976431236891216, -27.64469720913177 ], [ -49.991324030096322, -27.641581046449598 ], [ -49.985142696859178, -27.633143387122914 ], [ -49.97252647437751, -27.634479806607406 ], [ -49.985720442333147, -27.619206901666438 ], [ -49.997389452015803, -27.625618168602287 ], [ -50.009605418228666, -27.618655568175853 ], [ -49.996174194294696, -27.634992450028477 ], [ -49.998972365947608, -27.640913642750469 ], [ -50.007979037552737, -27.631937546623035 ], [ -50.023440520660117, -27.632530794355596 ], [ -50.012447056625703, -27.624031875752181 ], [ -50.021515306118339, -27.613972457678333 ], [ -50.014576927087724, -27.603498733443431 ], [ -50.029607364982546, -27.593315184729889 ], [ -50.013323635965513, -27.580976276727128 ], [ -50.018539645260262, -27.57032522300695 ], [ -50.040070172515797, -27.585446591842317 ], [ -50.053733219085089, -27.565609870784833 ], [ -50.044337157897189, -27.561350738965746 ], [ -50.047562752533977, -27.555877706215632 ], [ -50.064933150154083, -27.568284321840043 ], [ -50.07676153789852, -27.556880423850558 ], [ -50.079125042110206, -27.567729764176999 ], [ -50.099726467710113, -27.56207456568292 ], [ -50.093581356759742, -27.542321673109385 ], [ -50.098672399165132, -27.536147382849315 ], [ -50.114217193532077, -27.530181051712887 ], [ -50.124859301384831, -27.537751408647949 ], [ -50.13913450460052, -27.527883828835446 ], [ -50.132542048408553, -27.515340185881502 ], [ -50.13981729470612, -27.505933662730715 ], [ -50.127489039404267, -27.492680701835667 ], [ -50.152696128766863, -27.501982439381518 ], [ -50.143372512152503, -27.488400612895592 ], [ -50.159879008233169, -27.475034805964462 ], [ -50.156264024013616, -27.464696496972863 ], [ -50.1812682685703, -27.455336724322738 ], [ -50.182012636563407, -27.445573930115174 ], [ -50.174204922650333, -27.451300060403362 ], [ -50.174974646244173, -27.443051015165562 ], [ -50.163733059545393, -27.440721550563524 ], [ -50.167353477107966, -27.431834119178728 ], [ -50.150334435669514, -27.414373613223948 ], [ -50.157520937364502, -27.40817997792912 ], [ -50.144897470425477, -27.402413545485185 ], [ -50.138701648273631, -27.363628362882828 ], [ -50.125761236325381, -27.360731443927907 ], [ -50.12701090521891, -27.350891269581311 ], [ -50.113923793009249, -27.350160994519221 ], [ -50.113451092166912, -27.341138147891122 ], [ -50.102868751087328, -27.340954370060928 ], [ -50.101760349112197, -27.326942116551653 ], [ -50.090373873266337, -27.329969614491183 ], [ -50.088872459479759, -27.309067304435814 ], [ -50.073407354143704, -27.303273466525972 ], [ -50.058581572169125, -27.312509108536403 ], [ -50.060830976177485, -27.32235089496923 ], [ -50.05301601780706, -27.315997663137654 ], [ -50.026427048204226, -27.324968923006395 ], [ -50.008379293821534, -27.319050954456863 ], [ -50.018632012091523, -27.332479632750957 ], [ -50.025200923797094, -27.329060397857585 ], [ -50.024039999506144, -27.344167257916887 ], [ -50.044174157606733, -27.335324964946523 ], [ -50.044199513207467, -27.348627900514696 ], [ -50.030156132627098, -27.356257904640259 ], [ -50.032655470414163, -27.371988642070484 ], [ -50.012528556770931, -27.378709429562452 ], [ -50.009647073858453, -27.387627490585611 ], [ -50.017724643807952, -27.398017386336566 ], [ -50.00629832344665, -27.398264035529721 ], [ -49.986903099996155, -27.418627908784345 ], [ -49.979149719513238, -27.416927157811923 ], [ -49.987933624054733, -27.403999838335292 ], [ -49.970805915755982, -27.412389135075085 ], [ -49.956695523945086, -27.401721960492608 ] ] ] } },
{ "type": "Feature", "properties": { "id": null, "CD_MUN": "4211801", "NM_MUN": "Ouro", "SIGLA_UF": "SC", "AREA_KM2": 213.543 }, "geometry": { "type": "Polygon", "coordinates": [ [ [ -51.685474793458106, -27.183371329013383 ], [ -51.668852386059783, -27.201060751212797 ], [ -51.656467986213435, -27.201586291323704 ], [ -51.651387810494072, -27.220283267416733 ], [ -51.647559114782581, -27.214208926502909 ], [ -51.633398011770211, -27.225311364367425 ], [ -51.648538927639684, -27.235640000841649 ], [ -51.634714691894267, -27.26150753648475 ], [ -51.628136724617008, -27.255600852538823 ], [ -51.597175725001144, -27.271107509983107 ], [ -51.603561714158531, -27.287552401613127 ], [ -51.595964089508719, -27.302862384537377 ], [ -51.612043162605509, -27.327153299847755 ], [ -51.592196971684736, -27.332458675629969 ], [ -51.624999874582805, -27.35261781393341 ], [ -51.63575970486756, -27.344734712269769 ], [ -51.649545907211866, -27.350746181820632 ], [ -51.66572278048293, -27.33891346889402 ], [ -51.673246149444864, -27.358835630521682 ], [ -51.688247609510277, -27.351942349803132 ], [ -51.689359633714091, -27.367502206092997 ], [ -51.707077765287181, -27.368519432503991 ], [ -51.737017296416148, -27.350978322237719 ], [ -51.729952139381844, -27.335479725224584 ], [ -51.760585327302444, -27.307037687872516 ], [ -51.750973743508276, -27.285658200293131 ], [ -51.764957357315474, -27.259761647097893 ], [ -51.738969677673005, -27.246423245632666 ], [ -51.719779110142753, -27.217450831911002 ], [ -51.724727074515407, -27.206790105673445 ], [ -51.717241738954577, -27.199574407708937 ], [ -51.685474793458106, -27.183371329013383 ] ] ] } },
{ "type": "Feature", "properties": { "id": null, "CD_MUN": "4211850", "NM_MUN": "Ouro Verde", "SIGLA_UF": "SC", "AREA_KM2": 188.568 }, "geometry": { "type": "Polygon", "coordinates": [ [ [ -52.178338771724455, -26.70091261050877 ], [ -52.195480968937922, -26.734872819025384 ], [ -52.210987729903756, -26.741558140620295 ], [ -52.207403534627957, -26.766609960631126 ], [ -52.221626215527834, -26.766919481187244 ], [ -52.226293457178031, -26.777114314504395 ], [ -52.229426684983551, -26.760595266907806 ], [ -52.255227819849161, -26.76316332027185 ], [ -52.262153521079405, -26.751733628902684 ], [ -52.265591016093794, -26.759569980065663 ], [ -52.277736348847462, -26.758117490372626 ], [ -52.276292890719709, -26.773408128262123 ], [ -52.30232584822064, -26.76293762819968 ], [ -52.309697083578151, -26.778555519593819 ], [ -52.31766055332433, -26.773254980070291 ], [ -52.316133783937012, -26.753437604047566 ], [ -52.353752439861026, -26.761855918339496 ], [ -52.37087833704544, -26.748631974996584 ], [ -52.353725273145947, -26.721668220717227 ], [ -52.364515892374456, -26.713101594492159 ], [ -52.358722137605746, -26.70641949706971 ], [ -52.369746390583913, -26.667237741254826 ], [ -52.357476090940885, -26.661469696724662 ], [ -52.338783579853711, -26.66683955595607 ], [ -52.281280699607812, -26.643802843732466 ], [ -52.253936495325846, -26.675843057549407 ], [ -52.233231836208645, -26.681022690605701 ], [ -52.215781749557642, -26.671622615799837 ], [ -52.219778878902609, -26.665965805219528 ], [ -52.19937124253692, -26.663085007126906 ], [ -52.17990176339854, -26.678286980273761 ], [ -52.185940018602949, -26.683776133886173 ], [ -52.18602695209119, -26.697462745977031 ], [ -52.178338771724455, -26.70091261050877 ] ] ] } },
{ "type": "Feature", "properties": { "id": null, "CD_MUN": "4211876", "NM_MUN": "Paial", "SIGLA_UF": "SC", "AREA_KM2": 86.048 }, "geometry": { "type": "Polygon", "coordinates": [ [ [ -52.401890047862778, -27.19062732913364 ], [ -52.426792870016513, -27.216760859004655 ], [ -52.444853302199576, -27.216922067627632 ], [ -52.479193841170989, -27.234921010383164 ], [ -52.480396421091726, -27.266477598331171 ], [ -52.538107579486542, -27.257200042078768 ], [ -52.54532305901094, -27.239578327501007 ], [ -52.536589865670919, -27.231485654627495 ], [ -52.544191112549406, -27.220286491589192 ], [ -52.523433931116394, -27.207605821305716 ], [ -52.51346918002622, -27.190741787255952 ], [ -52.527882027931632, -27.179099300504458 ], [ -52.519304590424717, -27.177833812814079 ], [ -52.523127852793195, -27.165001606425005 ], [ -52.506284489445576, -27.159393158431588 ], [ -52.460637163659193, -27.172760577448951 ], [ -52.433778338019934, -27.199197179531165 ], [ -52.438318801666433, -27.182583018847019 ], [ -52.421214637854078, -27.190425818354917 ], [ -52.413685835549131, -27.182647502296213 ], [ -52.401890047862778, -27.19062732913364 ] ] ] } },
{ "type": "Feature", "properties": { "id": null, "CD_MUN": "4211892", "NM_MUN": "Painel", "SIGLA_UF": "SC", "AREA_KM2": 738.331 }, "geometry": { "type": "Polygon", "coordinates": [ [ [ -49.880442176953181, -27.895915054663817 ], [ -49.865591039377868, -27.911473298867453 ], [ -49.965403361684373, -27.95576375594452 ], [ -49.966537119260245, -27.995935332704487 ], [ -49.981268723289226, -27.997344296069318 ], [ -49.987508012185195, -28.005885128914709 ], [ -50.001765104257501, -28.003171987789987 ], [ -50.002580105709811, -28.018145044692211 ], [ -49.994276146467996, -28.027354893322965 ], [ -50.011816788835922, -28.034272355334963 ], [ -50.00711332489896, -28.043938424368744 ], [ -50.017764488323401, -28.045271619680776 ], [ -50.010136074729836, -28.056477231063997 ], [ -50.017574321317866, -28.060947546179186 ], [ -50.01548248425695, -28.07074419419758 ], [ -50.040182461604779, -28.066730099485419 ], [ -50.053159095839796, -28.077463369603318 ], [ -50.042766921765754, -28.088999458663647 ], [ -50.060264097389549, -28.0892622287191 ], [ -50.072284463253865, -28.100945017626341 ], [ -50.059083250840878, -28.11306145772939 ], [ -50.082781681959538, -28.110306402362692 ], [ -50.076053392192186, -28.122896795817297 ], [ -50.100974325489304, -28.110022675186251 ], [ -50.09530191538127, -28.122582439002493 ], [ -50.105507544678453, -28.124792609223523 ], [ -50.115387173394716, -28.140223498615008 ], [ -50.103493585534096, -28.161088730687094 ], [ -50.130212955369302, -28.156734485780451 ], [ -50.132891593475868, -28.146365547150484 ], [ -50.1402356621183, -28.155947787700313 ], [ -50.148800421824845, -28.142362737041932 ], [ -50.158785095172739, -28.155804312025865 ], [ -50.173858999811685, -28.161241878878922 ], [ -50.20136258215544, -28.109148924449705 ], [ -50.191812576248779, -28.089305755047306 ], [ -50.1979649316565, -27.975511812259363 ], [ -50.180835412243411, -27.940782638611143 ], [ -50.192497177468709, -27.914919939226731 ], [ -50.205758156654866, -27.910178793624937 ], [ -50.213232625529663, -27.896785581227899 ], [ -50.214121882669843, -27.875188462007493 ], [ -50.204030353575988, -27.865817404753763 ], [ -50.169010646727649, -27.869054473903166 ], [ -50.1411774415743, -27.853156079505045 ], [ -50.131022523478585, -27.858646845203687 ], [ -50.096002816630254, -27.854843933787627 ], [ -50.095258448637146, -27.846019373765795 ], [ -50.071402450571036, -27.840011128387392 ], [ -50.06656677528737, -27.811233777099531 ], [ -50.028000906564337, -27.81517371584512 ], [ -50.003529129623161, -27.79628812566321 ], [ -49.98514088574484, -27.817514465050767 ], [ -49.989518349100884, -27.826164919759783 ], [ -49.966392230113172, -27.836351692645785 ], [ -49.959089817100526, -27.847713676393298 ], [ -49.908927383268377, -27.845927484850698 ], [ -49.911261909650648, -27.853610687821842 ], [ -49.893804578542294, -27.85921268747034 ], [ -49.898759787372299, -27.865559470956995 ], [ -49.877624083042548, -27.887591853459444 ], [ -49.880442176953181, -27.895915054663817 ] ] ] } },
{ "type": "Feature", "properties": { "id": null, "CD_MUN": "4211900", "NM_MUN": "Palhoça", "SIGLA_UF": "SC", "AREA_KM2": 394.85 }, "geometry": { "type": "Polygon", "coordinates": [ [ [ -48.602672033344859, -27.662604262972202 ], [ -48.601328186505725, -27.721419616979617 ], [ -48.58793137374419, -27.750501652564907 ], [ -48.601985621010584, -27.78015114250308 ], [ -48.577863389136724, -27.823093895492047 ], [ -48.576035974769226, -27.845419677688316 ], [ -48.579784981449826, -27.853138346556516 ], [ -48.595679320884095, -27.850813718213168 ], [ -48.60206712115582, -27.867555233709467 ], [ -48.592957216033398, -27.884643347745172 ], [ -48.575010884053661, -27.877540495816746 ], [ -48.582507086300524, -27.906651548954173 ], [ -48.606931774268901, -27.916956004134946 ], [ -48.624570216811101, -27.910493150439745 ], [ -48.635750225622374, -27.915090820367087 ], [ -48.640767012339893, -27.905118454949648 ], [ -48.647806813773457, -27.91179571611341 ], [ -48.643878506773355, -27.905548881973001 ], [ -48.651724254087533, -27.901204309583733 ], [ -48.660754470179064, -27.910032093778028 ], [ -48.723951493905055, -27.894710826250169 ], [ -48.737580129301918, -27.86277701012439 ], [ -48.736415582782293, -27.843278827175162 ], [ -48.748363504073069, -27.827569046865925 ], [ -48.741388902755688, -27.825205728453064 ], [ -48.739979855800371, -27.791904863204429 ], [ -48.674951795478201, -27.757411054145756 ], [ -48.690652345678252, -27.749266794512891 ], [ -48.706171784444464, -27.696135656551697 ], [ -48.723938816104692, -27.689169831952803 ], [ -48.72068243252415, -27.679353838899651 ], [ -48.730859083991916, -27.678973386549423 ], [ -48.743596651134261, -27.642146888716255 ], [ -48.740651779219938, -27.617704437300279 ], [ -48.705872950578616, -27.611388283451987 ], [ -48.671450911461967, -27.619750174725876 ], [ -48.667522604461865, -27.606729354247914 ], [ -48.643557939535448, -27.628224912035844 ], [ -48.63822783003738, -27.650541021714734 ], [ -48.602672033344859, -27.662604262972202 ] ] ] } },
{ "type": "Feature", "properties": { "id": null, "CD_MUN": "4212007", "NM_MUN": "Palma Sola", "SIGLA_UF": "SC", "AREA_KM2": 330.878 }, "geometry": { "type": "Polygon", "coordinates": [ [ [ -53.160154721286105, -26.350611109035555 ], [ -53.191465265969285, -26.369362896060395 ], [ -53.219995750142942, -26.374242681077948 ], [ -53.232621028196299, -26.369127531470845 ], [ -53.257326438887148, -26.381398731851956 ], [ -53.264234028974009, -26.404894888651047 ], [ -53.27610045011955, -26.397995159587573 ], [ -53.274059324260115, -26.40888641415599 ], [ -53.266113965657318, -26.410434016936584 ], [ -53.284744898856992, -26.409355531248856 ], [ -53.275944694286444, -26.418086590269365 ], [ -53.286688224542154, -26.418297773565463 ], [ -53.285213977470647, -26.433124130620783 ], [ -53.291556499883917, -26.432579245475115 ], [ -53.281117236837069, -26.439562803022536 ], [ -53.28700335843704, -26.444679564715869 ], [ -53.281992005062541, -26.451253652360926 ], [ -53.289901141378571, -26.4606488909081 ], [ -53.301756695838087, -26.457055550701913 ], [ -53.306215659339358, -26.46972816055424 ], [ -53.316258288346084, -26.462799413938633 ], [ -53.313360505404553, -26.457524667794782 ], [ -53.321374686352215, -26.468844737300319 ], [ -53.33328457424188, -26.468222472015622 ], [ -53.339234084843703, -26.481865557778278 ], [ -53.347749944463111, -26.477264663678476 ], [ -53.347826011265326, -26.487045190834571 ], [ -53.361945458647909, -26.488662113323045 ], [ -53.356417937686949, -26.495421590884526 ], [ -53.361690091526185, -26.498089593594816 ], [ -53.350874116696943, -26.504568568152315 ], [ -53.378089731860882, -26.515662945585685 ], [ -53.399868381780784, -26.511776205685678 ], [ -53.400811972351121, -26.524255365190431 ], [ -53.419006426995225, -26.508885735075676 ], [ -53.407578295519578, -26.509150117217359 ], [ -53.416903723248275, -26.494296354696136 ], [ -53.404704057064457, -26.493159833904141 ], [ -53.415791699044469, -26.481373871478194 ], [ -53.401592562630995, -26.48124812875227 ], [ -53.409664699237481, -26.477243706557491 ], [ -53.40962666583637, -26.462096544342447 ], [ -53.393719648601738, -26.464727469069452 ], [ -53.380784669996501, -26.449177285296962 ], [ -53.370903230165901, -26.452382112721772 ], [ -53.37619349514852, -26.447552302377343 ], [ -53.368764304132185, -26.44110718163067 ], [ -53.378676532906539, -26.434581456572506 ], [ -53.364020995679773, -26.431895720913687 ], [ -53.368795093075938, -26.423902997386421 ], [ -53.360427744832286, -26.422906728096414 ], [ -53.402664742319359, -26.427670442905423 ], [ -53.414728574927793, -26.416195613121829 ], [ -53.401483895770689, -26.407988482126001 ], [ -53.408659530779637, -26.391738652929785 ], [ -53.395494540653416, -26.386007686382907 ], [ -53.405426691685498, -26.379083776025986 ], [ -53.393395459135149, -26.370773471511455 ], [ -53.39573722997477, -26.360620552436281 ], [ -53.371519009040973, -26.344733442641765 ], [ -53.375900094625692, -26.335778303635319 ], [ -53.367130678998898, -26.336885806875181 ], [ -53.372879155909153, -26.332639571745933 ], [ -53.363004960535903, -26.326671628523272 ], [ -53.365551387295767, -26.317237699906581 ], [ -53.342955924809225, -26.297220425191362 ], [ -53.342298490304366, -26.249081918283807 ], [ -53.304855512471178, -26.260529342601497 ], [ -53.280836514114611, -26.246135024655761 ], [ -53.279820478970734, -26.258831815801535 ], [ -53.267064800685006, -26.263756739233521 ], [ -53.264534673954188, -26.289329263096576 ], [ -53.253338365113869, -26.288655411052524 ], [ -53.226015894203961, -26.318475782131056 ], [ -53.197604943576643, -26.329787791205444 ], [ -53.184468931279838, -26.343806493059638 ], [ -53.160154721286105, -26.350611109035555 ] ] ] } },
{ "type": "Feature", "properties": { "id": null, "CD_MUN": "4212056", "NM_MUN": "Palmeira", "SIGLA_UF": "SC", "AREA_KM2": 289.097 }, "geometry": { "type": "Polygon", "coordinates": [ [ [ -50.046503250645983, -27.578559759468682 ], [ -50.05471484305653, -27.617968819441963 ], [ -50.068256544965145, -27.627149650520579 ], [ -50.07854005217888, -27.624550967518168 ], [ -50.10462009865261, -27.67586850847086 ], [ -50.133862350761284, -27.694438129751735 ], [ -50.136709422501333, -27.707670133525795 ], [ -50.150540902704101, -27.6530236345086 ], [ -50.162110301098139, -27.66701815506935 ], [ -50.184329051802287, -27.652264341894373 ], [ -50.1835901171522, -27.642441900496305 ], [ -50.193540379327665, -27.635822674436813 ], [ -50.191041041540593, -27.59366984370044 ], [ -50.202378617299317, -27.58647349077069 ], [ -50.198428576927149, -27.5823062478667 ], [ -50.209679219197618, -27.568187596666256 ], [ -50.204001375746572, -27.565630827905821 ], [ -50.215699363258636, -27.559372709161803 ], [ -50.210289564729678, -27.553732019443789 ], [ -50.225997359387087, -27.540367824598889 ], [ -50.223932689041249, -27.532133288137153 ], [ -50.234540385721573, -27.527687154315412 ], [ -50.22513889119066, -27.514102103657027 ], [ -50.239589772497183, -27.516454137466283 ], [ -50.243228301203132, -27.526605444455228 ], [ -50.250856714796697, -27.516961944628665 ], [ -50.249194111834001, -27.523276486390724 ], [ -50.258102983264848, -27.518909344794242 ], [ -50.269657892744185, -27.525043332898569 ], [ -50.291364098090547, -27.516215548704274 ], [ -50.299706090733466, -27.497072024725597 ], [ -50.271842096636355, -27.49512623664625 ], [ -50.281920947929855, -27.480577158422456 ], [ -50.265343818389987, -27.445491713717452 ], [ -50.250481814128641, -27.455280301304697 ], [ -50.24563164993026, -27.475526492264546 ], [ -50.22743538417182, -27.48456384766871 ], [ -50.212341557275145, -27.45524967166633 ], [ -50.190389040378754, -27.458183668604537 ], [ -50.186140166140738, -27.440915000911097 ], [ -50.178718219581761, -27.460482503568208 ], [ -50.156946814119209, -27.463951713134701 ], [ -50.159879008233169, -27.475034805964462 ], [ -50.143617012588194, -27.487691294954491 ], [ -50.153978397718483, -27.500971661315443 ], [ -50.127262650111959, -27.493022464116383 ], [ -50.139800994677074, -27.505885300143824 ], [ -50.132542048408553, -27.515340185881502 ], [ -50.13913450460052, -27.527883828835446 ], [ -50.124859301384831, -27.537751408647949 ], [ -50.114217193532077, -27.530181051712887 ], [ -50.099212111237989, -27.535692774532517 ], [ -50.093581356759742, -27.542321673109385 ], [ -50.100430991187771, -27.560983183305357 ], [ -50.088646070187451, -27.566554553315488 ], [ -50.077848206501592, -27.567202611979859 ], [ -50.077255972112923, -27.556820776660054 ], [ -50.064750227605899, -27.568253692201679 ], [ -50.047562752533977, -27.555877706215632 ], [ -50.044337157897189, -27.561350738965746 ], [ -50.053769441371855, -27.564961812120462 ], [ -50.046503250645983, -27.578559759468682 ] ] ] } },
{ "type": "Feature", "properties": { "id": null, "CD_MUN": "4212106", "NM_MUN": "Palmitos", "SIGLA_UF": "SC", "AREA_KM2": 351.051 }, "geometry": { "type": "Polygon", "coordinates": [ [ [ -53.130738602200942, -27.014240914301901 ], [ -53.102222606941993, -27.043210103851109 ], [ -53.11330119335031, -27.046560019036598 ], [ -53.100820804444027, -27.053516171118112 ], [ -53.106811970675629, -27.066001778967784 ], [ -53.094454737544368, -27.064944250401048 ], [ -53.098920945502989, -27.079356301295309 ], [ -53.075189914326238, -27.090595766489358 ], [ -53.088291515450607, -27.094543765666096 ], [ -53.076700383684503, -27.107845089148039 ], [ -53.069711293452414, -27.14873565636649 ], [ -53.075325747901616, -27.16197894474416 ], [ -53.132183871443026, -27.180229372951537 ], [ -53.15028414814153, -27.143781715382367 ], [ -53.159397675492627, -27.139999761087296 ], [ -53.172361631927281, -27.148021502166696 ], [ -53.185995700667156, -27.191594580871509 ], [ -53.24165848874518, -27.171635341260561 ], [ -53.293066969242183, -27.196919301688482 ], [ -53.310991567849861, -27.218729216291219 ], [ -53.320603151644029, -27.216243379324894 ], [ -53.320726307419044, -27.198237988224445 ], [ -53.294323882593069, -27.147347650122647 ], [ -53.296198385933373, -27.132352024013205 ], [ -53.278835232770618, -27.141255576260296 ], [ -53.28040003555904, -27.11900072585814 ], [ -53.271851575881541, -27.121923438192734 ], [ -53.266327677149256, -27.102747672489464 ], [ -53.249775903210136, -27.103929331695895 ], [ -53.254736545383153, -27.090964934235977 ], [ -53.232436294533777, -27.085338753294035 ], [ -53.234263708901281, -27.070855770605661 ], [ -53.217230178548121, -27.068772955196781 ], [ -53.216322810264558, -27.057556059209951 ], [ -53.22367412336434, -27.058973083005927 ], [ -53.228737999054658, -27.048713766239587 ], [ -53.220339861867245, -27.047809385864682 ], [ -53.204632067209843, -26.968120739354035 ], [ -53.192747534920912, -26.969561944443459 ], [ -53.190941853925473, -26.951108393371129 ], [ -53.167000733485459, -26.956742634744224 ], [ -53.143065046388458, -26.943847556992186 ], [ -53.134123574899512, -26.956868377470148 ], [ -53.138053693013951, -26.965297976365683 ], [ -53.125207459011307, -26.975715277582541 ], [ -53.125991671519856, -26.983840192180651 ], [ -53.134875187349969, -26.983927244837059 ], [ -53.128688420769812, -26.989469597295052 ], [ -53.135670266544551, -26.992866262981206 ], [ -53.131412336734847, -27.002151879664758 ], [ -53.124964769689953, -27.003398022320379 ], [ -53.130738602200942, -27.014240914301901 ] ] ] } },
{ "type": "Feature", "properties": { "id": null, "CD_MUN": "4212205", "NM_MUN": "Papanduva", "SIGLA_UF": "SC", "AREA_KM2": 764.737 }, "geometry": { "type": "Polygon", "coordinates": [ [ [ -50.153040240491165, -26.208890996489078 ], [ -50.149854490369826, -26.220836555451772 ], [ -50.13989698373701, -26.222087534366086 ], [ -50.145676249591013, -26.227238149870242 ], [ -50.136573588925948, -26.238642047859727 ], [ -50.148494343501646, -26.24845320465419 ], [ -50.114483427339827, -26.255970362743668 ], [ -50.123787121696466, -26.272710266153737 ], [ -50.115894285409489, -26.281454221864085 ], [ -50.109877763577146, -26.273289005110232 ], [ -50.098346398584212, -26.278355792130441 ], [ -50.11286791334993, -26.290077271107194 ], [ -50.122135385419796, -26.283461269220162 ], [ -50.127182961081068, -26.292669505764685 ], [ -50.11652455319927, -26.30662211208346 ], [ -50.123749088295355, -26.325530271472587 ], [ -50.11183920040569, -26.339507059084809 ], [ -50.111672577886551, -26.352913168171685 ], [ -50.09998726817485, -26.34663409230668 ], [ -50.086195632487524, -26.35874247197858 ], [ -50.088749303704745, -26.386492924338071 ], [ -50.071911373700146, -26.411393208243304 ], [ -50.076268914798462, -26.433849569424183 ], [ -50.070125614962429, -26.450063932723346 ], [ -50.083683616900089, -26.472218833779255 ], [ -50.091071152286645, -26.524005491824813 ], [ -50.106438457448419, -26.516410953596303 ], [ -50.12532475776981, -26.523668565802787 ], [ -50.131727046956243, -26.551352922626855 ], [ -50.122832664440104, -26.557997942066024 ], [ -50.130042710621481, -26.562245789281501 ], [ -50.118652612546953, -26.563864323856205 ], [ -50.125303024397752, -26.57781209391629 ], [ -50.132667015297905, -26.576527261191153 ], [ -50.124277933682187, -26.58583222290946 ], [ -50.133342560946147, -26.589473925702542 ], [ -50.125310268855102, -26.591850140805242 ], [ -50.132042180851137, -26.594452047980113 ], [ -50.129311020428752, -26.602067543329607 ], [ -50.119473047342268, -26.603505524246575 ], [ -50.129169753510347, -26.607634077081048 ], [ -50.1185747346304, -26.611972201125397 ], [ -50.124080522219295, -26.616426395378287 ], [ -50.112947602380821, -26.61632805811827 ], [ -50.110343219962125, -26.632482774226929 ], [ -50.121206283764167, -26.629700313394324 ], [ -50.125951403330916, -26.643369192536653 ], [ -50.138250680803353, -26.643369192536653 ], [ -50.128975964276137, -26.649085650307466 ], [ -50.132478659406701, -26.676673281957747 ], [ -50.113007369153991, -26.710291728193646 ], [ -50.121454406428541, -26.737016893710994 ], [ -50.107010769579375, -26.756806864267816 ], [ -50.105998356664173, -26.791889084800356 ], [ -50.085985543224268, -26.8099428384877 ], [ -50.101195281438599, -26.817595411820481 ], [ -50.143151556203208, -26.794711847788708 ], [ -50.156890669574722, -26.79818750570012 ], [ -50.162079512154385, -26.789035692173641 ], [ -50.199473589900435, -26.813713508179163 ], [ -50.219582392400284, -26.813937588165103 ], [ -50.218854324436222, -26.776583938134795 ], [ -50.224381845397183, -26.76346800456928 ], [ -50.242228566088308, -26.759033155351144 ], [ -50.252528373331089, -26.719341980287652 ], [ -50.246747296362749, -26.698447730663432 ], [ -50.216409320079315, -26.674569509427879 ], [ -50.205417667159239, -26.638995602595251 ], [ -50.20838246133129, -26.617433949271902 ], [ -50.195317082493688, -26.590149389832821 ], [ -50.203633719535866, -26.580681607405303 ], [ -50.19946996767176, -26.541475670296975 ], [ -50.206105890607851, -26.519741523747037 ], [ -50.189804050447435, -26.479919769698931 ], [ -50.169025135642357, -26.470269821527449 ], [ -50.186515066808802, -26.45642200081361 ], [ -50.18610575496831, -26.444574779110933 ], [ -50.245959461625517, -26.452557830120817 ], [ -50.269081958384554, -26.443791305203256 ], [ -50.274884768724959, -26.422916400613794 ], [ -50.265287673845492, -26.406618208830686 ], [ -50.286519367235186, -26.418513793120255 ], [ -50.293513890810296, -26.407896593210904 ], [ -50.27967516615017, -26.393744088199636 ], [ -50.29062516344046, -26.373094875682341 ], [ -50.281460924887881, -26.350593376087026 ], [ -50.284961808904114, -26.333140930563395 ], [ -50.275989548471415, -26.324762918427211 ], [ -50.284742664069164, -26.308311578452273 ], [ -50.216880209807314, -26.290014399744233 ], [ -50.191499253468223, -26.27486723752919 ], [ -50.182298792628885, -26.239254640627045 ], [ -50.188650370613836, -26.217965429876529 ], [ -50.153040240491165, -26.208890996489078 ] ] ] } },
{ "type": "Feature", "properties": { "id": null, "CD_MUN": "4212239", "NM_MUN": "Paraíso", "SIGLA_UF": "SC", "AREA_KM2": 180.338 }, "geometry": { "type": "Polygon", "coordinates": [ [ [ -53.609481321970371, -26.65752975797907 ], [ -53.589928531572426, -26.668572548653088 ], [ -53.60006533852475, -26.681248382677872 ], [ -53.594994218377082, -26.687153454537569 ], [ -53.601771408231578, -26.684596685777134 ], [ -53.605612781743432, -26.692118680125301 ], [ -53.604069712327075, -26.684292001479704 ], [ -53.611085969274242, -26.684116284080655 ], [ -53.615512332717422, -26.696793730191672 ], [ -53.620538175006629, -26.690425989584028 ], [ -53.627521831895706, -26.716298361485819 ], [ -53.646111109465593, -26.711347644674156 ], [ -53.642405569529117, -26.736252764838078 ], [ -53.663637262918805, -26.729370768723133 ], [ -53.652279764902367, -26.728754951783355 ], [ -53.654415068707401, -26.720040013625148 ], [ -53.672919223903378, -26.717225311067946 ], [ -53.692214836065261, -26.72553883975494 ], [ -53.695645086622292, -26.738158250761682 ], [ -53.704218901900532, -26.737553718425513 ], [ -53.714400986711318, -26.750779273854654 ], [ -53.732448741094004, -26.730699127776475 ], [ -53.735547557727102, -26.740516732915854 ], [ -53.751001796377125, -26.740065348771516 ], [ -53.743172349091992, -26.731042502143417 ], [ -53.758385709534998, -26.720783185377076 ], [ -53.755489737707812, -26.710130519570669 ], [ -53.747749035025258, -26.719748226017558 ], [ -53.73472712293178, -26.716864203752476 ], [ -53.733144208999974, -26.701131854236017 ], [ -53.743491105215554, -26.68037140776887 ], [ -53.728409956119258, -26.692254095368604 ], [ -53.716893080041032, -26.682394575987249 ], [ -53.732169829485883, -26.678164461720296 ], [ -53.727218242884554, -26.66737315649813 ], [ -53.718874439127298, -26.667286103841718 ], [ -53.722500290032883, -26.648282831365034 ], [ -53.726160552110898, -26.65918537053706 ], [ -53.735332035120827, -26.645580974843917 ], [ -53.744784240853214, -26.648044242603028 ], [ -53.75991791226533, -26.640311064958755 ], [ -53.75162300859521, -26.635473194183177 ], [ -53.740403155268496, -26.644400927723716 ], [ -53.741038856401289, -26.630087214089471 ], [ -53.733539031925758, -26.631006103240448 ], [ -53.729953025535615, -26.620366334123879 ], [ -53.735322979549132, -26.607832363687312 ], [ -53.721918922330239, -26.596762167547389 ], [ -53.7111880698749, -26.606787731810414 ], [ -53.703537922909277, -26.598321054931592 ], [ -53.713917419182948, -26.5957288202741 ], [ -53.697284145098592, -26.590668481598811 ], [ -53.699955538747815, -26.580831531424671 ], [ -53.68876466325051, -26.58701549420212 ], [ -53.685680335532126, -26.578613300772492 ], [ -53.675190361283803, -26.57905823657191 ], [ -53.653147288670482, -26.590442789526641 ], [ -53.647971123891182, -26.582667697640396 ], [ -53.633069275114387, -26.591597043267164 ], [ -53.644374250815012, -26.604313179447697 ], [ -53.623200513084157, -26.614878792597697 ], [ -53.63166022815907, -26.62891200322796 ], [ -53.613833429725673, -26.643198311396297 ], [ -53.609481321970371, -26.65752975797907 ] ] ] } },
{ "type": "Feature", "properties": { "id": null, "CD_MUN": "4212254", "NM_MUN": "Passo de Torres", "SIGLA_UF": "SC", "AREA_KM2": 92.638 }, "geometry": { "type": "Polygon", "coordinates": [ [ [ -49.64509692424285, -29.238384698774517 ], [ -49.712937645132641, -29.325584055029722 ], [ -49.744387645619881, -29.328821124179129 ], [ -49.74356358859589, -29.319717673239541 ], [ -49.730112442404192, -29.317576822726387 ], [ -49.743867855804751, -29.311001122995101 ], [ -49.739680559454243, -29.299913193906654 ], [ -49.771940128050773, -29.298812139011712 ], [ -49.791797185657579, -29.285641394514382 ], [ -49.777855227480167, -29.237431955812713 ], [ -49.752637271431539, -29.252561385079229 ], [ -49.753222261362858, -29.260779800678666 ], [ -49.712115399222981, -29.205799599811908 ], [ -49.660717785412011, -29.242427811038812 ], [ -49.653437105771431, -29.232897157248335 ], [ -49.64509692424285, -29.238384698774517 ] ] ] } },
{ "type": "Feature", "properties": { "id": null, "CD_MUN": "4212270", "NM_MUN": "Passos Maia", "SIGLA_UF": "SC", "AREA_KM2": 617.092 }, "geometry": { "type": "Polygon", "coordinates": [ [ [ -51.823952595776255, -26.581924525888468 ], [ -51.832584366713327, -26.625017202896803 ], [ -51.852646080240376, -26.650459147775241 ], [ -51.846037324019356, -26.660397659381857 ], [ -51.854841150818579, -26.67294452650826 ], [ -51.884027258382758, -26.679194584821129 ], [ -51.870069000176294, -26.690809666106716 ], [ -51.847924505160023, -26.681757801926484 ], [ -51.853481003950399, -26.710325582004472 ], [ -51.844702532751917, -26.709313191852168 ], [ -51.843320652511679, -26.700124300342406 ], [ -51.824974064263145, -26.702326410132287 ], [ -51.820904490344638, -26.695454086534724 ], [ -51.812852275995873, -26.70067885800545 ], [ -51.809289814092139, -26.692881196911987 ], [ -51.778672926200578, -26.708507148737276 ], [ -51.757053654342464, -26.736497801945003 ], [ -51.775128575440228, -26.744558233093919 ], [ -51.783579234943453, -26.759545798772216 ], [ -51.794380720857987, -26.758876782986857 ], [ -51.800513154007987, -26.769253782047969 ], [ -51.804178849429022, -26.761328766142356 ], [ -51.818075529747972, -26.763202010341363 ], [ -51.827283235044675, -26.753927678261419 ], [ -51.826163966383504, -26.766803410978699 ], [ -51.840259869279691, -26.762779643749163 ], [ -51.84601377953296, -26.77184762879169 ], [ -51.872322026413329, -26.775613462224467 ], [ -51.884041747297466, -26.771147983367968 ], [ -51.886057517556161, -26.777797839065823 ], [ -51.901292611371233, -26.778873100581087 ], [ -51.899278652226876, -26.78786209339836 ], [ -51.930828264002734, -26.785458472829752 ], [ -51.927881580974066, -26.776612955686932 ], [ -51.938534555512852, -26.785506835416644 ], [ -51.978246859612121, -26.777162677091287 ], [ -51.98006521840793, -26.801202106949816 ], [ -52.013607055956086, -26.846080975500751 ], [ -52.043742187433615, -26.839356963836327 ], [ -52.056043276020389, -26.856156514436897 ], [ -52.104409084428788, -26.853485287554147 ], [ -52.116110694169535, -26.859296858412513 ], [ -52.136485730477133, -26.852766297095663 ], [ -52.139928658834535, -26.80495987995144 ], [ -52.147069882671062, -26.803776608658779 ], [ -52.141308727960435, -26.795957990444329 ], [ -52.109052781592581, -26.789541887249793 ], [ -52.103463682744113, -26.776743534671542 ], [ -52.075836944625344, -26.782300395905608 ], [ -52.037962921579606, -26.772336090919318 ], [ -52.061309996516613, -26.719101779439413 ], [ -52.047904128183376, -26.695025271597601 ], [ -52.057814545843392, -26.691040194437576 ], [ -52.049606575661521, -26.685473660686135 ], [ -52.071229469748317, -26.684445149671532 ], [ -52.059819449416061, -26.670716623338699 ], [ -52.069548755642238, -26.659162801329842 ], [ -52.052819492497939, -26.640586731704047 ], [ -52.046830137380674, -26.608593268387772 ], [ -52.02753452521879, -26.592843185922789 ], [ -52.03489308277593, -26.587837658179311 ], [ -52.026877090713931, -26.58107818061783 ], [ -52.029112005807583, -26.546887443770355 ], [ -52.008767758443739, -26.566561344118632 ], [ -51.984665448827599, -26.564526891296644 ], [ -51.959726404387098, -26.574476687506866 ], [ -51.946548736460507, -26.569769395715902 ], [ -51.928332548444345, -26.584368448612818 ], [ -51.896719547666635, -26.579981961981577 ], [ -51.873450350646188, -26.59936246263603 ], [ -51.823952595776255, -26.581924525888468 ] ] ] } },
{ "type": "Feature", "properties": { "id": null, "CD_MUN": "4212304", "NM_MUN": "Paulo Lopes", "SIGLA_UF": "SC", "AREA_KM2": 446.165 }, "geometry": { "type": "MultiPolygon", "coordinates": [ [ [ [ -48.587047549947023, -27.904383343628865 ], [ -48.63836004138409, -27.96379033328261 ], [ -48.655011426611829, -27.971326836406845 ], [ -48.656605207229667, -27.98818925837038 ], [ -48.67178777872892, -28.007543965645159 ], [ -48.680707516845807, -28.006135002280327 ], [ -48.687501006729342, -28.019150986499596 ], [ -48.696194355553921, -28.012323801316466 ], [ -48.717742993952839, -28.04226024260354 ], [ -48.725074384794901, -28.058113498587229 ], [ -48.708506310826728, -28.063462400697649 ], [ -48.707012141497501, -28.082649451004528 ], [ -48.80198878852034, -28.095015764473196 ], [ -48.810089902956243, -28.078370974150687 ], [ -48.832263375801929, -28.07163406579642 ], [ -48.89369456304793, -28.080036259226052 ], [ -48.881174329626205, -28.050651151429562 ], [ -48.855206572241457, -28.039896924190678 ], [ -48.842769650079298, -28.005359588803802 ], [ -48.836403583179631, -27.969173089203856 ], [ -48.849170128151393, -27.95061314044036 ], [ -48.836845495078215, -27.931788809535181 ], [ -48.845705466421933, -27.922840118873655 ], [ -48.845535221674112, -27.907291547187395 ], [ -48.842177415690621, -27.901180128290289 ], [ -48.825765097555561, -27.909092247506063 ], [ -48.82335812659975, -27.903656292739235 ], [ -48.82554051937759, -27.889028222290182 ], [ -48.836974084196243, -27.887327471317761 ], [ -48.843925141027228, -27.866763699370644 ], [ -48.819799286924692, -27.826590510524447 ], [ -48.770904633129462, -27.834346257375934 ], [ -48.761716850090487, -27.842954797842975 ], [ -48.758295655105151, -27.814483742938773 ], [ -48.739632121847386, -27.795079060990872 ], [ -48.741388902755688, -27.825205728453064 ], [ -48.748363504073069, -27.827569046865925 ], [ -48.736415582782293, -27.843278827175162 ], [ -48.737580129301918, -27.86277701012439 ], [ -48.723951493905055, -27.894710826250169 ], [ -48.660754470179064, -27.910032093778028 ], [ -48.651753231916949, -27.901197861238813 ], [ -48.643878506773355, -27.905548881973001 ], [ -48.647661924626384, -27.911879544597358 ], [ -48.640837645799088, -27.905102334087349 ], [ -48.63694012774274, -27.914781299810969 ], [ -48.624307605232026, -27.910512495474503 ], [ -48.609117789275416, -27.917031772187748 ], [ -48.587047549947023, -27.904383343628865 ] ] ], [ [ [ -48.542436181562238, -27.932222460730994 ], [ -48.541708113598176, -27.941896590195924 ], [ -48.544875752576132, -27.931980647796525 ], [ -48.542436181562238, -27.932222460730994 ] ] ] ] } },
{ "type": "Feature", "properties": { "id": null, "CD_MUN": "4212403", "NM_MUN": "Pedras Grandes", "SIGLA_UF": "SC", "AREA_KM2": 159.891 }, "geometry": { "type": "Polygon", "coordinates": [ [ [ -49.156440164584723, -28.400735021261756 ], [ -49.123472450281859, -28.420192902055238 ], [ -49.112156607895201, -28.442631530287592 ], [ -49.124397929708806, -28.454312707108603 ], [ -49.122173881301187, -28.474676580363223 ], [ -49.143490697064784, -28.47417522154576 ], [ -49.180189306904865, -28.498098581195745 ], [ -49.243370030601817, -28.589761804221222 ], [ -49.2512067223443, -28.590720995527942 ], [ -49.260526716729984, -28.578087075745131 ], [ -49.249853819933477, -28.56730383095411 ], [ -49.256652743160032, -28.553210973133346 ], [ -49.251482011723745, -28.536463009292127 ], [ -49.26640921610128, -28.532729417583948 ], [ -49.290259780824371, -28.503984308020684 ], [ -49.279579639570514, -28.485176097977803 ], [ -49.256717943276215, -28.474220359960196 ], [ -49.257728545077072, -28.464842854361546 ], [ -49.243665242238983, -28.454694771545061 ], [ -49.236610951890704, -28.457823830917068 ], [ -49.233691435577121, -28.456208520514828 ], [ -49.226374533649768, -28.433861781197571 ], [ -49.196099946368179, -28.423729819243384 ], [ -49.211298817896477, -28.401134818646742 ], [ -49.189770101755286, -28.389355304565715 ], [ -49.186229373223611, -28.411708492227888 ], [ -49.156440164584723, -28.400735021261756 ] ] ] } },
{ "type": "Feature", "properties": { "id": null, "CD_MUN": "4212502", "NM_MUN": "Penha", "SIGLA_UF": "SC", "AREA_KM2": 57.752 }, "geometry": { "type": "MultiPolygon", "coordinates": [ [ [ [ -48.60269014448825, -26.827329188475911 ], [ -48.629552592356191, -26.820034498286144 ], [ -48.668739673297303, -26.84110285322318 ], [ -48.71135881590979, -26.841923405114141 ], [ -48.708450166282233, -26.815552898567347 ], [ -48.677724611530373, -26.797823174212191 ], [ -48.647287023958327, -26.762152542205776 ], [ -48.620245275770877, -26.78935004898845 ], [ -48.605312638050329, -26.789064709725778 ], [ -48.598709315172329, -26.772187778986176 ], [ -48.594576352251977, -26.784521850730247 ], [ -48.584372534069125, -26.783572331940906 ], [ -48.60269014448825, -26.827329188475911 ] ] ], [ [ [ -48.639149687235651, -26.745433595916694 ], [ -48.6349696353425, -26.744384127781103 ], [ -48.634275978550875, -26.745425535485545 ], [ -48.639149687235651, -26.745433595916694 ] ] ] ] } },
{ "type": "Feature", "properties": { "id": null, "CD_MUN": "4212601", "NM_MUN": "Peritiba", "SIGLA_UF": "SC", "AREA_KM2": 96.168 }, "geometry": { "type": "Polygon", "coordinates": [ [ [ -51.822433070846294, -27.296476910981209 ], [ -51.817677084593512, -27.369776859763224 ], [ -51.838240476792315, -27.372486776715487 ], [ -51.875221620469198, -27.406021394467441 ], [ -51.882131021670396, -27.425922598974115 ], [ -51.893486708572496, -27.399600455014212 ], [ -51.905313285202602, -27.394843188550123 ], [ -51.901595067465756, -27.389807031168278 ], [ -51.915441036583232, -27.389679676356128 ], [ -51.920700512622098, -27.355463146128976 ], [ -51.93752757594067, -27.339792055889255 ], [ -51.93669808557366, -27.32733546559172 ], [ -51.916002482028155, -27.324633609070602 ], [ -51.909241592202704, -27.311931981666138 ], [ -51.915725381534372, -27.307187611891887 ], [ -51.90340437068987, -27.300402340950729 ], [ -51.877583313566539, -27.303857041741153 ], [ -51.853821493446027, -27.31967483182779 ], [ -51.822433070846294, -27.296476910981209 ] ] ] } },
{ "type": "Feature", "properties": { "id": null, "CD_MUN": "4212650", "NM_MUN": "Pescaria Brava", "SIGLA_UF": "SC", "AREA_KM2": 106.853 }, "geometry": { "type": "Polygon", "coordinates": [ [ [ -48.804408437276514, -28.355959326229524 ], [ -48.832986010422971, -28.389139285010923 ], [ -48.823504826861168, -28.426549358059273 ], [ -48.852194689096606, -28.426994293858694 ], [ -48.864318288478216, -28.446498925152842 ], [ -48.88211429796786, -28.445934694972419 ], [ -48.890389279380251, -28.468971407196019 ], [ -48.914125743900023, -28.467209396946867 ], [ -48.939550166983231, -28.416104651376507 ], [ -48.933881379103873, -28.364946706960566 ], [ -48.948125793375809, -28.359114178981208 ], [ -48.927165767136891, -28.35018644544067 ], [ -48.89096702485422, -28.361119614251059 ], [ -48.804408437276514, -28.355959326229524 ] ] ] } },
{ "type": "Feature", "properties": { "id": null, "CD_MUN": "4212700", "NM_MUN": "Petrolândia", "SIGLA_UF": "SC", "AREA_KM2": 306.76 }, "geometry": { "type": "Polygon", "coordinates": [ [ [ -49.591573062198535, -27.571429502074352 ], [ -49.614005524394621, -27.583979593373215 ], [ -49.622843762366273, -27.602528257533102 ], [ -49.619793845820318, -27.618018794115088 ], [ -49.629398185157136, -27.618952192042133 ], [ -49.650463256027692, -27.642433840065156 ], [ -49.685088139950238, -27.653210636511258 ], [ -49.711501431462246, -27.643557464167316 ], [ -49.729391618897488, -27.656921659012216 ], [ -49.742136430497183, -27.631237901199309 ], [ -49.732131834891568, -27.619261712598249 ], [ -49.769190856485004, -27.576491452835871 ], [ -49.753892373668087, -27.520977651427053 ], [ -49.788884913801347, -27.498224666379894 ], [ -49.781531789587227, -27.496349810094657 ], [ -49.785250007324073, -27.485266717264896 ], [ -49.761913799073099, -27.46835432062824 ], [ -49.747171328358085, -27.4766065900385 ], [ -49.637330865959562, -27.452040007982834 ], [ -49.582394334731255, -27.4769096622497 ], [ -49.588157300556212, -27.504626260798364 ], [ -49.616099172569875, -27.547757627876212 ], [ -49.599911432612778, -27.54986140040608 ], [ -49.599610787632592, -27.556229141013723 ], [ -49.618718043903279, -27.576381830972245 ], [ -49.591573062198535, -27.571429502074352 ] ] ] } },
{ "type": "Feature", "properties": { "id": null, "CD_MUN": "4212809", "NM_MUN": "Balneário Piçarras", "SIGLA_UF": "SC", "AREA_KM2": 99.355 }, "geometry": { "type": "Polygon", "coordinates": [ [ [ -48.681859385565062, -26.718416642791755 ], [ -48.67382528235968, -26.758675272208134 ], [ -48.661348515682079, -26.771194733868629 ], [ -48.677724611530373, -26.797823174212191 ], [ -48.708236454790296, -26.81552710518767 ], [ -48.745862355171667, -26.807774582508642 ], [ -48.747184468638736, -26.783159637866081 ], [ -48.771768534668908, -26.763368055223033 ], [ -48.801666410168096, -26.761232040968569 ], [ -48.803673124855102, -26.746410520171942 ], [ -48.817812494495406, -26.740858495196569 ], [ -48.807710098715518, -26.718916389522988 ], [ -48.789872433596088, -26.705639247334492 ], [ -48.772425969173767, -26.708407199391033 ], [ -48.756768885717833, -26.740577992192584 ], [ -48.681859385565062, -26.718416642791755 ] ] ] } },
{ "type": "Feature", "properties": { "id": null, "CD_MUN": "4212908", "NM_MUN": "Pinhalzinho", "SIGLA_UF": "SC", "AREA_KM2": 128.726 }, "geometry": { "type": "Polygon", "coordinates": [ [ [ -52.929603488229652, -26.771820223325786 ], [ -52.942312077542582, -26.778963377409955 ], [ -52.927457317738586, -26.785364971828425 ], [ -52.928371930479507, -26.797416928482285 ], [ -52.943199523568424, -26.796793051111358 ], [ -52.917552333421582, -26.801961399564043 ], [ -52.915507585333472, -26.820432683584901 ], [ -52.904026931542013, -26.812230388847762 ], [ -52.929933111039254, -26.834077381433787 ], [ -52.911966856801797, -26.854312287790023 ], [ -52.90317933003162, -26.850314313940164 ], [ -52.905928601597388, -26.862092215934958 ], [ -52.950717459187345, -26.867973106501207 ], [ -52.947538953523356, -26.881671003195677 ], [ -52.967629644879821, -26.886807109923765 ], [ -53.007653460645308, -26.887327813775986 ], [ -53.007691494046412, -26.875575705160866 ], [ -53.037201791077173, -26.875601498540544 ], [ -53.044547670833943, -26.861178163042673 ], [ -53.037699847520251, -26.855932434450956 ], [ -53.053056285995993, -26.838683111792275 ], [ -53.04358778023456, -26.841067387326124 ], [ -53.047983354733987, -26.830737138765674 ], [ -53.032701171946115, -26.827240523733273 ], [ -53.04312232384958, -26.813921467302805 ], [ -53.000541214638197, -26.803668598881384 ], [ -52.995765306127694, -26.793696233463944 ], [ -53.005271845290238, -26.774818703713184 ], [ -52.985798743923191, -26.773403292003433 ], [ -52.955176422688616, -26.752146322977509 ], [ -52.954863099908067, -26.762055817031989 ], [ -52.929603488229652, -26.771820223325786 ] ] ] } },
{ "type": "Feature", "properties": { "id": null, "CD_MUN": "4213005", "NM_MUN": "Pinheiro Preto", "SIGLA_UF": "SC", "AREA_KM2": 61.011 }, "geometry": { "type": "Polygon", "coordinates": [ [ [ -51.21417575361972, -27.020194348748493 ], [ -51.183698321532226, -27.032945950826079 ], [ -51.157458896996708, -27.089509220370484 ], [ -51.203792635117367, -27.078538973576809 ], [ -51.213393352225509, -27.068419908312457 ], [ -51.246895345258217, -27.06945003141329 ], [ -51.252344988302625, -27.062363300347162 ], [ -51.271410588943525, -27.067096385517807 ], [ -51.289369598723631, -27.048413918200847 ], [ -51.298972126946111, -27.057512532881745 ], [ -51.317673693604981, -27.044246675296858 ], [ -51.317548726715629, -27.01880795459088 ], [ -51.24853259262018, -27.033766502717036 ], [ -51.212442517197815, -27.029039865891313 ], [ -51.21417575361972, -27.020194348748493 ] ] ] } },
{ "type": "Feature", "properties": { "id": null, "CD_MUN": "4213104", "NM_MUN": "Piratuba", "SIGLA_UF": "SC", "AREA_KM2": 146.088 }, "geometry": { "type": "Polygon", "coordinates": [ [ [ -51.732877089038446, -27.392078460666045 ], [ -51.71050982695855, -27.421529663997955 ], [ -51.685587082547087, -27.432059811250898 ], [ -51.717315994642455, -27.511435713032967 ], [ -51.730388617937415, -27.51150180856839 ], [ -51.753527414725497, -27.487197996568177 ], [ -51.796905414245792, -27.489967560710944 ], [ -51.802266312687614, -27.501718057239835 ], [ -51.787000429928788, -27.516205876186895 ], [ -51.787369897253832, -27.529687753326574 ], [ -51.800408109376363, -27.529297628458966 ], [ -51.821786503027468, -27.512789865465987 ], [ -51.851488778178101, -27.524612905875216 ], [ -51.855129117998395, -27.515449807745128 ], [ -51.843626730834877, -27.483135539269121 ], [ -51.858182656773025, -27.475094453154963 ], [ -51.86997120000202, -27.449631551155537 ], [ -51.855444251893282, -27.444650204705507 ], [ -51.8451915336233, -27.463917859323875 ], [ -51.833725368746549, -27.436609118591349 ], [ -51.803488814866071, -27.420968657989992 ], [ -51.804555561211416, -27.432088828803035 ], [ -51.778102425183967, -27.444882345122593 ], [ -51.791939338729755, -27.424302452313182 ], [ -51.758685468361406, -27.414863687437801 ], [ -51.764256456066491, -27.391415893225602 ], [ -51.732877089038446, -27.392078460666045 ] ] ] } },
{ "type": "Feature", "properties": { "id": null, "CD_MUN": "4213153", "NM_MUN": "Planalto Alegre", "SIGLA_UF": "SC", "AREA_KM2": 63.1 }, "geometry": { "type": "Polygon", "coordinates": [ [ [ -52.894006035907353, -26.975305807680179 ], [ -52.891696865125823, -27.010599211508822 ], [ -52.840239484541684, -27.009752866238188 ], [ -52.84489404839151, -27.066898098911544 ], [ -52.832699815550704, -27.088550029063761 ], [ -52.829151842561672, -27.106850431944263 ], [ -52.835242620081893, -27.110996717727264 ], [ -52.852015349970308, -27.112520139214411 ], [ -52.898403421521117, -27.086168977702371 ], [ -52.905234944805763, -26.973555082034633 ], [ -52.894006035907353, -26.975305807680179 ] ] ] } },
{ "type": "Feature", "properties": { "id": null, "CD_MUN": "4213203", "NM_MUN": "Pomerode", "SIGLA_UF": "SC", "AREA_KM2": 214.299 }, "geometry": { "type": "Polygon", "coordinates": [ [ [ -49.130023250844047, -26.635521556770069 ], [ -49.126792222864239, -26.645730898863288 ], [ -49.133391923513571, -26.652019647245673 ], [ -49.122374914992754, -26.685573610032382 ], [ -49.133064111818307, -26.694262754810914 ], [ -49.13280331135357, -26.708679641963865 ], [ -49.123390950136624, -26.708342715941839 ], [ -49.119051520181692, -26.723180357600764 ], [ -49.113330209986515, -26.717757299523775 ], [ -49.113859055373347, -26.734735791695851 ], [ -49.105911885656212, -26.741050333457913 ], [ -49.127616279888237, -26.753229644923923 ], [ -49.119334054018495, -26.784773336182095 ], [ -49.127734002320238, -26.832592650016153 ], [ -49.198872762420351, -26.839373084698622 ], [ -49.210123404690826, -26.805925519603079 ], [ -49.195350145032059, -26.792232459167302 ], [ -49.208295990323322, -26.770730453034453 ], [ -49.204521628041988, -26.759827913862427 ], [ -49.235460894285787, -26.744974151341204 ], [ -49.234071769588198, -26.690648457483739 ], [ -49.223496672965965, -26.667190990754161 ], [ -49.21635907135812, -26.666991092061668 ], [ -49.223252172530273, -26.635826241067498 ], [ -49.216257648955164, -26.622423356153082 ], [ -49.223139883441291, -26.620514646057018 ], [ -49.197918305163988, -26.622162198183858 ], [ -49.175129053443229, -26.613855117841783 ], [ -49.163753444283401, -26.648661671629032 ], [ -49.130023250844047, -26.635521556770069 ] ] ] } },
{ "type": "Feature", "properties": { "id": null, "CD_MUN": "4213302", "NM_MUN": "Ponte Alta", "SIGLA_UF": "SC", "AREA_KM2": 575.17 }, "geometry": { "type": "Polygon", "coordinates": [ [ [ -50.129555520864443, -27.274015713541637 ], [ -50.106927458319802, -27.294850315975356 ], [ -50.075794402841787, -27.304837190168865 ], [ -50.088872459479759, -27.309067304435814 ], [ -50.090373873266337, -27.329969614491183 ], [ -50.101760349112197, -27.326942116551653 ], [ -50.102868751087328, -27.340954370060928 ], [ -50.113451092166912, -27.341138147891122 ], [ -50.113923793009249, -27.350160994519221 ], [ -50.12701090521891, -27.350891269581311 ], [ -50.125761236325381, -27.360731443927907 ], [ -50.138701648273631, -27.363628362882828 ], [ -50.144897470425477, -27.402413545485185 ], [ -50.157415892732871, -27.407901087011368 ], [ -50.150334435669514, -27.414373613223948 ], [ -50.156959491919579, -27.415255424391638 ], [ -50.157194936783576, -27.427908689209207 ], [ -50.167304577020829, -27.431750290694779 ], [ -50.163680537229581, -27.440657067114334 ], [ -50.174904012784978, -27.442955902078005 ], [ -50.17453273434559, -27.451590235924723 ], [ -50.186748700558461, -27.440834396599609 ], [ -50.190389040378754, -27.458183668604537 ], [ -50.211959412149731, -27.454967556576118 ], [ -50.225713014435946, -27.471370533964162 ], [ -50.22144965128323, -27.482737353970364 ], [ -50.22934610979889, -27.48456223558248 ], [ -50.24563164993026, -27.475526492264546 ], [ -50.250481814128641, -27.455280301304697 ], [ -50.266071886354048, -27.446046271380499 ], [ -50.281920947929855, -27.480577158422456 ], [ -50.271842096636355, -27.49512623664625 ], [ -50.297802609563753, -27.495055304852141 ], [ -50.300589914530633, -27.503225357864682 ], [ -50.262273979586311, -27.538563900107761 ], [ -50.293937691565489, -27.522694523261773 ], [ -50.32520658061889, -27.525946101187245 ], [ -50.358141694863662, -27.540213064320827 ], [ -50.366528965365042, -27.536347281541808 ], [ -50.373751689346797, -27.545797331020797 ], [ -50.368157157155309, -27.55306461574466 ], [ -50.383336106425894, -27.561734415488434 ], [ -50.383685651493209, -27.553082348693188 ], [ -50.392150799911143, -27.557762235018249 ], [ -50.411386645299856, -27.548291228418272 ], [ -50.395244183201221, -27.546788764052113 ], [ -50.388434393288634, -27.535191415715055 ], [ -50.392221433370345, -27.525027212036271 ], [ -50.380646601633288, -27.517645469190093 ], [ -50.376343393965122, -27.501668082566709 ], [ -50.40201412859836, -27.475262110122859 ], [ -50.423475833509038, -27.484167274456183 ], [ -50.430999202470971, -27.475331429830742 ], [ -50.448413066835201, -27.478052631386614 ], [ -50.450403481493161, -27.5003413355996 ], [ -50.46895834789062, -27.486290392020809 ], [ -50.492932068388725, -27.489095422060629 ], [ -50.49141616568744, -27.481758817628887 ], [ -50.468922125603846, -27.476472786881427 ], [ -50.485912189212883, -27.462818416515162 ], [ -50.476248083102888, -27.443913481298495 ], [ -50.487035080102721, -27.432751396243475 ], [ -50.476603061513231, -27.417428516629386 ], [ -50.481512992484774, -27.402384527933048 ], [ -50.489990818703077, -27.402166896292027 ], [ -50.461186856264312, -27.365332338027709 ], [ -50.451452116695123, -27.367755303631075 ], [ -50.440121785393764, -27.35706878401384 ], [ -50.428767909605995, -27.366718732185323 ], [ -50.399657868844031, -27.362148467723888 ], [ -50.358560062275849, -27.343483733355459 ], [ -50.207721404597756, -27.346367755620541 ], [ -50.19837605461133, -27.340836687766153 ], [ -50.197461441870416, -27.328325286536806 ], [ -50.185288942401669, -27.323137593049363 ], [ -50.177939440416225, -27.300133122550356 ], [ -50.188396814606456, -27.292335461456894 ], [ -50.189066926911678, -27.274833041260138 ], [ -50.175257180080976, -27.269222981180491 ], [ -50.129555520864443, -27.274015713541637 ] ] ] } },
{ "type": "Feature", "properties": { "id": null, "CD_MUN": "4213351", "NM_MUN": "Ponte Alta do Norte", "SIGLA_UF": "SC", "AREA_KM2": 396.882 }, "geometry": { "type": "Polygon", "coordinates": [ [ [ -50.243485479439194, -27.236981256584826 ], [ -50.267520777824807, -27.268346006271489 ], [ -50.297201319603381, -27.249471700693189 ], [ -50.318246468216216, -27.268757088260084 ], [ -50.332469149116086, -27.261464010156544 ], [ -50.340704286013036, -27.267264296411305 ], [ -50.357064081832284, -27.264888081308605 ], [ -50.365603485938095, -27.252439551442219 ], [ -50.35686848148373, -27.25361153813127 ], [ -50.358154372664032, -27.24358597386825 ], [ -50.349940969139148, -27.237274656278647 ], [ -50.367465311478021, -27.241688548375794 ], [ -50.378993054242279, -27.22192598328488 ], [ -50.377082328615209, -27.24691009567406 ], [ -50.391017042335271, -27.249015480290158 ], [ -50.392273955686157, -27.265046065759122 ], [ -50.415852853258485, -27.248689838871741 ], [ -50.408805807367564, -27.240261852062435 ], [ -50.444109859167035, -27.227523146674688 ], [ -50.454583533386312, -27.231463085420277 ], [ -50.461277411981236, -27.216691539296775 ], [ -50.470092105466492, -27.215061720118463 ], [ -50.478285586733648, -27.228749944295554 ], [ -50.532562872342766, -27.205379530222384 ], [ -50.551351372489876, -27.215598544832982 ], [ -50.561345101409465, -27.20162175722076 ], [ -50.571608686365479, -27.201049466609188 ], [ -50.570690451395883, -27.19402883107848 ], [ -50.60096684979181, -27.200635160448133 ], [ -50.613867417224618, -27.179769928376047 ], [ -50.605800713961145, -27.175641375541574 ], [ -50.610127466115706, -27.164374504881618 ], [ -50.627798508715998, -27.151664817046008 ], [ -50.616859378111741, -27.15402491128641 ], [ -50.584559964999762, -27.140164193882732 ], [ -50.576656262026752, -27.157590846026689 ], [ -50.579267888902798, -27.141294266329812 ], [ -50.572664566024798, -27.142248621377842 ], [ -50.570360828586288, -27.132039279284626 ], [ -50.561624013017585, -27.13913084660944 ], [ -50.561319745808724, -27.151919526670312 ], [ -50.557610583643573, -27.14382040545188 ], [ -50.536853402210561, -27.145390577439692 ], [ -50.551920062392156, -27.130075758256751 ], [ -50.528705198801859, -27.133978619019054 ], [ -50.526082705239773, -27.119569792297252 ], [ -50.428396631166613, -27.111983314499891 ], [ -50.431046291443771, -27.101319364089875 ], [ -50.422515942909655, -27.095293385762947 ], [ -50.424785269175736, -27.108470578605193 ], [ -50.37996200041335, -27.118062491672404 ], [ -50.377596685087333, -27.10516096557545 ], [ -50.348933989566966, -27.093610367739053 ], [ -50.348624289015092, -27.100714831753706 ], [ -50.336306900399272, -27.10291694154359 ], [ -50.338559926636307, -27.095973686151915 ], [ -50.329178354363115, -27.112310568004538 ], [ -50.320579183484142, -27.112310568004538 ], [ -50.313361892845407, -27.129611477422571 ], [ -50.319016191810057, -27.146689918940897 ], [ -50.303757553508582, -27.152390255849408 ], [ -50.304802566481875, -27.168751318995479 ], [ -50.286624411866818, -27.16933811838312 ], [ -50.293861624763274, -27.17818847178463 ], [ -50.287582491351856, -27.182487905759462 ], [ -50.291246375658545, -27.216003178476658 ], [ -50.270230204875133, -27.210215788911736 ], [ -50.266088186383094, -27.197857535874217 ], [ -50.265809274774966, -27.225614436578624 ], [ -50.243485479439194, -27.236981256584826 ] ] ] } },
{ "type": "Feature", "properties": { "id": null, "CD_MUN": "4213401", "NM_MUN": "Ponte Serrada", "SIGLA_UF": "SC", "AREA_KM2": 560.731 }, "geometry": { "type": "Polygon", "coordinates": [ [ [ -51.783579234943453, -26.759545798772216 ], [ -51.78568556091907, -26.770451562116698 ], [ -51.776658967056221, -26.768504161951121 ], [ -51.777001267666186, -26.780382013292165 ], [ -51.767130694521619, -26.787708945206528 ], [ -51.753433236779891, -26.774385052517371 ], [ -51.731525997741961, -26.790119014120055 ], [ -51.702676757444735, -26.791342587568462 ], [ -51.678733825890383, -26.818365989038316 ], [ -51.712690408622045, -26.825015844736175 ], [ -51.72787660234998, -26.852717934508767 ], [ -51.768534308133916, -26.83925379031762 ], [ -51.77071307868308, -26.853736773005991 ], [ -51.79638200220198, -26.853143525273431 ], [ -51.794185120509432, -26.859783708453911 ], [ -51.802543413181397, -26.858163561792978 ], [ -51.803483381523051, -26.865392156447324 ], [ -51.810505071813239, -26.85635641312939 ], [ -51.806393842264953, -26.850311089767704 ], [ -51.814650712533961, -26.854799137831421 ], [ -51.811689540590585, -26.845273320299629 ], [ -51.824356474273728, -26.850141820713574 ], [ -51.814652523648299, -26.867439505959151 ], [ -51.819422998815782, -26.901159513627526 ], [ -51.827670813513102, -26.907501460855492 ], [ -51.830083217811918, -26.930228652522977 ], [ -51.846935636731232, -26.948894998977639 ], [ -51.874319685528647, -26.929129209714265 ], [ -51.884773437490196, -26.945603118896422 ], [ -51.895094978105043, -26.936323950557789 ], [ -51.930455174449008, -26.929232383232971 ], [ -51.957658111812584, -26.947800392427617 ], [ -51.979884106974083, -26.936702790821787 ], [ -51.99647029208564, -26.948263061175563 ], [ -52.004960796104307, -26.939822177676419 ], [ -52.023872452026438, -26.949641394902027 ], [ -52.032920779261353, -26.942349928884717 ], [ -52.042307784877558, -26.957126311266912 ], [ -52.055686486495709, -26.951169652647863 ], [ -52.055155829994547, -26.960656780110138 ], [ -52.067067528998557, -26.959625044923076 ], [ -52.071959348826717, -26.941730887772483 ], [ -52.081757477397751, -26.951635545568269 ], [ -52.093301520191055, -26.945417728979997 ], [ -52.108877103501754, -26.954555033730408 ], [ -52.108822770071598, -26.948190517295224 ], [ -52.132350956442444, -26.943547708953446 ], [ -52.134384837844529, -26.93096376384376 ], [ -52.147683850431797, -26.930926685860474 ], [ -52.140006536751088, -26.918405612113748 ], [ -52.141448183764496, -26.899560324087581 ], [ -52.166376361518971, -26.887845293455747 ], [ -52.106040898447731, -26.853714203798773 ], [ -52.056043276020389, -26.856156514436897 ], [ -52.043742187433615, -26.839356963836327 ], [ -52.013607055956086, -26.846080975500751 ], [ -51.98006521840793, -26.801202106949816 ], [ -51.97842615993163, -26.777217488023098 ], [ -51.938534555512852, -26.785506835416644 ], [ -51.927881580974066, -26.776612955686932 ], [ -51.930828264002734, -26.785458472829752 ], [ -51.899278652226876, -26.78786209339836 ], [ -51.901292611371233, -26.778873100581087 ], [ -51.886057517556161, -26.777797839065823 ], [ -51.884041747297466, -26.771147983367968 ], [ -51.872322026413329, -26.775613462224467 ], [ -51.84601377953296, -26.77184762879169 ], [ -51.840259869279691, -26.762779643749163 ], [ -51.826163966383504, -26.766803410978699 ], [ -51.827283235044675, -26.753927678261419 ], [ -51.818075529747972, -26.763202010341363 ], [ -51.804178849429022, -26.761328766142356 ], [ -51.800513154007987, -26.769253782047969 ], [ -51.794380720857987, -26.758876782986857 ], [ -51.783579234943453, -26.759545798772216 ] ] ] } },
{ "type": "Feature", "properties": { "id": null, "CD_MUN": "4213500", "NM_MUN": "Porto Belo", "SIGLA_UF": "SC", "AREA_KM2": 93.673 }, "geometry": { "type": "MultiPolygon", "coordinates": [ [ [ [ -48.530989938943215, -27.126909620901454 ], [ -48.508213365022819, -27.114915699351869 ], [ -48.52404612656958, -27.136374179156512 ], [ -48.52827326743553, -27.161121314869916 ], [ -48.58308845400316, -27.193259865946874 ], [ -48.585194779978785, -27.198150935568037 ], [ -48.577062876599129, -27.205835750625415 ], [ -48.578354201122444, -27.211463543653586 ], [ -48.601996487696617, -27.220399337625274 ], [ -48.607719609006132, -27.210552714933758 ], [ -48.66173247192183, -27.216220810117676 ], [ -48.669045751620502, -27.20103334574689 ], [ -48.687712907106942, -27.191465613973126 ], [ -48.686419771469289, -27.171728842261889 ], [ -48.692186359522921, -27.168619127924636 ], [ -48.680271038290236, -27.165649665089376 ], [ -48.690031133460167, -27.141390991503599 ], [ -48.65422178076026, -27.151150561538707 ], [ -48.604218724989899, -27.136499921882436 ], [ -48.602494544139695, -27.145435715854124 ], [ -48.55121465276072, -27.157281325470571 ], [ -48.532734042051146, -27.146746341958938 ], [ -48.537614995193273, -27.142340510292939 ], [ -48.524833961306811, -27.126672644225678 ], [ -48.530989938943215, -27.126909620901454 ] ] ], [ [ [ -48.540056377321513, -27.135606826111136 ], [ -48.540250166555722, -27.14144580243541 ], [ -48.549499527482205, -27.144602267273328 ], [ -48.548503414596055, -27.14220509504964 ], [ -48.540056377321513, -27.135606826111136 ] ] ] ] } },
{ "type": "Feature", "properties": { "id": null, "CD_MUN": "4213609", "NM_MUN": "Porto União", "SIGLA_UF": "SC", "AREA_KM2": 848.779 }, "geometry": { "type": "Polygon", "coordinates": [ [ [ -50.909138821165698, -26.284634867995447 ], [ -50.888202339413176, -26.302353307746994 ], [ -50.901783885837233, -26.305949872125641 ], [ -50.894789362262131, -26.312380484096245 ], [ -50.899467470598353, -26.322604334965529 ], [ -50.890632854855376, -26.327232634531239 ], [ -50.885230300783775, -26.317145810991484 ], [ -50.879990747002623, -26.321243734187593 ], [ -50.89804212361399, -26.332371965431786 ], [ -50.887130159724812, -26.339307160392316 ], [ -50.89451045065401, -26.347660991235053 ], [ -50.88270560739597, -26.35927607252064 ], [ -50.884234187897626, -26.379306243925697 ], [ -50.870989508740514, -26.385569198928405 ], [ -50.856214437967409, -26.375938595791681 ], [ -50.844286438934354, -26.379756015983808 ], [ -50.841060844297573, -26.408046517230275 ], [ -50.849384725797101, -26.427847772390702 ], [ -50.815165531486365, -26.440615495330583 ], [ -50.809165309683067, -26.45833393508213 ], [ -50.821602231845226, -26.464480819876297 ], [ -50.816835378906418, -26.477516149130324 ], [ -50.784807632945203, -26.501284748502247 ], [ -50.801779585410856, -26.508068407357175 ], [ -50.825113982547485, -26.548140034770899 ], [ -50.855995293132459, -26.560596625068435 ], [ -50.902303675652369, -26.556345553680494 ], [ -50.915827266417608, -26.544815912965085 ], [ -50.921168242601702, -26.552594229023789 ], [ -50.942387258191026, -26.550332472043404 ], [ -50.961581447949953, -26.522477234078977 ], [ -50.97183054399126, -26.522999550017428 ], [ -51.009326044140266, -26.495168493346451 ], [ -51.005176781190869, -26.484714114146307 ], [ -50.995101552126052, -26.483683991045474 ], [ -50.997014088867459, -26.464574320877624 ], [ -51.007522174259165, -26.459154486973091 ], [ -50.97661369695912, -26.441890655538344 ], [ -50.980507592786793, -26.427880014115296 ], [ -50.964540808778985, -26.428481322279005 ], [ -50.985408468186648, -26.404877155702518 ], [ -51.027477032040245, -26.405581637384934 ], [ -51.042224936098272, -26.394645244402085 ], [ -51.052796410491823, -26.400566437124077 ], [ -51.056748261978328, -26.394251895362018 ], [ -51.063375129342731, -26.402133384939429 ], [ -51.089272253268277, -26.39132112259627 ], [ -51.11497196573093, -26.390856841762094 ], [ -51.190160377491829, -26.452145136045996 ], [ -51.202108298782605, -26.442774078792265 ], [ -51.201463542078116, -26.427117497328609 ], [ -51.258171343129426, -26.400458427346685 ], [ -51.270361953741556, -26.386900782154207 ], [ -51.250999330349153, -26.374363587545183 ], [ -51.260107424357237, -26.362517977928736 ], [ -51.247951224917536, -26.329866783430703 ], [ -51.215820245439033, -26.315948030922755 ], [ -51.207197530073657, -26.296301536040389 ], [ -51.187805928851837, -26.301155527678265 ], [ -51.161939593870045, -26.291026789896534 ], [ -51.16316390716284, -26.283561218566408 ], [ -51.154079357641159, -26.279518106302113 ], [ -51.136609348732435, -26.286167961999968 ], [ -51.135049979287025, -26.279140878124345 ], [ -51.104313557849132, -26.27612144061596 ], [ -51.081165705489362, -26.227891044793303 ], [ -51.056846062152609, -26.243902285227513 ], [ -50.998971903467329, -26.23105395797614 ], [ -50.974891327223247, -26.244115080609845 ], [ -50.969985018480379, -26.263289234226885 ], [ -50.952755887778672, -26.269797226336522 ], [ -50.945279607789537, -26.282661674450189 ], [ -50.931553172218393, -26.268496272749086 ], [ -50.94419656141514, -26.238053636385857 ], [ -50.932513062817776, -26.234492537904266 ], [ -50.908206097281393, -26.251214708365808 ], [ -50.909138821165698, -26.284634867995447 ] ] ] } },
{ "type": "Feature", "properties": { "id": null, "CD_MUN": "4213708", "NM_MUN": "Pouso Redondo", "SIGLA_UF": "SC", "AREA_KM2": 356.539 }, "geometry": { "type": "Polygon", "coordinates": [ [ [ -49.823439164264698, -27.265379767608689 ], [ -49.856846979351815, -27.278211973997763 ], [ -49.883923138711694, -27.305759303492298 ], [ -49.930289476890437, -27.322818399975866 ], [ -49.941585397019374, -27.339453517780999 ], [ -49.927679661128728, -27.367976159444556 ], [ -49.951716770628678, -27.381749824191822 ], [ -49.95632786773438, -27.406869351824305 ], [ -49.970947182674379, -27.412390747161314 ], [ -49.987933624054733, -27.403999838335292 ], [ -49.979149719513238, -27.416927157811923 ], [ -49.984249817490323, -27.418637581301724 ], [ -50.00629832344665, -27.398264035529721 ], [ -50.017724643807952, -27.398017386336566 ], [ -50.009647073858453, -27.387627490585611 ], [ -50.012528556770931, -27.378709429562452 ], [ -50.032655470414163, -27.371988642070484 ], [ -50.030156132627098, -27.356257904640259 ], [ -50.044199513207467, -27.348627900514696 ], [ -50.044096279690173, -27.335213730996671 ], [ -50.033959472737848, -27.342979150365537 ], [ -50.024039999506144, -27.344167257916887 ], [ -50.025200923797094, -27.329060397857585 ], [ -50.018632012091523, -27.332479632750957 ], [ -50.008379293821534, -27.319050954456863 ], [ -50.026427048204226, -27.324968923006395 ], [ -50.05301601780706, -27.315997663137654 ], [ -50.061062798812806, -27.322268678571511 ], [ -50.058581572169125, -27.312509108536403 ], [ -50.106927458319802, -27.294850315975356 ], [ -50.129555520864443, -27.274015713541637 ], [ -50.100510680218662, -27.246399064339219 ], [ -50.071578128661869, -27.239476766068531 ], [ -50.058978206209247, -27.227286169998909 ], [ -50.063100302443566, -27.217492746152978 ], [ -50.04730195206924, -27.205742249624087 ], [ -50.042156576233694, -27.218700198739086 ], [ -50.026758482128159, -27.222008199682598 ], [ -50.016119996504088, -27.210863847576107 ], [ -49.996612483964604, -27.214484593248201 ], [ -49.965144372333974, -27.196216432092296 ], [ -49.941297429839558, -27.214384643901955 ], [ -49.933055048485258, -27.189205469078971 ], [ -49.919232623854178, -27.188689601485439 ], [ -49.913100190704178, -27.218919442466333 ], [ -49.846136049154197, -27.233404037240938 ], [ -49.823439164264698, -27.265379767608689 ] ] ] } },
{ "type": "Feature", "properties": { "id": null, "CD_MUN": "4213807", "NM_MUN": "Praia Grande", "SIGLA_UF": "SC", "AREA_KM2": 284.36 }, "geometry": { "type": "Polygon", "coordinates": [ [ [ -49.831949590541093, -29.121774441343145 ], [ -49.817880854359984, -29.150825847290069 ], [ -49.838326524126785, -29.153874302350587 ], [ -49.831710523448415, -29.160232370440852 ], [ -49.884861295939011, -29.171205841406987 ], [ -49.912229044707381, -29.195627335701975 ], [ -49.965015783215946, -29.199444755894103 ], [ -49.969282768597338, -29.211780439724404 ], [ -49.996585317249526, -29.228262409337706 ], [ -50.009931418809593, -29.225409016710991 ], [ -50.062971713325538, -29.242147308034831 ], [ -50.065340650880238, -29.24958063764036 ], [ -50.114324049278046, -29.257618499582058 ], [ -50.1091786734425, -29.279675063377955 ], [ -50.09244759918387, -29.297578893045927 ], [ -50.052657417168042, -29.322211570637016 ], [ -50.033696861158774, -29.349845952787959 ], [ -50.040086472544843, -29.354814402548154 ], [ -50.046774917796746, -29.340358825325687 ], [ -50.068745545836528, -29.342606073530003 ], [ -50.058150526956574, -29.329257999547398 ], [ -50.074468667146043, -29.328197246808202 ], [ -50.065773507207126, -29.321918170943196 ], [ -50.087745946361245, -29.324323403598033 ], [ -50.083757872587967, -29.313930283674619 ], [ -50.112494823796212, -29.305752170230928 ], [ -50.10523044418467, -29.299363472502296 ], [ -50.119971103785346, -29.296780910362184 ], [ -50.12300834253093, -29.281972286255396 ], [ -50.130124210766716, -29.285757464722927 ], [ -50.128736897183458, -29.303554896699733 ], [ -50.139009537711168, -29.290949994469059 ], [ -50.144931881597913, -29.293593815885902 ], [ -50.139636183272273, -29.281954553306868 ], [ -50.150482947045269, -29.285304468492356 ], [ -50.139826350277808, -29.266501094708165 ], [ -50.145888149968613, -29.258318145005784 ], [ -50.138752359475106, -29.253523800558412 ], [ -50.177508395203674, -29.248521496987394 ], [ -50.140683007359897, -29.237783390610808 ], [ -50.14071379630365, -29.228409109184618 ], [ -50.151232748381389, -29.230154998571471 ], [ -50.144973537227692, -29.223900103999913 ], [ -50.150669491822129, -29.224572343957732 ], [ -50.133967395392915, -29.207906596514235 ], [ -50.142763977734781, -29.201422785698046 ], [ -50.161547044538885, -29.203942476475195 ], [ -50.139647049958306, -29.192219385412212 ], [ -50.136502955466746, -29.19848072832869 ], [ -50.120367737825468, -29.197740780749221 ], [ -50.127461872689189, -29.200702183153332 ], [ -50.115523006970101, -29.208820649406519 ], [ -50.093275278436543, -29.212781545273099 ], [ -50.101689715652995, -29.225475112246411 ], [ -50.112445923709068, -29.223732447032017 ], [ -50.106018278921901, -29.229415050992003 ], [ -50.112690424144759, -29.240006457521677 ], [ -50.093552378930326, -29.223679248186432 ], [ -50.09515702623419, -29.237314273517939 ], [ -50.084138206599043, -29.227124276459481 ], [ -50.083766928159662, -29.21538184036174 ], [ -50.074062977534226, -29.216844002572152 ], [ -50.051670359853588, -29.214404916106488 ], [ -50.047848908599448, -29.217606519358839 ], [ -50.046997684860379, -29.217184152766634 ], [ -50.052717183941212, -29.213089453742988 ], [ -50.0839806396516, -29.213835849667376 ], [ -50.09134644166609, -29.219795732458884 ], [ -50.084768474388824, -29.198275993377507 ], [ -50.096901129342122, -29.200291101164737 ], [ -50.085007541481502, -29.192923867094628 ], [ -50.092246565492296, -29.194561746704089 ], [ -50.087631846157919, -29.183749484360931 ], [ -50.098382620870979, -29.181095990426709 ], [ -50.093387567525525, -29.17663051157021 ], [ -50.101050392291519, -29.161504306476154 ], [ -50.079822321130507, -29.155365482113137 ], [ -50.057154414070425, -29.157949656339479 ], [ -50.078320907343929, -29.15764658412828 ], [ -50.093421978697954, -29.16791073715331 ], [ -50.08432656249024, -29.170685137554766 ], [ -50.090073228286158, -29.175092581306995 ], [ -50.078016640135068, -29.175315049206706 ], [ -50.085556309126055, -29.178985769551922 ], [ -50.074479533832069, -29.180813875336497 ], [ -50.075321701999449, -29.188356826805652 ], [ -50.059726196431029, -29.175245729498826 ], [ -50.067874399839731, -29.195493532544901 ], [ -50.062844935321849, -29.185916128253758 ], [ -50.033394405064257, -29.175282807482109 ], [ -50.014482749142125, -29.186483582606645 ], [ -50.012932435268411, -29.180386672485604 ], [ -50.028750707900457, -29.171871633019887 ], [ -50.027021093707233, -29.164191654221202 ], [ -50.01780433283885, -29.163608079006018 ], [ -50.021062527533722, -29.151003176775344 ], [ -50.009543840341159, -29.15734189983085 ], [ -50.005876333805794, -29.150413153215244 ], [ -50.013417813911111, -29.126820271242366 ], [ -50.004615798226226, -29.120088199146789 ], [ -50.007421214336496, -29.128438805817069 ], [ -49.990128694632944, -29.12901915685979 ], [ -49.991264263323153, -29.136874853057524 ], [ -49.978160851084439, -29.137194046131022 ], [ -49.99301923311711, -29.118190773654334 ], [ -49.962603378917123, -29.117481455713232 ], [ -49.970490781861088, -29.101342860466872 ], [ -49.96299639072857, -29.099817826893496 ], [ -49.967786788153781, -29.083021500465385 ], [ -49.955587121969955, -29.084017769755391 ], [ -49.957590214428286, -29.068238669738271 ], [ -49.916427207743915, -29.103072628991427 ], [ -49.875329401175733, -29.094422174282411 ], [ -49.851480647566973, -29.102793738073675 ], [ -49.831949590541093, -29.121774441343145 ] ] ] } },
{ "type": "Feature", "properties": { "id": null, "CD_MUN": "4213906", "NM_MUN": "Presidente Castello Branco", "SIGLA_UF": "SC", "AREA_KM2": 65.433 }, "geometry": { "type": "Polygon", "coordinates": [ [ [ -51.724727074515407, -27.206790105673445 ], [ -51.719779110142753, -27.217450831911002 ], [ -51.738969677673005, -27.246423245632666 ], [ -51.764957357315474, -27.259761647097893 ], [ -51.756381730922897, -27.280889649225433 ], [ -51.768690063967028, -27.277365628727125 ], [ -51.795646689780568, -27.293541301956772 ], [ -51.799701774784367, -27.283688230920337 ], [ -51.789939868500099, -27.273839996142591 ], [ -51.790023179759672, -27.259045880811868 ], [ -51.81822223000939, -27.245455993894797 ], [ -51.832229388302991, -27.252163884696927 ], [ -51.842248472823314, -27.243270004967211 ], [ -51.844405510000414, -27.229406063391075 ], [ -51.828771971030882, -27.23433582308175 ], [ -51.833520712826306, -27.228306620582362 ], [ -51.826060732866218, -27.220807195441409 ], [ -51.812622264474889, -27.22245152339579 ], [ -51.817378250727671, -27.19492192684978 ], [ -51.80917752500315, -27.183295560960584 ], [ -51.796019779334287, -27.198747407473057 ], [ -51.771979047605655, -27.206778821069836 ], [ -51.724727074515407, -27.206790105673445 ] ] ] } },
{ "type": "Feature", "properties": { "id": null, "CD_MUN": "4214003", "NM_MUN": "Presidente Getúlio", "SIGLA_UF": "SC", "AREA_KM2": 297.16 }, "geometry": { "type": "Polygon", "coordinates": [ [ [ -49.601142990362924, -27.011023190187256 ], [ -49.586398708533572, -27.065980821846797 ], [ -49.575990234430485, -27.079794788749808 ], [ -49.585520318079425, -27.087426404961604 ], [ -49.615822072076085, -27.080221991600702 ], [ -49.635851185545043, -27.107456576366662 ], [ -49.655554298433081, -27.102749284575694 ], [ -49.667471430780104, -27.117822290824165 ], [ -49.696139559643484, -27.124152953448526 ], [ -49.717987031908251, -27.144395920235915 ], [ -49.735837374828044, -27.148730820107801 ], [ -49.746963050209168, -27.136778812800188 ], [ -49.763415212859677, -27.131489557880268 ], [ -49.77705652605691, -27.139074423591399 ], [ -49.802178493045595, -27.129011781345092 ], [ -49.811793699068446, -27.115141391424036 ], [ -49.83505746274588, -27.114340184567837 ], [ -49.847834874403667, -27.011764749852954 ], [ -49.77316806357225, -27.024282599427224 ], [ -49.755525998801374, -27.048721826670736 ], [ -49.725561112071659, -27.060791516273124 ], [ -49.737262721812407, -27.027700222234362 ], [ -49.72746640435571, -27.039582909834095 ], [ -49.723295408034254, -27.030086109854444 ], [ -49.713075289822363, -27.041043459958278 ], [ -49.697744206947355, -27.043272975214069 ], [ -49.681784667396904, -27.027771154028475 ], [ -49.668241154373945, -27.032792802634248 ], [ -49.665752683272913, -27.022628598955464 ], [ -49.703842228924927, -27.027597048715656 ], [ -49.708792004411919, -27.021727442753015 ], [ -49.693413832564111, -26.995292452757031 ], [ -49.683409236958497, -27.004276609315614 ], [ -49.674918732939823, -26.998377985800836 ], [ -49.678207716578456, -26.987762397977711 ], [ -49.687185410354168, -26.986187389731214 ], [ -49.680862810198633, -26.953355641575449 ], [ -49.696065303955606, -26.92865525636271 ], [ -49.690191860156006, -26.924715317617121 ], [ -49.63174538933977, -26.995374669154749 ], [ -49.601142990362924, -27.011023190187256 ] ] ] } },
{ "type": "Feature", "properties": { "id": null, "CD_MUN": "4214102", "NM_MUN": "Presidente Nereu", "SIGLA_UF": "SC", "AREA_KM2": 224.748 }, "geometry": { "type": "Polygon", "coordinates": [ [ [ -49.21234383086977, -27.227160427272988 ], [ -49.252780580704417, -27.237616418559362 ], [ -49.257177966318181, -27.248080470276882 ], [ -49.275596999140255, -27.245530149861366 ], [ -49.286161229076455, -27.26120768844601 ], [ -49.30337949309213, -27.256119944304814 ], [ -49.299644975326238, -27.268618448844322 ], [ -49.317026239632376, -27.285637243172143 ], [ -49.311212562605945, -27.289704536729889 ], [ -49.320816901942763, -27.323255275344138 ], [ -49.327719058686604, -27.315306078145078 ], [ -49.347686594268055, -27.313764923709403 ], [ -49.362843810166574, -27.323205300671013 ], [ -49.390914271298264, -27.325458997220252 ], [ -49.413386578009792, -27.354416902165848 ], [ -49.436938308867042, -27.348748806981931 ], [ -49.461020696225461, -27.356149894862863 ], [ -49.481920955691209, -27.319582942912692 ], [ -49.478273371413565, -27.306533104882597 ], [ -49.491606795173261, -27.300824707542933 ], [ -49.451396434630915, -27.270738342236488 ], [ -49.447468127630813, -27.255736267782126 ], [ -49.42144422570157, -27.25057920393305 ], [ -49.41040186158002, -27.234190735321071 ], [ -49.390287625737159, -27.235451386752761 ], [ -49.373538440335139, -27.225806274839968 ], [ -49.342802018897245, -27.238698128419546 ], [ -49.322349104673094, -27.231643639078015 ], [ -49.309064581000534, -27.213457694319828 ], [ -49.263016998945361, -27.210941227715139 ], [ -49.246628225296689, -27.197362625401674 ], [ -49.242868351930063, -27.180598540698156 ], [ -49.211027150745714, -27.157658553648339 ], [ -49.19469814387022, -27.183617978206541 ], [ -49.201502500439787, -27.194997694902582 ], [ -49.187060674704959, -27.204083412893638 ], [ -49.208717979964185, -27.213980010258279 ], [ -49.21234383086977, -27.227160427272988 ] ] ] } },
{ "type": "Feature", "properties": { "id": null, "CD_MUN": "4214151", "NM_MUN": "Princesa", "SIGLA_UF": "SC", "AREA_KM2": 85.598 }, "geometry": { "type": "Polygon", "coordinates": [ [ [ -53.591087644749038, -26.409742431944004 ], [ -53.540126509493632, -26.425476393546688 ], [ -53.555836115265379, -26.443560776872399 ], [ -53.560456267942776, -26.468372396034994 ], [ -53.56879644947135, -26.464596890084842 ], [ -53.575609861612612, -26.482847318292215 ], [ -53.634094365829952, -26.46973299681293 ], [ -53.63831607335289, -26.449049930484811 ], [ -53.688391573696791, -26.443265765092349 ], [ -53.681753839646355, -26.415755513581097 ], [ -53.66642819011436, -26.425421582614877 ], [ -53.670782108984007, -26.414141815265083 ], [ -53.6577873636056, -26.418813641158994 ], [ -53.658468342596862, -26.40835926195885 ], [ -53.648300746700784, -26.409452256422643 ], [ -53.61872524955384, -26.376852648683968 ], [ -53.604290668276363, -26.376444790867833 ], [ -53.591087644749038, -26.409742431944004 ] ] ] } },
{ "type": "Feature", "properties": { "id": null, "CD_MUN": "4214201", "NM_MUN": "Quilombo", "SIGLA_UF": "SC", "AREA_KM2": 278.983 }, "geometry": { "type": "Polygon", "coordinates": [ [ [ -52.607375458475033, -26.674853236604321 ], [ -52.617957799554617, -26.700071101496821 ], [ -52.601281058726137, -26.701580014207899 ], [ -52.594958458570595, -26.723536628657548 ], [ -52.636802444246221, -26.72827132591442 ], [ -52.627359294085529, -26.742067559868907 ], [ -52.647424629841254, -26.747169812786169 ], [ -52.628913230187919, -26.754391959095599 ], [ -52.639376037721163, -26.76418538294153 ], [ -52.623612098519267, -26.776398548218371 ], [ -52.641006040625776, -26.775469986550014 ], [ -52.652289282954342, -26.752449395188709 ], [ -52.677096116048133, -26.764209564234978 ], [ -52.696846317908971, -26.761807555752601 ], [ -52.696371805952296, -26.769157056874185 ], [ -52.664903694321666, -26.784936156891302 ], [ -52.667654777001779, -26.796599600763784 ], [ -52.684950918934007, -26.806894383427178 ], [ -52.715310628589506, -26.80027193319523 ], [ -52.712255278700532, -26.820089309217956 ], [ -52.740620951469388, -26.818973745546945 ], [ -52.743511489953562, -26.840362905643708 ], [ -52.783991706532333, -26.787754083620964 ], [ -52.793347923204784, -26.788124863453813 ], [ -52.80228215023638, -26.776011647523223 ], [ -52.802910606911823, -26.750318217192937 ], [ -52.820353449105468, -26.732451465508248 ], [ -52.818756046258947, -26.716027530999217 ], [ -52.84750205303888, -26.672257777774369 ], [ -52.803146051775819, -26.686160409420022 ], [ -52.775990203385049, -26.671977274770388 ], [ -52.757339347927655, -26.677684060023822 ], [ -52.749316111408305, -26.658503458061862 ], [ -52.741236730344468, -26.657599077686953 ], [ -52.721104383358217, -26.672647902641977 ], [ -52.678508785232133, -26.673117019734846 ], [ -52.661765033173126, -26.655098731944559 ], [ -52.631360045659171, -26.641995695068879 ], [ -52.626055291761844, -26.655424373362976 ], [ -52.60824660447183, -26.653535008301667 ], [ -52.608492916021859, -26.663675030687006 ], [ -52.620263348107464, -26.669259297386976 ], [ -52.607375458475033, -26.674853236604321 ] ] ] } },
{ "type": "Feature", "properties": { "id": null, "CD_MUN": "4214300", "NM_MUN": "Rancho Queimado", "SIGLA_UF": "SC", "AREA_KM2": 286.461 }, "geometry": { "type": "Polygon", "coordinates": [ [ [ -48.978920170472534, -27.626604765374914 ], [ -48.960073714666585, -27.656965185340422 ], [ -48.992518016925644, -27.699195396215824 ], [ -49.006507064075855, -27.700186829247141 ], [ -49.00652879744792, -27.720666772710306 ], [ -49.030958918759318, -27.773791462326585 ], [ -49.028595414547638, -27.743963030816904 ], [ -49.036086183451481, -27.735425422143972 ], [ -49.052377156925871, -27.772089099267934 ], [ -49.079408038427289, -27.75083051815578 ], [ -49.092391917119656, -27.750922407070878 ], [ -49.106542153445993, -27.770501194331597 ], [ -49.115175735497402, -27.770078827739393 ], [ -49.126335822050955, -27.746987304583978 ], [ -49.157693455706934, -27.744459553375677 ], [ -49.150367498207892, -27.712749817235842 ], [ -49.157995911801457, -27.706486862233135 ], [ -49.147118359084708, -27.686846815695684 ], [ -49.163067031949126, -27.663321641344456 ], [ -49.194375765517975, -27.657571329762821 ], [ -49.210018360059195, -27.631295936303584 ], [ -49.203516459584144, -27.601074155753835 ], [ -49.182989289672115, -27.59086320157439 ], [ -49.143735197500476, -27.593086268485258 ], [ -49.13799215393324, -27.58208216788076 ], [ -49.128798937551252, -27.600400303709787 ], [ -49.089191678083608, -27.585299891995405 ], [ -49.080572584946907, -27.623395101691415 ], [ -49.064696356656029, -27.648922487140034 ], [ -49.010275993014176, -27.622265029244335 ], [ -49.009522569449381, -27.630485056930002 ], [ -49.001323654839204, -27.62536023480552 ], [ -48.98839954292, -27.632974118068788 ], [ -48.978920170472534, -27.626604765374914 ] ] ] } },
{ "type": "Feature", "properties": { "id": null, "CD_MUN": "4214409", "NM_MUN": "Rio das Antas", "SIGLA_UF": "SC", "AREA_KM2": 314.913 }, "geometry": { "type": "Polygon", "coordinates": [ [ [ -50.846023297584935, -26.872944780433858 ], [ -50.990336510301582, -26.961751386660161 ], [ -50.982344062725986, -26.971765666319573 ], [ -50.986243391896672, -26.979208668442482 ], [ -51.025307317062776, -26.980192041042649 ], [ -51.032321762895606, -26.971069245068307 ], [ -51.037496116560568, -26.980359698010549 ], [ -51.048605491912639, -26.980109824644931 ], [ -51.048888025749442, -26.991328332717995 ], [ -51.069489451349348, -26.980303274992504 ], [ -51.117476736861015, -26.984325430135815 ], [ -51.125898418534817, -26.961541815450289 ], [ -51.137341038925172, -26.963863219621174 ], [ -51.142790681969572, -26.951735494914516 ], [ -51.151900587091994, -26.958965701655096 ], [ -51.159802478950667, -26.954416394314645 ], [ -51.163115007075703, -26.927941102162915 ], [ -51.179145180085349, -26.916580730501632 ], [ -51.177334065746898, -26.869727056319213 ], [ -51.192248592324063, -26.851317031575086 ], [ -51.181682551273525, -26.831980057248838 ], [ -51.129004479625266, -26.836044126634121 ], [ -51.124328182403382, -26.842471514432265 ], [ -51.105092337014668, -26.831459353396617 ], [ -51.094622285024066, -26.839523008717993 ], [ -51.055960427241104, -26.840045324656444 ], [ -51.049237570816764, -26.843627380259022 ], [ -51.058532209601708, -26.851180004245556 ], [ -51.0521878760741, -26.859005070804923 ], [ -51.041897124403008, -26.852061815413247 ], [ -51.03979804288474, -26.867299254457158 ], [ -51.023133979856631, -26.86424596313795 ], [ -51.021056631710429, -26.856939988344571 ], [ -51.008032908502607, -26.862259872902857 ], [ -51.005881304668527, -26.87114246802896 ], [ -50.994599873454298, -26.861784307465069 ], [ -50.982584940933002, -26.869386906124728 ], [ -50.987261238154886, -26.880603802111558 ], [ -50.967027468765686, -26.883621627533714 ], [ -50.974663126816601, -26.886639452955869 ], [ -50.971738177159999, -26.897994988358462 ], [ -50.945431741393968, -26.886296078588924 ], [ -50.926052817972511, -26.90306822372359 ], [ -50.904118412219503, -26.885333663109744 ], [ -50.882604184993014, -26.887053759116924 ], [ -50.874492203871085, -26.877676253518274 ], [ -50.846023297584935, -26.872944780433858 ] ] ] } },
{ "type": "Feature", "properties": { "id": null, "CD_MUN": "4214508", "NM_MUN": "Rio do Campo", "SIGLA_UF": "SC", "AREA_KM2": 502.095 }, "geometry": { "type": "Polygon", "coordinates": [ [ [ -50.102566294992805, -26.817416470248975 ], [ -50.066068718844292, -26.808799869350782 ], [ -50.072197529765617, -26.832102575802303 ], [ -50.064998350270265, -26.839680993168511 ], [ -50.045628482420504, -26.813405599709274 ], [ -49.994935392087193, -26.805417712440697 ], [ -49.979895898620676, -26.794573208372945 ], [ -49.968974879159802, -26.802962505112738 ], [ -49.952216638186094, -26.801606740593492 ], [ -49.947073073464885, -26.815575467774561 ], [ -49.961275832107034, -26.863301280607295 ], [ -50.00670220194413, -26.879744560151085 ], [ -50.02012074807773, -26.900941881986505 ], [ -50.016507574972515, -26.912851975052146 ], [ -50.055421177648526, -26.936494831698145 ], [ -50.070259637423476, -26.971349748072289 ], [ -50.090770507306459, -26.977546607539576 ], [ -50.092396887982389, -26.987889752789865 ], [ -50.067608166031981, -27.03293144205001 ], [ -50.115975785554717, -27.014611694134754 ], [ -50.102356205729549, -27.00913221303972 ], [ -50.112195989930363, -27.00296114695211 ], [ -50.099905768029622, -26.996735269932685 ], [ -50.104926176975809, -26.990077353803681 ], [ -50.177262083653645, -26.9820620610692 ], [ -50.235675954411782, -26.985887541692474 ], [ -50.290835252703722, -26.969910155069094 ], [ -50.282567515748681, -26.940726558051328 ], [ -50.271483495997344, -26.930397921577104 ], [ -50.276876994497258, -26.918868280861695 ], [ -50.271599407315009, -26.903013412791775 ], [ -50.26052987647838, -26.891090423036299 ], [ -50.261171010954193, -26.881330853001192 ], [ -50.281540613918779, -26.877829401710102 ], [ -50.254480754587945, -26.863077200621355 ], [ -50.251387371297866, -26.851626552131204 ], [ -50.242148877057417, -26.852127910948667 ], [ -50.2421669882008, -26.841149603723846 ], [ -50.221889752067476, -26.81469365660687 ], [ -50.199473589900435, -26.813713508179163 ], [ -50.162079512154385, -26.789035692173641 ], [ -50.156890669574722, -26.79818750570012 ], [ -50.143151556203208, -26.794711847788708 ], [ -50.102566294992805, -26.817416470248975 ] ] ] } },
{ "type": "Feature", "properties": { "id": null, "CD_MUN": "4214607", "NM_MUN": "Rio do Oeste", "SIGLA_UF": "SC", "AREA_KM2": 245.057 }, "geometry": { "type": "Polygon", "coordinates": [ [ [ -49.844951580376851, -27.023568445227429 ], [ -49.839503748446781, -27.047335432513123 ], [ -49.845538381422507, -27.06848922802034 ], [ -49.836455643015164, -27.082806165827044 ], [ -49.834983207058002, -27.114469151466217 ], [ -49.811793699068446, -27.115141391424036 ], [ -49.802178493045595, -27.129011781345092 ], [ -49.77705652605691, -27.139074423591399 ], [ -49.763415212859677, -27.131489557880268 ], [ -49.746963050209168, -27.136778812800188 ], [ -49.742648975854969, -27.145522768510531 ], [ -49.756192488877922, -27.155649894206032 ], [ -49.760269307253779, -27.176200769463307 ], [ -49.751677380832163, -27.175093266223445 ], [ -49.757932969757178, -27.202145685245441 ], [ -49.769868213247584, -27.212048730954997 ], [ -49.766063062022496, -27.221780895524201 ], [ -49.777148892888171, -27.224634288150916 ], [ -49.788765380255008, -27.241356458612458 ], [ -49.803292328363746, -27.238707800936925 ], [ -49.798804387033059, -27.24691815610521 ], [ -49.816308807114211, -27.267091803184719 ], [ -49.846136049154197, -27.233404037240938 ], [ -49.913100190704178, -27.218919442466333 ], [ -49.919232623854178, -27.188689601485439 ], [ -49.933055048485258, -27.189205469078971 ], [ -49.91540755037137, -27.145184230402279 ], [ -49.909041483471704, -27.151724464236509 ], [ -49.900978402436905, -27.137296292479949 ], [ -49.901369603134015, -27.151218269160356 ], [ -49.89041055027203, -27.142969223922556 ], [ -49.898739865114578, -27.103261927996765 ], [ -49.876026680196034, -27.02065056915152 ], [ -49.844951580376851, -27.023568445227429 ] ] ] } },
{ "type": "Feature", "properties": { "id": null, "CD_MUN": "4214706", "NM_MUN": "Rio dos Cedros", "SIGLA_UF": "SC", "AREA_KM2": 555.473 }, "geometry": { "type": "Polygon", "coordinates": [ [ [ -49.29983514233178, -26.53935094064612 ], [ -49.289404934856627, -26.560524081188092 ], [ -49.298963996334983, -26.571977953850702 ], [ -49.28511078276015, -26.606931207484863 ], [ -49.262422953442346, -26.616877779522625 ], [ -49.221292546816066, -26.611656232224359 ], [ -49.223139883441291, -26.620514646057018 ], [ -49.216331904643042, -26.622170258615004 ], [ -49.223252172530273, -26.635826241067498 ], [ -49.21635907135812, -26.666991092061668 ], [ -49.223496672965965, -26.667190990754161 ], [ -49.234071769588198, -26.690648457483739 ], [ -49.235460894285787, -26.744974151341204 ], [ -49.214011867175486, -26.755218959331479 ], [ -49.224027329467134, -26.773006718790906 ], [ -49.335006982784542, -26.746102611702053 ], [ -49.332806478863326, -26.735287125186439 ], [ -49.344236421453303, -26.723123934582723 ], [ -49.354762617988392, -26.72352534405394 ], [ -49.36818840857935, -26.695273532876985 ], [ -49.380244996730433, -26.694335298691254 ], [ -49.399129485937486, -26.67063440694098 ], [ -49.448942374702312, -26.647966862463996 ], [ -49.482183567270283, -26.647452606956698 ], [ -49.497514650145291, -26.662578812050754 ], [ -49.498257207024061, -26.629806711085489 ], [ -49.485202694872484, -26.611951244004409 ], [ -49.507908635333678, -26.598071181565974 ], [ -49.507405145547587, -26.577979750884186 ], [ -49.53131366592951, -26.565104018166906 ], [ -49.563832223876446, -26.567099780919378 ], [ -49.56558176032739, -26.561149570645249 ], [ -49.549174875535343, -26.537055329854908 ], [ -49.549232831194175, -26.524613248333441 ], [ -49.518912966054124, -26.525008209459738 ], [ -49.491891140124395, -26.508355358706076 ], [ -49.452925015132571, -26.502174620101087 ], [ -49.44137916122493, -26.489015160207366 ], [ -49.415672204304919, -26.510530063030053 ], [ -49.376258734071499, -26.487994709623916 ], [ -49.365973415743419, -26.490593392626327 ], [ -49.35417219471406, -26.50314025975273 ], [ -49.356490421067278, -26.513288342569215 ], [ -49.331942577323879, -26.53869159737814 ], [ -49.29983514233178, -26.53935094064612 ] ] ] } },
{ "type": "Feature", "properties": { "id": null, "CD_MUN": "4214805", "NM_MUN": "Rio do Sul", "SIGLA_UF": "SC", "AREA_KM2": 260.817 }, "geometry": { "type": "Polygon", "coordinates": [ [ [ -49.585520318079425, -27.087426404961604 ], [ -49.595260490991627, -27.099823348068636 ], [ -49.588043200352892, -27.117161335469955 ], [ -49.590310715504636, -27.142717738470708 ], [ -49.572159727604657, -27.143122372114384 ], [ -49.575923223199958, -27.170574588521365 ], [ -49.543379309652288, -27.218555110978404 ], [ -49.552012891703697, -27.237213397001916 ], [ -49.527256769811373, -27.272039295823923 ], [ -49.562397821320388, -27.276412885765325 ], [ -49.578668872537058, -27.259927691979563 ], [ -49.620313635635455, -27.284798958332658 ], [ -49.640206915529028, -27.275598782219284 ], [ -49.692573475511068, -27.28999954850994 ], [ -49.69942673216778, -27.251091847354118 ], [ -49.688147112067888, -27.239388101325893 ], [ -49.69942129882476, -27.216989775249285 ], [ -49.690320449274033, -27.209846621165113 ], [ -49.69937964319498, -27.206401592892067 ], [ -49.684798361656092, -27.198678087765177 ], [ -49.70543238731409, -27.185755604547232 ], [ -49.705649721034703, -27.160171796080572 ], [ -49.717583153410772, -27.142450132156565 ], [ -49.696139559643484, -27.124152953448526 ], [ -49.667471430780104, -27.117822290824165 ], [ -49.655554298433081, -27.102749284575694 ], [ -49.635851185545043, -27.107456576366662 ], [ -49.615822072076085, -27.080221991600702 ], [ -49.585520318079425, -27.087426404961604 ] ] ] } },
{ "type": "Feature", "properties": { "id": null, "CD_MUN": "4214904", "NM_MUN": "Rio Fortuna", "SIGLA_UF": "SC", "AREA_KM2": 302.39 }, "geometry": { "type": "Polygon", "coordinates": [ [ [ -49.062571919537021, -28.060439739016807 ], [ -49.065009679436578, -28.115087850120229 ], [ -49.052523857187282, -28.142660972994442 ], [ -49.030949863187622, -28.15189177874618 ], [ -49.05942601393113, -28.163911493675446 ], [ -49.077785279980034, -28.190660840486238 ], [ -49.082240621252623, -28.172708648231371 ], [ -49.116407293247548, -28.172673182334318 ], [ -49.129034382415249, -28.161980214372164 ], [ -49.149190273887896, -28.171504419817722 ], [ -49.151005010455023, -28.159765207892441 ], [ -49.162753709168577, -28.158683498032257 ], [ -49.171850936490628, -28.140813522175108 ], [ -49.21641883813129, -28.163405298599294 ], [ -49.243101985679722, -28.158212768853161 ], [ -49.267932363259916, -28.112263475045648 ], [ -49.296660258896466, -28.104207880155421 ], [ -49.307405600266513, -28.056204788491165 ], [ -49.339855335868585, -28.027085674922589 ], [ -49.340762704152148, -28.00782446864914 ], [ -49.308367301980233, -27.970386990134884 ], [ -49.275915755263824, -28.026497263448718 ], [ -49.263801211453909, -28.030068034447687 ], [ -49.2375291868603, -28.016939204192333 ], [ -49.233008645471521, -28.023925985912214 ], [ -49.222458904450029, -28.022155915231913 ], [ -49.221178446612747, -28.034843033860309 ], [ -49.184918126442568, -28.065316299861902 ], [ -49.190909292674171, -28.072947916073694 ], [ -49.185542960889336, -28.069630242612799 ], [ -49.154918828540424, -28.089807113864769 ], [ -49.08196895410186, -28.046158267107156 ], [ -49.062571919537021, -28.060439739016807 ] ] ] } },
{ "type": "Feature", "properties": { "id": null, "CD_MUN": "4215000", "NM_MUN": "Rio Negrinho", "SIGLA_UF": "SC", "AREA_KM2": 907.42 }, "geometry": { "type": "Polygon", "coordinates": [ [ [ -49.471709893051013, -26.418757218140954 ], [ -49.495752435893976, -26.427291602641425 ], [ -49.492496052313442, -26.439654691937633 ], [ -49.471278847838455, -26.454661602650685 ], [ -49.466338127923159, -26.47174004416901 ], [ -49.444097643846945, -26.492548853223052 ], [ -49.452925015132571, -26.502174620101087 ], [ -49.491891140124395, -26.508355358706076 ], [ -49.518912966054124, -26.525008209459738 ], [ -49.549232831194175, -26.524613248333441 ], [ -49.564596514127274, -26.566022907317883 ], [ -49.582432368132359, -26.584502251769891 ], [ -49.58572316288533, -26.62458677587345 ], [ -49.618734343932324, -26.642700176751294 ], [ -49.61759696412777, -26.703766003135485 ], [ -49.640851672233516, -26.691651175118665 ], [ -49.6919486410643, -26.689366848931062 ], [ -49.707980625188291, -26.650001315285984 ], [ -49.700265278106478, -26.635639239064844 ], [ -49.676204624120125, -26.625267076262418 ], [ -49.686263553155896, -26.615950829940502 ], [ -49.686109608437128, -26.586259425760353 ], [ -49.694187178386628, -26.572263293113373 ], [ -49.706692922893652, -26.571826417745104 ], [ -49.732633513563322, -26.5502131776624 ], [ -49.735779419169212, -26.519325605499752 ], [ -49.7576468136917, -26.494936352929361 ], [ -49.761446531573775, -26.479847225818588 ], [ -49.760059217990523, -26.47061480798062 ], [ -49.749029531669336, -26.468988212974772 ], [ -49.761928287987807, -26.460724658960899 ], [ -49.750465745339731, -26.456994291425183 ], [ -49.74335893267564, -26.444094377414459 ], [ -49.747375984278335, -26.434039795599297 ], [ -49.729775575137239, -26.417164476945928 ], [ -49.728339361466851, -26.429226106117166 ], [ -49.714120302795649, -26.412636126726465 ], [ -49.712276588399106, -26.424249595925826 ], [ -49.708773893268535, -26.406463448552625 ], [ -49.697360250707604, -26.406743951556606 ], [ -49.690173749012615, -26.387998612876689 ], [ -49.676325968780802, -26.393287867796609 ], [ -49.665240137915127, -26.37898060250728 ], [ -49.63909851355389, -26.374171749283839 ], [ -49.633295703213491, -26.38016871005863 ], [ -49.632046034319956, -26.371677851886364 ], [ -49.64089513897764, -26.36841498935728 ], [ -49.635331395729906, -26.361155765064566 ], [ -49.650307500194579, -26.365647037300743 ], [ -49.65027852236517, -26.355073363719594 ], [ -49.64407545575596, -26.35445915886605 ], [ -49.652555093088601, -26.350991561385783 ], [ -49.640645205198929, -26.341320656093316 ], [ -49.626386302012286, -26.343978986286228 ], [ -49.625408300269527, -26.330074742554345 ], [ -49.61121097497039, -26.335910494706162 ], [ -49.621621260187815, -26.32022167151791 ], [ -49.610711107412975, -26.313043051536685 ], [ -49.633887937602161, -26.305264735477984 ], [ -49.631294421869498, -26.293835044108818 ], [ -49.617135129971466, -26.294191315165602 ], [ -49.633129080694353, -26.288054102888815 ], [ -49.620271980005668, -26.279942084980547 ], [ -49.62690790294176, -26.271778480312925 ], [ -49.616825429419592, -26.252630120075558 ], [ -49.622468861698209, -26.242906015937507 ], [ -49.613067367167304, -26.240176753950482 ], [ -49.617687519844694, -26.234702109114139 ], [ -49.611819509388106, -26.225950092972646 ], [ -49.60077352303788, -26.228601974820638 ], [ -49.587894688977137, -26.217035256121942 ], [ -49.591305017276447, -26.231476324568341 ], [ -49.58300830249199, -26.229902928408073 ], [ -49.578484138874529, -26.213548313606921 ], [ -49.566795206934152, -26.233671986013306 ], [ -49.555189586253348, -26.237287895426711 ], [ -49.546747982321811, -26.228759959271159 ], [ -49.551980291645606, -26.225124704822996 ], [ -49.53827377833219, -26.230089930410728 ], [ -49.537654377228435, -26.212814814372372 ], [ -49.529634762937768, -26.224412162709431 ], [ -49.528778105855679, -26.217278681142641 ], [ -49.52021153503479, -26.226976991901019 ], [ -49.512179242943752, -26.221115446369524 ], [ -49.504527284863784, -26.226585254947182 ], [ -49.490567215542988, -26.213335518224593 ], [ -49.499957843387868, -26.203139072821212 ], [ -49.483898692548799, -26.194851337513896 ], [ -49.470795280310092, -26.240924761961104 ], [ -49.469717667278708, -26.281307522017173 ], [ -49.481794177687519, -26.286766045991218 ], [ -49.470945602800185, -26.293822147418979 ], [ -49.477224736211603, -26.302935270875945 ], [ -49.465432570753933, -26.304800454643804 ], [ -49.463942023653381, -26.343301910069719 ], [ -49.470648580048675, -26.361679693089247 ], [ -49.45309163765171, -26.390116894182626 ], [ -49.471709893051013, -26.418757218140954 ] ] ] } },
{ "type": "Feature", "properties": { "id": null, "CD_MUN": "4215059", "NM_MUN": "Rio Rufino", "SIGLA_UF": "SC", "AREA_KM2": 282.571 }, "geometry": { "type": "Polygon", "coordinates": [ [ [ -49.607418501545666, -27.900741640835786 ], [ -49.702674060176626, -27.917589554023252 ], [ -49.716717440756995, -27.949936064223852 ], [ -49.710235462539664, -28.005077473713587 ], [ -49.715599983210168, -28.028507534977258 ], [ -49.726707547447901, -28.024720744423497 ], [ -49.744847668661848, -28.031910649008331 ], [ -49.773959520538149, -27.997350744414238 ], [ -49.782902803141432, -28.001222975538177 ], [ -49.793142843611051, -27.992986826990215 ], [ -49.807135512989944, -27.965589421515048 ], [ -49.822767240845131, -27.971184972818627 ], [ -49.855153587445358, -27.950943618117467 ], [ -49.840278905383641, -27.936699224191102 ], [ -49.870448448033599, -27.907730034641897 ], [ -49.858609193603129, -27.890766051245887 ], [ -49.837605700620081, -27.887653112736174 ], [ -49.832214013234506, -27.876736064788084 ], [ -49.80878543815227, -27.867377904224192 ], [ -49.778329739436842, -27.803784326631703 ], [ -49.784433194757426, -27.831038256432418 ], [ -49.770967559651027, -27.831660521717115 ], [ -49.758278892595825, -27.815138249948067 ], [ -49.745753225831081, -27.8271563527911 ], [ -49.732526657817353, -27.82240714675816 ], [ -49.737728178197393, -27.837522067248607 ], [ -49.754173096390545, -27.827436855795082 ], [ -49.760071895790894, -27.832690644817944 ], [ -49.752256937420462, -27.854731087751542 ], [ -49.6864989980199, -27.833461222035783 ], [ -49.656608366978062, -27.859061151364742 ], [ -49.64552072499805, -27.879357316997712 ], [ -49.608492492348368, -27.893985387446765 ], [ -49.607418501545666, -27.900741640835786 ] ] ] } },
{ "type": "Feature", "properties": { "id": null, "CD_MUN": "4215075", "NM_MUN": "Riqueza", "SIGLA_UF": "SC", "AREA_KM2": 191.061 }, "geometry": { "type": "Polygon", "coordinates": [ [ [ -53.334146664666989, -26.898622089901849 ], [ -53.280881791973073, -26.936686669959489 ], [ -53.29538338448107, -26.944850274627111 ], [ -53.281796404713987, -26.95043937758577 ], [ -53.295539140314176, -26.962262417994999 ], [ -53.284234164613551, -26.969083154833214 ], [ -53.28522484415668, -26.979626198775996 ], [ -53.301972218444362, -26.989306776585845 ], [ -53.279880245743904, -26.997499398805605 ], [ -53.29508636172956, -27.003227141180023 ], [ -53.284529376250717, -27.009643244374562 ], [ -53.28795781569341, -27.016596172283617 ], [ -53.296879364924628, -27.015395168042428 ], [ -53.284650720911394, -27.03085507498605 ], [ -53.301215172650885, -27.034666046833259 ], [ -53.286662868941413, -27.045770096784004 ], [ -53.295662296089191, -27.048754068395333 ], [ -53.289826885690694, -27.063627175951314 ], [ -53.310748878528507, -27.061525015507677 ], [ -53.313641228127018, -27.070744536655805 ], [ -53.305333646656528, -27.07354150626448 ], [ -53.324477125213981, -27.077379883577596 ], [ -53.317806791105461, -27.084271552209916 ], [ -53.323970013199215, -27.092182059339464 ], [ -53.347833255722676, -27.077225123299534 ], [ -53.347563399686251, -27.070265747045561 ], [ -53.366782945045919, -27.067476837868035 ], [ -53.36807789179791, -27.037483973562917 ], [ -53.394081871469425, -27.036576369015549 ], [ -53.401759185150127, -27.029529940105167 ], [ -53.379227111665429, -27.029928125403924 ], [ -53.37537124923886, -27.015287158265032 ], [ -53.38020149117952, -26.993066161673699 ], [ -53.388108816381205, -26.998390882490675 ], [ -53.39695792103889, -26.986762904515246 ], [ -53.390202464556459, -26.979905089693748 ], [ -53.398343423507804, -26.975697544634016 ], [ -53.397430621881227, -26.95364581709681 ], [ -53.410912557016673, -26.951680683982705 ], [ -53.409083331534838, -26.942151642278453 ], [ -53.389967019692463, -26.935980576190843 ], [ -53.411006734962271, -26.926786848422392 ], [ -53.406033414988883, -26.903626005559094 ], [ -53.42386021342228, -26.889454155513071 ], [ -53.388621361738991, -26.894693435759866 ], [ -53.384037431348361, -26.884530844167312 ], [ -53.373942280025823, -26.88722141608482 ], [ -53.375204626719729, -26.876397869138057 ], [ -53.35236285268315, -26.896466730612627 ], [ -53.334146664666989, -26.898622089901849 ] ] ] } },
{ "type": "Feature", "properties": { "id": null, "CD_MUN": "4215109", "NM_MUN": "Rodeio", "SIGLA_UF": "SC", "AREA_KM2": 129.001 }, "geometry": { "type": "Polygon", "coordinates": [ [ [ -49.305027607140126, -26.847965504303367 ], [ -49.315082913947215, -26.899455538482645 ], [ -49.290893670842834, -26.952314233871007 ], [ -49.321794903685529, -26.950563508225464 ], [ -49.316019260060195, -26.962114106061861 ], [ -49.339071123360036, -26.966291021483229 ], [ -49.367244818009013, -26.943583174850502 ], [ -49.380677853057321, -26.943091488550419 ], [ -49.390412592626511, -26.930825124427997 ], [ -49.407464234123054, -26.93356728310486 ], [ -49.42981157394523, -26.915274940655507 ], [ -49.410333039235162, -26.899442641792806 ], [ -49.403454426977717, -26.870307407361935 ], [ -49.370919569001735, -26.851928012256174 ], [ -49.372176482352621, -26.841744463542636 ], [ -49.356314742976451, -26.831930082575713 ], [ -49.356450576551836, -26.820819584280049 ], [ -49.346049346906092, -26.822112477436335 ], [ -49.33012421852807, -26.807845514302752 ], [ -49.31636699401318, -26.829324951228383 ], [ -49.310350472180836, -26.827685459532695 ], [ -49.305027607140126, -26.847965504303367 ] ] ] } },
{ "type": "Feature", "properties": { "id": null, "CD_MUN": "4215208", "NM_MUN": "Romelândia", "SIGLA_UF": "SC", "AREA_KM2": 223.333 }, "geometry": { "type": "Polygon", "coordinates": [ [ [ -53.222603754790313, -26.579108211245035 ], [ -53.231534359593226, -26.581723015109745 ], [ -53.22291164422785, -26.590992510930995 ], [ -53.242828468607826, -26.590254175437757 ], [ -53.230119879294897, -26.600831073191365 ], [ -53.237416858964522, -26.607998408568982 ], [ -53.234517264908661, -26.627088733702074 ], [ -53.226930506944882, -26.630146861279972 ], [ -53.232159194039994, -26.632934158371267 ], [ -53.226876173514725, -26.646727168153294 ], [ -53.237204958586929, -26.642056954345612 ], [ -53.230844325030276, -26.655372786603621 ], [ -53.252543285919288, -26.644747526263121 ], [ -53.257712206241237, -26.656454496463805 ], [ -53.245642940289784, -26.661551913122381 ], [ -53.25377484366944, -26.668936880141018 ], [ -53.261372468319252, -26.665780415303104 ], [ -53.256141970109795, -26.679758815001552 ], [ -53.276082338976167, -26.677714689662189 ], [ -53.276757884624409, -26.685699352758306 ], [ -53.284822776773545, -26.677806578577286 ], [ -53.292742779775601, -26.688717178180458 ], [ -53.283252540642103, -26.694946279372342 ], [ -53.294204349046737, -26.698541231664755 ], [ -53.285952912120742, -26.706880553731427 ], [ -53.303151253878696, -26.705476426625285 ], [ -53.309238409170234, -26.697448237200966 ], [ -53.312860637847145, -26.708911782380952 ], [ -53.30517245748041, -26.720937945655137 ], [ -53.318324769806253, -26.717465511916181 ], [ -53.323698346048445, -26.702492455013957 ], [ -53.330687436280542, -26.721760109632324 ], [ -53.339949475007394, -26.71510541767578 ], [ -53.343986448867803, -26.722430737503917 ], [ -53.325002348372138, -26.734111914324924 ], [ -53.335093877465994, -26.735757854365534 ], [ -53.327905564656675, -26.747585731033453 ], [ -53.352766731180623, -26.730081698750467 ], [ -53.349995726242796, -26.754728885117622 ], [ -53.366797433960627, -26.74992809232533 ], [ -53.358386618972844, -26.765275153232864 ], [ -53.365183731085061, -26.765865176792964 ], [ -53.367907647050096, -26.754242035076228 ], [ -53.371401286608972, -26.759916578605065 ], [ -53.3916549782559, -26.75052295214412 ], [ -53.393371914648753, -26.74322664986812 ], [ -53.367434946207759, -26.735067881459187 ], [ -53.368038047282468, -26.725877377863192 ], [ -53.380601747448317, -26.717828231317885 ], [ -53.386775836228104, -26.729269207290656 ], [ -53.397222343732302, -26.729706082658929 ], [ -53.404017644730182, -26.716132316604153 ], [ -53.395673840972925, -26.710393289626126 ], [ -53.385645700880907, -26.715884055324764 ], [ -53.391051877181191, -26.6947383202487 ], [ -53.410827434642769, -26.694196659275491 ], [ -53.396367497764551, -26.680553573512835 ], [ -53.402282597193945, -26.677545420608059 ], [ -53.397287543848492, -26.673394298566368 ], [ -53.390318375874116, -26.679860376434029 ], [ -53.383593708335439, -26.665985150254286 ], [ -53.394067382554717, -26.662556242843536 ], [ -53.387572726537023, -26.646050091936786 ], [ -53.393473337051702, -26.622520081326869 ], [ -53.344801450320105, -26.585274441073956 ], [ -53.334054297835728, -26.59045246204402 ], [ -53.27242932135551, -26.575318196518815 ], [ -53.275203948522019, -26.565083061045922 ], [ -53.253863588272019, -26.570357807189772 ], [ -53.25894557510572, -26.550251867731916 ], [ -53.238740783545936, -26.543255413494656 ], [ -53.24157155525694, -26.549840785743321 ], [ -53.223045666688897, -26.562265134316259 ], [ -53.222723288336653, -26.568576451905862 ], [ -53.230817158315205, -26.568184714952025 ], [ -53.222603754790313, -26.579108211245035 ] ] ] } },
{ "type": "Feature", "properties": { "id": null, "CD_MUN": "4215307", "NM_MUN": "Salete", "SIGLA_UF": "SC", "AREA_KM2": 177.887 }, "geometry": { "type": "Polygon", "coordinates": [ [ [ -49.969422224401399, -26.869032247154177 ], [ -49.956789701890692, -26.891261304176655 ], [ -49.961701443976573, -26.901380369441007 ], [ -49.950074089923703, -26.904266003792319 ], [ -49.958573649514065, -26.917298108873887 ], [ -49.951006813808007, -26.927444579604142 ], [ -49.960315941507659, -26.956832911573091 ], [ -49.946622105994614, -27.002703213155343 ], [ -49.975681435555096, -27.010347726056978 ], [ -49.976496437007398, -27.046624502485788 ], [ -50.048252787096928, -27.047780368312544 ], [ -50.052548750307736, -27.028785156267006 ], [ -50.067608166031981, -27.03293144205001 ], [ -50.091103752344736, -26.97826559799806 ], [ -50.070259637423476, -26.971349748072289 ], [ -50.055421177648526, -26.936494831698145 ], [ -50.016507574972515, -26.912851975052146 ], [ -50.02012074807773, -26.900941881986505 ], [ -50.00670220194413, -26.879744560151085 ], [ -49.969422224401399, -26.869032247154177 ] ] ] } },
{ "type": "Feature", "properties": { "id": null, "CD_MUN": "4215356", "NM_MUN": "Saltinho", "SIGLA_UF": "SC", "AREA_KM2": 156.568 }, "geometry": { "type": "Polygon", "coordinates": [ [ [ -52.946412440404842, -26.567451215717472 ], [ -52.926002992924808, -26.575111849481402 ], [ -52.926571682827081, -26.582906286402405 ], [ -52.936739278723159, -26.582213089323599 ], [ -52.924481656880509, -26.59936246263603 ], [ -52.927982540896735, -26.605926877763707 ], [ -52.997893365475377, -26.635176570316897 ], [ -53.063412237783275, -26.64356586705669 ], [ -53.067769778881591, -26.633095366994247 ], [ -53.085669021888528, -26.639052025613296 ], [ -53.096745797182507, -26.628339712616388 ], [ -53.114844262766674, -26.627646515537577 ], [ -53.09248243402979, -26.595625646755394 ], [ -53.123294922269899, -26.573357899663399 ], [ -53.042055577504229, -26.546705278026391 ], [ -53.044877293643538, -26.540735722717503 ], [ -53.018793624941132, -26.531521037828064 ], [ -53.017107477492033, -26.544079189558076 ], [ -52.991896765900762, -26.547658020988194 ], [ -52.978532553197311, -26.534798409133213 ], [ -52.946412440404842, -26.567451215717472 ] ] ] } },
{ "type": "Feature", "properties": { "id": null, "CD_MUN": "4215406", "NM_MUN": "Salto Veloso", "SIGLA_UF": "SC", "AREA_KM2": 104.531 }, "geometry": { "type": "Polygon", "coordinates": [ [ [ -51.510383503673779, -26.838617016256855 ], [ -51.368086061215834, -26.86923053376044 ], [ -51.376482387288902, -26.872275764648499 ], [ -51.371317089195628, -26.886702324318829 ], [ -51.361518960624601, -26.887735671592122 ], [ -51.369366519053116, -26.904198296170669 ], [ -51.362084028298199, -26.908605739922894 ], [ -51.371418511598584, -26.91020009320415 ], [ -51.363186996930317, -26.92099462259878 ], [ -51.369998597957235, -26.928460193928906 ], [ -51.363498508596528, -26.939902781987907 ], [ -51.407921521090117, -26.941874363446932 ], [ -51.410754103915458, -26.947444121370832 ], [ -51.437500640465736, -26.939499760430461 ], [ -51.438980320880255, -26.929069562523765 ], [ -51.445762944077757, -26.936776946788356 ], [ -51.449669517705807, -26.929509662064493 ], [ -51.477450200543345, -26.926970626252587 ], [ -51.478591202576567, -26.898053023462733 ], [ -51.49414324140087, -26.866277191787475 ], [ -51.487701107698989, -26.859361341861707 ], [ -51.49480792036308, -26.845639263873792 ], [ -51.510383503673779, -26.838617016256855 ] ] ] } },
{ "type": "Feature", "properties": { "id": null, "CD_MUN": "4215455", "NM_MUN": "Sangão", "SIGLA_UF": "SC", "AREA_KM2": 82.984 }, "geometry": { "type": "Polygon", "coordinates": [ [ [ -49.174241607417386, -28.699135406567095 ], [ -49.174783130604581, -28.645306235268404 ], [ -49.181616465003565, -28.641227657107052 ], [ -49.10326584760773, -28.592948898697504 ], [ -49.071361257421536, -28.627491070343069 ], [ -49.07834672542495, -28.63864187079448 ], [ -49.070162299729482, -28.644833894003078 ], [ -49.085006192847445, -28.655099659114335 ], [ -49.075677142890072, -28.66897972155277 ], [ -49.113179887496429, -28.692840209839794 ], [ -49.174241607417386, -28.699135406567095 ] ] ] } },
{ "type": "Feature", "properties": { "id": null, "CD_MUN": "4215505", "NM_MUN": "Santa Cecília", "SIGLA_UF": "SC", "AREA_KM2": 1145.845 }, "geometry": { "type": "Polygon", "coordinates": [ [ [ -50.412464258331241, -26.729635150864816 ], [ -50.407463771642767, -26.724100858837971 ], [ -50.40522523432044, -26.732943151808332 ], [ -50.386268300539847, -26.739075527826429 ], [ -50.345469327837506, -26.742028869799391 ], [ -50.354946889170634, -26.749879729738435 ], [ -50.351109137887448, -26.7615206044037 ], [ -50.325652114746148, -26.761565742818135 ], [ -50.314955673463245, -26.772635938958054 ], [ -50.336692667753361, -26.77766242382252 ], [ -50.341448654006143, -26.827313067613616 ], [ -50.328142396961525, -26.83813177830169 ], [ -50.280401422999887, -26.836084428789867 ], [ -50.269259447589725, -26.854123673701139 ], [ -50.254296020925423, -26.859146934393145 ], [ -50.281540613918779, -26.877829401710102 ], [ -50.261171010954193, -26.881330853001192 ], [ -50.260598698823237, -26.891619187319669 ], [ -50.271599407315009, -26.903013412791775 ], [ -50.276876994497258, -26.918868280861695 ], [ -50.271483495997344, -26.930397921577104 ], [ -50.295341305177793, -26.972994076026669 ], [ -50.290665007955909, -26.986801594584762 ], [ -50.309167352037548, -26.993050040811401 ], [ -50.307568138076689, -27.010168784485472 ], [ -50.316835610146555, -27.00778450895162 ], [ -50.319517870481803, -27.015454815232928 ], [ -50.313907038261277, -27.033792296096713 ], [ -50.323127421358343, -27.044199924796196 ], [ -50.316641820912345, -27.054070728781159 ], [ -50.332197481965316, -27.061520179248987 ], [ -50.311280922470523, -27.067773461734316 ], [ -50.314374305760602, -27.075261602271659 ], [ -50.326409160539626, -27.072595211647599 ], [ -50.343714358043542, -27.090835967337597 ], [ -50.377547785000196, -27.105125499678394 ], [ -50.37996200041335, -27.118062491672404 ], [ -50.424785269175736, -27.108470578605193 ], [ -50.422515942909655, -27.095293385762947 ], [ -50.431046291443771, -27.101319364089875 ], [ -50.428396631166613, -27.111983314499891 ], [ -50.522311965187114, -27.122120112712768 ], [ -50.535217965962936, -27.081455237566487 ], [ -50.544251804283142, -27.073726896180904 ], [ -50.55834951829366, -27.085990036130866 ], [ -50.562542247987182, -27.059456708874862 ], [ -50.575663771369278, -27.052331287739221 ], [ -50.592115934019787, -27.05785590724869 ], [ -50.600631793639195, -27.050543484110392 ], [ -50.609788787734416, -27.064705661639039 ], [ -50.626201105869484, -27.064004404129083 ], [ -50.622857788800701, -27.05353874032533 ], [ -50.628370820846953, -27.051867006905045 ], [ -50.646581575520102, -27.061473428748322 ], [ -50.641367377339691, -27.071569924805456 ], [ -50.655414380148734, -27.072677428045317 ], [ -50.657526139467372, -27.086684845295903 ], [ -50.669068371146338, -27.079069349946408 ], [ -50.672156321093404, -27.069351694153273 ], [ -50.657719928701589, -27.065679361721827 ], [ -50.663705661590178, -27.058657114104893 ], [ -50.650372237830481, -27.04155287920689 ], [ -50.656341670690026, -27.027393925850703 ], [ -50.636897547152387, -27.029160772358548 ], [ -50.631364592848414, -27.00949493244142 ], [ -50.618507492159736, -27.001192688358039 ], [ -50.625152470667516, -26.99015312185648 ], [ -50.605735513844962, -26.992414878836868 ], [ -50.601260250314638, -26.985096007353651 ], [ -50.603026086794635, -26.973248785650974 ], [ -50.613742450335259, -26.975202634161469 ], [ -50.609078830913745, -26.969436201717535 ], [ -50.619145004406867, -26.953655489614189 ], [ -50.591056432131793, -26.92842472803185 ], [ -50.59975159207071, -26.90871536178652 ], [ -50.590286708537953, -26.891811025581013 ], [ -50.583437074109924, -26.894034092491886 ], [ -50.588452049713098, -26.874490771128222 ], [ -50.574350713473898, -26.870742670643978 ], [ -50.58837054956787, -26.863605964904725 ], [ -50.575814093859371, -26.844238360940111 ], [ -50.565309630696341, -26.845473218992122 ], [ -50.552879952991532, -26.828580167390225 ], [ -50.541837588869981, -26.834760905995214 ], [ -50.51994483874676, -26.821741697603485 ], [ -50.512406980870111, -26.826158813873089 ], [ -50.484818276152453, -26.817734051236243 ], [ -50.506323447807247, -26.807822945095534 ], [ -50.527283474046172, -26.778665141457445 ], [ -50.500221803601001, -26.771073827401395 ], [ -50.49393180350355, -26.759262071595774 ], [ -50.516445765844864, -26.715410101973209 ], [ -50.505490335211562, -26.695496000776696 ], [ -50.512941259599955, -26.695025271597601 ], [ -50.512676836906543, -26.681572412010059 ], [ -50.49272922358282, -26.648295728054872 ], [ -50.468460291447542, -26.663397751855481 ], [ -50.471970231035463, -26.700269388103084 ], [ -50.412464258331241, -26.729635150864816 ] ] ] } },
{ "type": "Feature", "properties": { "id": null, "CD_MUN": "4215554", "NM_MUN": "Santa Helena", "SIGLA_UF": "SC", "AREA_KM2": 81.004 }, "geometry": { "type": "Polygon", "coordinates": [ [ [ -53.57569679510086, -26.895721946774469 ], [ -53.562162337649596, -26.925908261427161 ], [ -53.542357802358609, -26.934592569947 ], [ -53.535953702057839, -26.945761103346939 ], [ -53.567525047205756, -26.946726742998578 ], [ -53.574923449278344, -26.954754932422901 ], [ -53.63573523542059, -26.953416900852179 ], [ -53.697179100466961, -26.929034096626708 ], [ -53.673140179852673, -26.912592429169148 ], [ -53.680009736538423, -26.909437576417464 ], [ -53.675351550459922, -26.892808906957249 ], [ -53.625978762479342, -26.884753312067023 ], [ -53.619078416849838, -26.892605784092297 ], [ -53.599844382575462, -26.886544339868312 ], [ -53.57569679510086, -26.895721946774469 ] ] ] } },
{ "type": "Feature", "properties": { "id": null, "CD_MUN": "4215604", "NM_MUN": "Santa Rosa de Lima", "SIGLA_UF": "SC", "AREA_KM2": 203.218 }, "geometry": { "type": "Polygon", "coordinates": [ [ [ -49.052013122943841, -27.990044769620859 ], [ -49.043450174351634, -28.019178391965504 ], [ -49.064100500038677, -28.040503068613077 ], [ -49.057062509719444, -28.045002401280403 ], [ -49.057602221792308, -28.058577779421405 ], [ -49.08196895410186, -28.046158267107156 ], [ -49.154918828540424, -28.089807113864769 ], [ -49.185542960889336, -28.069630242612799 ], [ -49.190909292674171, -28.072947916073694 ], [ -49.184918126442568, -28.065316299861902 ], [ -49.221178446612747, -28.034843033860309 ], [ -49.222458904450029, -28.022155915231913 ], [ -49.240928648473577, -28.017274518128129 ], [ -49.263822944825968, -28.030071258620147 ], [ -49.280041473726818, -28.023165081211758 ], [ -49.312387975811596, -27.958594579364018 ], [ -49.307843889936422, -27.940980925217406 ], [ -49.290868315242093, -27.935930259059496 ], [ -49.264701335280122, -27.950748555683663 ], [ -49.244516465978052, -27.949944124655001 ], [ -49.201203666573939, -27.965386298650095 ], [ -49.185711394522812, -27.980420614829054 ], [ -49.176059966213195, -27.981078346010804 ], [ -49.157894489398501, -27.963961214422966 ], [ -49.143709841899735, -28.004659943380076 ], [ -49.1039613155137, -28.007397265798247 ], [ -49.052013122943841, -27.990044769620859 ] ] ] } },
{ "type": "Feature", "properties": { "id": null, "CD_MUN": "4215653", "NM_MUN": "Santa Rosa do Sul", "SIGLA_UF": "SC", "AREA_KM2": 150.299 }, "geometry": { "type": "Polygon", "coordinates": [ [ [ -49.656333077598617, -29.143034634541525 ], [ -49.687500544249062, -29.166666206583919 ], [ -49.712115399222981, -29.205799599811908 ], [ -49.763574590921458, -29.169532495900473 ], [ -49.834059538745393, -29.092000820765275 ], [ -49.82172585010052, -29.080055261802581 ], [ -49.805038242586015, -29.083993588461944 ], [ -49.798621464484874, -29.068191919237609 ], [ -49.735770363597524, -29.040046505751821 ], [ -49.730742710193979, -29.044597425178498 ], [ -49.746633427399566, -29.06111969694755 ], [ -49.742089341524384, -29.073082988858769 ], [ -49.716219384313916, -29.072338205020611 ], [ -49.704418163284558, -29.080119745251775 ], [ -49.697702551317569, -29.113601164158144 ], [ -49.656333077598617, -29.143034634541525 ] ] ] } },
{ "type": "Feature", "properties": { "id": null, "CD_MUN": "4215679", "NM_MUN": "Santa Terezinha", "SIGLA_UF": "SC", "AREA_KM2": 715.551 }, "geometry": { "type": "Polygon", "coordinates": [ [ [ -49.828685962503201, -26.706203477514919 ], [ -49.847219095528594, -26.709595306942383 ], [ -49.890776395368398, -26.74270433392967 ], [ -49.905973455782359, -26.787293026959244 ], [ -49.928434895807861, -26.789351661074679 ], [ -49.929387541949886, -26.797819950039731 ], [ -49.948541887193372, -26.808406520310715 ], [ -49.979895898620676, -26.794573208372945 ], [ -49.994935392087193, -26.805417712440697 ], [ -50.045628482420504, -26.813405599709274 ], [ -50.068414111912588, -26.838589610790947 ], [ -50.067186176391118, -26.807371560951196 ], [ -50.085969243195223, -26.810034727402797 ], [ -50.10598567886381, -26.791929386956102 ], [ -50.107010769579375, -26.756806864267816 ], [ -50.121454406428541, -26.737016893710994 ], [ -50.113007369153991, -26.710291728193646 ], [ -50.134722630072048, -26.666833107611151 ], [ -50.128975964276137, -26.649085650307466 ], [ -50.138127525028338, -26.642735642648351 ], [ -50.125951403330916, -26.643369192536653 ], [ -50.121206283764167, -26.629700313394324 ], [ -50.110343219962125, -26.632482774226929 ], [ -50.112947602380821, -26.61632805811827 ], [ -50.124080522219295, -26.616426395378287 ], [ -50.1185747346304, -26.611972201125397 ], [ -50.12912628676623, -26.607775940669271 ], [ -50.11947123622793, -26.603914994148941 ], [ -50.129311020428752, -26.602067543329607 ], [ -50.132042180851137, -26.594452047980113 ], [ -50.125310268855102, -26.591850140805242 ], [ -50.133532727951682, -26.59067976620242 ], [ -50.124281555910862, -26.586051466636711 ], [ -50.132444248234272, -26.57603073863238 ], [ -50.125303024397752, -26.57781209391629 ], [ -50.118652612546953, -26.563864323856205 ], [ -50.130363277859388, -26.561613851479429 ], [ -50.122841720011792, -26.55823330665557 ], [ -50.131723424727568, -26.55145932031802 ], [ -50.125705091780887, -26.524078035705152 ], [ -50.113981748668081, -26.51650123042517 ], [ -50.084792018875227, -26.526215662045846 ], [ -50.043011422201445, -26.521303635303696 ], [ -50.03141666820666, -26.518977394874121 ], [ -50.018204589107647, -26.502556684537545 ], [ -49.994819480769536, -26.505832443756468 ], [ -49.955518299625098, -26.545138330211042 ], [ -49.954462419965779, -26.569206777621705 ], [ -49.920824593357679, -26.579377429645408 ], [ -49.909678995718835, -26.591806614477036 ], [ -49.910666053033296, -26.601999835707957 ], [ -49.897024739836063, -26.601725781048895 ], [ -49.88144372318235, -26.619466790007657 ], [ -49.881579556757735, -26.646411199252256 ], [ -49.855624477173357, -26.653641405992833 ], [ -49.838138168235588, -26.676294441693749 ], [ -49.839460281702657, -26.690129365717748 ], [ -49.828685962503201, -26.706203477514919 ] ] ] } },
{ "type": "Feature", "properties": { "id": null, "CD_MUN": "4215687", "NM_MUN": "Santa Terezinha do Progresso", "SIGLA_UF": "SC", "AREA_KM2": 119.653 }, "geometry": { "type": "Polygon", "coordinates": [ [ [ -53.145528161888748, -26.554569034655273 ], [ -53.092491489601478, -26.595775570774762 ], [ -53.113773894192647, -26.629550389374952 ], [ -53.127724907941754, -26.638376561483017 ], [ -53.147790243697479, -26.640235296905956 ], [ -53.163061559799317, -26.631094767983086 ], [ -53.16627809886441, -26.637934849856055 ], [ -53.17424700195361, -26.632600456521704 ], [ -53.198604678691467, -26.641334739714669 ], [ -53.201486161603945, -26.633037331889973 ], [ -53.208236184743363, -26.644212313634831 ], [ -53.231985327063505, -26.633670881778279 ], [ -53.22695767365996, -26.629979204312075 ], [ -53.234517264908661, -26.627088733702074 ], [ -53.237416858964522, -26.607998408568982 ], [ -53.230119879294897, -26.600831073191365 ], [ -53.242821224150468, -26.59022032162693 ], [ -53.222623677048041, -26.590774879289977 ], [ -53.23143837053329, -26.581189414567685 ], [ -53.221571419617398, -26.572853316673477 ], [ -53.213223993631466, -26.577892698227778 ], [ -53.217250100805849, -26.563606390059441 ], [ -53.206627915210817, -26.564915404078022 ], [ -53.212354658749007, -26.560035619060468 ], [ -53.206104503167005, -26.545251176247127 ], [ -53.192254911820854, -26.532662394878749 ], [ -53.16349622724055, -26.535797902595679 ], [ -53.156561470438611, -26.531861188022546 ], [ -53.161375412350218, -26.525865839333981 ], [ -53.146786886353979, -26.528304925799645 ], [ -53.145528161888748, -26.554569034655273 ] ] ] } },
{ "type": "Feature", "properties": { "id": null, "CD_MUN": "4215695", "NM_MUN": "Santiago do Sul", "SIGLA_UF": "SC", "AREA_KM2": 73.335 }, "geometry": { "type": "Polygon", "coordinates": [ [ [ -52.727417927942064, -26.581279691396553 ], [ -52.672758497207539, -26.599270573720933 ], [ -52.666399674765231, -26.612718597049785 ], [ -52.6751727126207, -26.618968655362657 ], [ -52.661946144606972, -26.61900734543217 ], [ -52.661701644171281, -26.630867463824686 ], [ -52.652984750860305, -26.633678942209428 ], [ -52.647649208019224, -26.626137602826503 ], [ -52.641737730818512, -26.633854659608474 ], [ -52.639633215957225, -26.622013886250716 ], [ -52.632624203467415, -26.635913293723906 ], [ -52.61811536650206, -26.641562043873069 ], [ -52.656117978665833, -26.651416726995734 ], [ -52.678508785232133, -26.673117019734846 ], [ -52.721104383358217, -26.672647902641977 ], [ -52.743846546106177, -26.657953736657504 ], [ -52.742368676805995, -26.638871471955561 ], [ -52.726653637691236, -26.637554397505827 ], [ -52.728345218483355, -26.622886024901028 ], [ -52.748519221099386, -26.59497597600479 ], [ -52.727417927942064, -26.581279691396553 ] ] ] } },
{ "type": "Feature", "properties": { "id": null, "CD_MUN": "4215703", "NM_MUN": "Santo Amaro da Imperatriz", "SIGLA_UF": "SC", "AREA_KM2": 344.235 }, "geometry": { "type": "Polygon", "coordinates": [ [ [ -48.736819461279772, -27.786535003973022 ], [ -48.758295655105151, -27.814483742938773 ], [ -48.760983348783412, -27.842569509234057 ], [ -48.770904633129462, -27.834346257375934 ], [ -48.819799286924692, -27.826590510524447 ], [ -48.839647288959803, -27.859399689472994 ], [ -48.869626664604226, -27.875809115205957 ], [ -48.876646543780069, -27.859971980084566 ], [ -48.913749032117622, -27.841661904686688 ], [ -48.901647166108077, -27.820414608178147 ], [ -48.87689104421576, -27.812981278572614 ], [ -48.882668498955425, -27.782830429816979 ], [ -48.859437335336082, -27.755412067220824 ], [ -48.868619685032044, -27.71640602880499 ], [ -48.845594988447282, -27.709309625221483 ], [ -48.832602054183219, -27.719757556076708 ], [ -48.83104811808083, -27.712322614384949 ], [ -48.825810375414022, -27.717108898401175 ], [ -48.824915684930822, -27.711608460185154 ], [ -48.815550412686676, -27.712804628167653 ], [ -48.804658371055218, -27.705090795558142 ], [ -48.81191731732374, -27.703804350746775 ], [ -48.81306556381432, -27.692129622270684 ], [ -48.836648083615323, -27.692447203257952 ], [ -48.863093975185421, -27.659947544865521 ], [ -48.840947669054813, -27.635643732865308 ], [ -48.844528242101937, -27.625171620716635 ], [ -48.738415053011948, -27.61466565475714 ], [ -48.743596651134261, -27.642146888716255 ], [ -48.730859083991916, -27.678973386549423 ], [ -48.72068243252415, -27.679353838899651 ], [ -48.723938816104692, -27.689169831952803 ], [ -48.706171784444464, -27.696135656551697 ], [ -48.690652345678252, -27.749266794512891 ], [ -48.674951795478201, -27.757411054145756 ], [ -48.736819461279772, -27.786535003973022 ] ] ] } },
{ "type": "Feature", "properties": { "id": null, "CD_MUN": "4215752", "NM_MUN": "São Bernardino", "SIGLA_UF": "SC", "AREA_KM2": 149.891 }, "geometry": { "type": "Polygon", "coordinates": [ [ [ -52.967560822534963, -26.440758971005035 ], [ -52.93742931328611, -26.442733776636519 ], [ -52.930577867743743, -26.451369722569467 ], [ -52.93504045347369, -26.470737326534085 ], [ -52.916614176194265, -26.499914475206932 ], [ -52.908116427718241, -26.50141855165932 ], [ -52.924411023421307, -26.506048463311256 ], [ -52.923112454440634, -26.519041878323311 ], [ -52.929904133209838, -26.511594039941713 ], [ -52.934212774221017, -26.525045287443024 ], [ -52.946557329551915, -26.523476727541443 ], [ -52.925379969592385, -26.540669627182083 ], [ -52.932028570328846, -26.549571567342944 ], [ -52.920922817205451, -26.558702423748439 ], [ -52.938202659108633, -26.567078823798393 ], [ -52.964739106395655, -26.552987578063856 ], [ -52.978532553197311, -26.534798409133213 ], [ -52.991896765900762, -26.547658020988194 ], [ -53.017107477492033, -26.544079189558076 ], [ -53.026253604901221, -26.517420119576148 ], [ -53.046527218805871, -26.511951923084723 ], [ -53.065556597160004, -26.484936582046014 ], [ -53.043667469265451, -26.444316845314166 ], [ -53.030305067676345, -26.435882410159941 ], [ -53.026809617003131, -26.407018006215672 ], [ -52.967560822534963, -26.440758971005035 ] ] ] } },
{ "type": "Feature", "properties": { "id": null, "CD_MUN": "4215802", "NM_MUN": "São Bento do Sul", "SIGLA_UF": "SC", "AREA_KM2": 495.772 }, "geometry": { "type": "Polygon", "coordinates": [ [ [ -49.460930140508538, -26.162296868189653 ], [ -49.424912509659713, -26.17319134693053 ], [ -49.417793019195251, -26.189886111926164 ], [ -49.406935388736223, -26.183982652152697 ], [ -49.390977660300109, -26.200424319610256 ], [ -49.373288506556435, -26.201794592905571 ], [ -49.367782718967533, -26.192091445888508 ], [ -49.326340800675041, -26.200164773727263 ], [ -49.325875344290061, -26.221884411501133 ], [ -49.316823394826471, -26.228840563582647 ], [ -49.168945909091747, -26.307977876602706 ], [ -49.179995517670648, -26.311437413651824 ], [ -49.186921218900899, -26.334567626876751 ], [ -49.175898777037069, -26.36561479557615 ], [ -49.196241213286577, -26.37131835665712 ], [ -49.201681800759296, -26.382769005147271 ], [ -49.220814412630716, -26.386384914560676 ], [ -49.230960275154729, -26.397114960506112 ], [ -49.275140598326963, -26.388730500025009 ], [ -49.280356607621712, -26.376096580242198 ], [ -49.299041874251536, -26.374320061216977 ], [ -49.301568378753679, -26.36775242191684 ], [ -49.326299145045262, -26.375214769074507 ], [ -49.320795168570697, -26.385901288691741 ], [ -49.327829536661255, -26.387621384698917 ], [ -49.356780199361431, -26.376660810422624 ], [ -49.36293979922651, -26.36075919185204 ], [ -49.402014591078647, -26.348721743974249 ], [ -49.437168320388025, -26.372757949660318 ], [ -49.444682633778271, -26.426396894783895 ], [ -49.482768557201609, -26.421289805607941 ], [ -49.471709893051013, -26.418757218140954 ], [ -49.45309163765171, -26.390116894182626 ], [ -49.470648580048675, -26.361679693089247 ], [ -49.463942023653381, -26.343301910069719 ], [ -49.465432570753933, -26.304800454643804 ], [ -49.477224736211603, -26.302935270875945 ], [ -49.470945602800185, -26.293822147418979 ], [ -49.477183080581817, -26.293306279825451 ], [ -49.481794177687519, -26.286766045991218 ], [ -49.469717667278708, -26.281307522017173 ], [ -49.47078441362406, -26.241015038789971 ], [ -49.49073927140514, -26.190903338337158 ], [ -49.487211220673835, -26.180447347050784 ], [ -49.479689662826232, -26.186669999897745 ], [ -49.464733480619287, -26.173803939697848 ], [ -49.460930140508538, -26.162296868189653 ] ] ] } },
{ "type": "Feature", "properties": { "id": null, "CD_MUN": "4215901", "NM_MUN": "São Bonifácio", "SIGLA_UF": "SC", "AREA_KM2": 461.438 }, "geometry": { "type": "Polygon", "coordinates": [ [ [ -48.882425809634071, -27.815139862034297 ], [ -48.901647166108077, -27.820414608178147 ], [ -48.913749032117622, -27.841661904686688 ], [ -48.876646543780069, -27.859971980084566 ], [ -48.87218576916446, -27.876328206971948 ], [ -48.842028904314873, -27.861480892795644 ], [ -48.841000191370625, -27.881151568971461 ], [ -48.824033672247992, -27.892558691133406 ], [ -48.825627452865831, -27.909074514557535 ], [ -48.842177415690621, -27.901180128290289 ], [ -48.845535221674112, -27.907291547187395 ], [ -48.845705466421933, -27.922840118873655 ], [ -48.836845495078215, -27.931788809535181 ], [ -48.849170128151393, -27.95061314044036 ], [ -48.836403583179631, -27.969173089203856 ], [ -48.842769650079298, -28.005359588803802 ], [ -48.855206572241457, -28.039896924190678 ], [ -48.881174329626205, -28.050651151429562 ], [ -48.8900053231405, -28.077851882384696 ], [ -48.901699688423896, -28.060854045177859 ], [ -48.936771917588047, -28.072862475503516 ], [ -48.942339283064449, -28.083086326372801 ], [ -48.937295329631858, -28.090150488231711 ], [ -48.951190198836471, -28.096547246391491 ], [ -48.949895252084481, -28.107635175479942 ], [ -48.969520487055959, -28.108139758469864 ], [ -48.968495396340394, -28.082425371018591 ], [ -49.034727847697638, -28.035212201606928 ], [ -49.03544323786133, -28.010539221860096 ], [ -49.052100056432081, -27.98960950633882 ], [ -49.039003888650726, -27.965789320207541 ], [ -49.044897254708054, -27.95880415057389 ], [ -49.033043511362877, -27.954986730381762 ], [ -49.045496733554081, -27.935719075763394 ], [ -49.015008434780555, -27.907625249036961 ], [ -49.017018771696243, -27.882455746731356 ], [ -49.006554153048654, -27.874727405345773 ], [ -49.016500792995444, -27.866491256797811 ], [ -48.972880104153795, -27.831397751661658 ], [ -48.95620698555399, -27.827562598521006 ], [ -48.948399271640916, -27.815918499683281 ], [ -48.923036426445215, -27.820651584853923 ], [ -48.915590935399834, -27.808678620425326 ], [ -48.882425809634071, -27.815139862034297 ] ] ] } },
{ "type": "Feature", "properties": { "id": null, "CD_MUN": "4216008", "NM_MUN": "São Carlos", "SIGLA_UF": "SC", "AREA_KM2": 162.12 }, "geometry": { "type": "Polygon", "coordinates": [ [ [ -52.965242596181739, -26.963181307145977 ], [ -52.980151689415891, -26.984497923362401 ], [ -52.951038026425252, -27.003178778593131 ], [ -52.969734159741108, -27.02303323259914 ], [ -52.946428740433888, -27.038686589890336 ], [ -52.982440937939693, -27.036490928445371 ], [ -52.968986169519326, -27.066211350177657 ], [ -52.993108401393187, -27.064952310832194 ], [ -52.993135568108265, -27.098956045677014 ], [ -53.013389259755186, -27.096399276916578 ], [ -53.027347517961651, -27.083181781918583 ], [ -53.045518428119351, -27.083336542196644 ], [ -53.076700383684503, -27.107845089148039 ], [ -53.088277026535899, -27.094027898072564 ], [ -53.075658992939893, -27.089555970871146 ], [ -53.098888345444898, -27.079396603451052 ], [ -53.093902347671133, -27.065574576116891 ], [ -53.106763070588492, -27.066074322848124 ], [ -53.100833482244397, -27.053438790979083 ], [ -53.113319304493693, -27.046448785086742 ], [ -53.102209929141623, -27.043163353350444 ], [ -53.110723977646693, -27.03353275021372 ], [ -53.095295094597404, -27.027713118924201 ], [ -53.090466663771089, -26.991291254734708 ], [ -53.069865238171182, -26.991221935026829 ], [ -53.069767437996909, -26.982102363224943 ], [ -53.041378220741649, -26.966542506935077 ], [ -52.991817076869872, -26.967580690467056 ], [ -52.982421015681972, -26.955610950210914 ], [ -52.965242596181739, -26.963181307145977 ] ] ] } },
{ "type": "Feature", "properties": { "id": null, "CD_MUN": "4216057", "NM_MUN": "São Cristóvão do Sul", "SIGLA_UF": "SC", "AREA_KM2": 345.903 }, "geometry": { "type": "Polygon", "coordinates": [ [ [ -50.243485479439194, -27.236981256584826 ], [ -50.216338686620112, -27.247574275200733 ], [ -50.198968289, -27.237210172829457 ], [ -50.175257180080976, -27.269222981180491 ], [ -50.189340405176786, -27.275442409854996 ], [ -50.188396814606456, -27.292335461456894 ], [ -50.177939440416225, -27.300133122550356 ], [ -50.185288942401669, -27.323137593049363 ], [ -50.197461441870416, -27.328325286536806 ], [ -50.19837605461133, -27.340836687766153 ], [ -50.207721404597756, -27.346367755620541 ], [ -50.358560062275849, -27.343483733355459 ], [ -50.399657868844031, -27.362148467723888 ], [ -50.428767909605995, -27.366718732185323 ], [ -50.440121785393764, -27.35706878401384 ], [ -50.451452116695123, -27.367755303631075 ], [ -50.463811160940729, -27.366899285843058 ], [ -50.463418149129289, -27.326905038568366 ], [ -50.46961759350981, -27.315902550050097 ], [ -50.499528146809375, -27.299828438252927 ], [ -50.509501953471236, -27.257749763483126 ], [ -50.495614328723974, -27.245841282503715 ], [ -50.500315981546599, -27.217068767474544 ], [ -50.478285586733648, -27.228749944295554 ], [ -50.467717734568772, -27.214948874082378 ], [ -50.454583533386312, -27.231463085420277 ], [ -50.421385807562459, -27.233987612456119 ], [ -50.408765962852115, -27.240294093787032 ], [ -50.415791275370978, -27.248772055269463 ], [ -50.39181393264419, -27.265123445898151 ], [ -50.391017042335271, -27.249015480290158 ], [ -50.377082328615209, -27.24691009567406 ], [ -50.378993054242279, -27.22192598328488 ], [ -50.367465311478021, -27.241688548375794 ], [ -50.349940969139148, -27.237274656278647 ], [ -50.358154372664032, -27.24358597386825 ], [ -50.35686848148373, -27.25361153813127 ], [ -50.365603485938095, -27.252439551442219 ], [ -50.357064081832284, -27.264888081308605 ], [ -50.340704286013036, -27.267264296411305 ], [ -50.332469149116086, -27.261464010156544 ], [ -50.318246468216216, -27.268757088260084 ], [ -50.297201319603381, -27.249471700693189 ], [ -50.267520777824807, -27.268346006271489 ], [ -50.243485479439194, -27.236981256584826 ] ] ] } },
{ "type": "Feature", "properties": { "id": null, "CD_MUN": "4216107", "NM_MUN": "São Domingos", "SIGLA_UF": "SC", "AREA_KM2": 367.525 }, "geometry": { "type": "Polygon", "coordinates": [ [ [ -52.442616575991586, -26.438118373760652 ], [ -52.481028499995844, -26.468398189414671 ], [ -52.480568476953877, -26.489015160207366 ], [ -52.466124840104712, -26.509527345395128 ], [ -52.480856444133693, -26.531077714114872 ], [ -52.46261490051679, -26.567480233269606 ], [ -52.496202015923409, -26.579401610938856 ], [ -52.471456760717118, -26.59111502948446 ], [ -52.489546170729589, -26.605685064829242 ], [ -52.493258955123423, -26.590081682211171 ], [ -52.514976027155818, -26.606205768681463 ], [ -52.533626882613206, -26.60131308697407 ], [ -52.54084236213761, -26.607002139278976 ], [ -52.52216977330815, -26.613292499747587 ], [ -52.513027268127637, -26.633693450985497 ], [ -52.523468342288822, -26.635270071318224 ], [ -52.543319966552609, -26.620087443206124 ], [ -52.528943340933971, -26.660115544291642 ], [ -52.541943519655383, -26.664616489045198 ], [ -52.547724596623731, -26.654170170276203 ], [ -52.573170753078998, -26.650146403046662 ], [ -52.575947191359852, -26.662881884261953 ], [ -52.563383491193996, -26.662538509895008 ], [ -52.556660634769656, -26.670884280306595 ], [ -52.579241608341498, -26.679109144250951 ], [ -52.585087885426027, -26.664921173342627 ], [ -52.591540885813934, -26.680205362887204 ], [ -52.599245366209715, -26.666617088056359 ], [ -52.607375458475033, -26.674853236604321 ], [ -52.61954795794378, -26.671330828192247 ], [ -52.608492916021859, -26.663675030687006 ], [ -52.608188648812998, -26.653660751027591 ], [ -52.62635774785636, -26.655222862584253 ], [ -52.617917955039168, -26.640243357337106 ], [ -52.632624203467415, -26.635913293723906 ], [ -52.632810748244275, -26.626788885663334 ], [ -52.640047961140731, -26.622030007113015 ], [ -52.640408372894086, -26.633151790012288 ], [ -52.648112853289867, -26.626103749015677 ], [ -52.653453829473968, -26.633653148829751 ], [ -52.662692323714417, -26.629698701308094 ], [ -52.662045755895591, -26.618920292775762 ], [ -52.674627567204823, -26.620151926655318 ], [ -52.666399674765231, -26.612718597049785 ], [ -52.671700806433883, -26.601467847252128 ], [ -52.64901297711608, -26.586983252477527 ], [ -52.649197710778601, -26.569245467691221 ], [ -52.608733794228876, -26.543855109572135 ], [ -52.616507096969514, -26.512493584057932 ], [ -52.608992783579275, -26.505263377317352 ], [ -52.611004931609294, -26.477250154902411 ], [ -52.597535674274212, -26.471656215685062 ], [ -52.601665014965889, -26.459733225929583 ], [ -52.580187010026172, -26.455583715974122 ], [ -52.583555682695696, -26.435603519242189 ], [ -52.570602592947075, -26.416651833524856 ], [ -52.524536899748512, -26.399125232034653 ], [ -52.496272649382604, -26.420019481658873 ], [ -52.470766726154167, -26.425321633268631 ], [ -52.463605580059919, -26.439603105178282 ], [ -52.442616575991586, -26.438118373760652 ] ] ] } },
{ "type": "Feature", "properties": { "id": null, "CD_MUN": "4216206", "NM_MUN": "São Francisco do Sul", "SIGLA_UF": "SC", "AREA_KM2": 493.266 }, "geometry": { "type": "MultiPolygon", "coordinates": [ [ [ [ -48.741953970429286, -26.127483866057485 ], [ -48.627236177117304, -26.183023460845977 ], [ -48.621699600584655, -26.207269237741919 ], [ -48.569363829546361, -26.167729598784021 ], [ -48.546404333077788, -26.171050496417376 ], [ -48.527644810760087, -26.163821901763029 ], [ -48.520023641623879, -26.219184167066246 ], [ -48.506110661275876, -26.226488529773391 ], [ -48.493012682380183, -26.218341045968067 ], [ -48.590113766522023, -26.402223661768296 ], [ -48.599455494279766, -26.43209239543372 ], [ -48.596526922394489, -26.453937775933515 ], [ -48.609170311591235, -26.454265029438158 ], [ -48.625671374328881, -26.43804099362162 ], [ -48.618388883573957, -26.403648745995426 ], [ -48.633011820742631, -26.371611756350941 ], [ -48.704038291753761, -26.343550171349104 ], [ -48.725355107517359, -26.324985386326922 ], [ -48.721546334063589, -26.304993904991377 ], [ -48.739885677854772, -26.286356576088853 ], [ -48.741544658588793, -26.260948485021238 ], [ -48.764011531957308, -26.214947604454373 ], [ -48.756247284788358, -26.196951885871304 ], [ -48.783651255843502, -26.153066062437915 ], [ -48.741953970429286, -26.127483866057485 ] ] ], [ [ [ -48.524162037887244, -26.386460682613475 ], [ -48.525656207216464, -26.386449398009866 ], [ -48.524958928196163, -26.384940485298792 ], [ -48.524162037887244, -26.386460682613475 ] ] ], [ [ [ -48.522932291251436, -26.382546537247563 ], [ -48.524908216994689, -26.381166591434866 ], [ -48.523390503179058, -26.380603973340673 ], [ -48.522932291251436, -26.382546537247563 ] ] ], [ [ [ -48.52235997912048, -26.371062034946586 ], [ -48.520749898473596, -26.372304953429747 ], [ -48.523118836028296, -26.374199154749743 ], [ -48.52235997912048, -26.371062034946586 ] ] ], [ [ [ -48.521266066060058, -26.36828279828644 ], [ -48.523185847258816, -26.369124307298385 ], [ -48.522387145835559, -26.367668593432892 ], [ -48.521266066060058, -26.36828279828644 ] ] ], [ [ [ -48.491245034785848, -26.201567288747174 ], [ -48.493197416042705, -26.202777965505742 ], [ -48.493318760703382, -26.202247589136142 ], [ -48.491245034785848, -26.201567288747174 ] ] ], [ [ [ -48.486997971662177, -26.184841894113173 ], [ -48.487403661273994, -26.184740332680697 ], [ -48.487048682863659, -26.184661340455435 ], [ -48.486997971662177, -26.184841894113173 ] ] ], [ [ [ -48.487467050275839, -26.180100748511379 ], [ -48.487374683444578, -26.182125528815988 ], [ -48.489147764381926, -26.181287243976499 ], [ -48.487467050275839, -26.180100748511379 ] ] ], [ [ [ -48.487059549549684, -26.179104479221373 ], [ -48.487376494558916, -26.179293093310257 ], [ -48.487238849869193, -26.179044832030872 ], [ -48.487059549549684, -26.179104479221373 ] ] ], [ [ [ -48.485842480714247, -26.175457940169604 ], [ -48.481316505982448, -26.179842814714615 ], [ -48.483962544030931, -26.182717164462318 ], [ -48.485842480714247, -26.175457940169604 ] ] ], [ [ [ -48.475895840767457, -26.166891313944536 ], [ -48.47583426287995, -26.167242748742627 ], [ -48.476241763606104, -26.166944512790117 ], [ -48.475895840767457, -26.166891313944536 ] ] ], [ [ [ -48.480843805140111, -26.164756911776301 ], [ -48.482352463384046, -26.166662397699906 ], [ -48.48224379652374, -26.164984215934702 ], [ -48.480843805140111, -26.164756911776301 ] ] ], [ [ [ -48.486010914347723, -26.16404920592143 ], [ -48.483719854709577, -26.164573133946107 ], [ -48.485420491073384, -26.165601644960709 ], [ -48.486010914347723, -26.16404920592143 ] ] ], [ [ [ -48.477929722169542, -26.163365681359998 ], [ -48.478322733980988, -26.163683262347266 ], [ -48.478051066830218, -26.163249611151457 ], [ -48.477929722169542, -26.163365681359998 ] ] ] ] } },
{ "type": "Feature", "properties": { "id": null, "CD_MUN": "4216255", "NM_MUN": "São João do Oeste", "SIGLA_UF": "SC", "AREA_KM2": 163.747 }, "geometry": { "type": "Polygon", "coordinates": [ [ [ -53.587418327099329, -27.009140273470869 ], [ -53.572599789582107, -27.025319170872972 ], [ -53.543489748820143, -27.027463245558586 ], [ -53.547072132981604, -27.089555970871146 ], [ -53.534209598949907, -27.090046045085 ], [ -53.527055697313017, -27.076909154398496 ], [ -53.519666350812123, -27.081640627482912 ], [ -53.527144441915603, -27.091559794054767 ], [ -53.520979408707504, -27.11444174600031 ], [ -53.548071868096429, -27.156094830005451 ], [ -53.579518246355001, -27.155778861104412 ], [ -53.597587734109744, -27.137338206721921 ], [ -53.603839700806091, -27.161877383311683 ], [ -53.615485166002344, -27.166307396271129 ], [ -53.640780999967525, -27.155408081271563 ], [ -53.648605013909645, -27.141524794660668 ], [ -53.638471829185995, -27.127174003043141 ], [ -53.655443781651641, -27.121507519945453 ], [ -53.660706879919189, -27.116023202591727 ], [ -53.655597726370409, -27.119690698764487 ], [ -53.648422091361461, -27.111435205181767 ], [ -53.663012428472037, -27.108319042499595 ], [ -53.652676398942489, -27.067372052263099 ], [ -53.639069496917685, -27.061094588484323 ], [ -53.64668523271088, -27.047203241442283 ], [ -53.622237000256099, -27.033616578697668 ], [ -53.623593524895604, -27.018554857052802 ], [ -53.610370579110551, -27.025648036463849 ], [ -53.605873582208169, -27.015699852339857 ], [ -53.587418327099329, -27.009140273470869 ] ] ] } },
{ "type": "Feature", "properties": { "id": null, "CD_MUN": "4216305", "NM_MUN": "São João Batista", "SIGLA_UF": "SC", "AREA_KM2": 200.765 }, "geometry": { "type": "Polygon", "coordinates": [ [ [ -48.865404957081289, -27.219688407597943 ], [ -48.838127764029842, -27.229025611040846 ], [ -48.814021832185027, -27.249990792459176 ], [ -48.811046171326943, -27.274494503151882 ], [ -48.785531192526811, -27.276701449200456 ], [ -48.801320487329448, -27.30732302713519 ], [ -48.794329585983022, -27.319623245068435 ], [ -48.801077798008095, -27.359469180409988 ], [ -48.818535129116448, -27.386972983576321 ], [ -48.833833611933365, -27.394133870609018 ], [ -48.871202334078674, -27.438308257477537 ], [ -48.908643500797524, -27.421919788865562 ], [ -48.900714442223773, -27.381090480923842 ], [ -48.924392951084712, -27.366267348040985 ], [ -48.942413538752326, -27.338560422009699 ], [ -48.937159496056474, -27.329065234116275 ], [ -48.920607722117346, -27.328762161905075 ], [ -48.898693238622059, -27.305827011113951 ], [ -48.882427620748409, -27.306051091099889 ], [ -48.897537747674129, -27.249807014628981 ], [ -48.874781096011461, -27.235818942413154 ], [ -48.875340730342046, -27.224519830028601 ], [ -48.865404957081289, -27.219688407597943 ] ] ] } },
{ "type": "Feature", "properties": { "id": null, "CD_MUN": "4216354", "NM_MUN": "São João do Itaperiú", "SIGLA_UF": "SC", "AREA_KM2": 151.885 }, "geometry": { "type": "Polygon", "coordinates": [ [ [ -48.741240391379932, -26.559751891884027 ], [ -48.74308591689082, -26.630648220097434 ], [ -48.751918721519459, -26.631314011710337 ], [ -48.759300823562995, -26.647244647833055 ], [ -48.754343803618646, -26.665549886972244 ], [ -48.770006320417593, -26.668348468667148 ], [ -48.784556813012728, -26.660770051300936 ], [ -48.787114106458624, -26.672225536049776 ], [ -48.801628376766985, -26.681190347573601 ], [ -48.817249237936146, -26.638381397741707 ], [ -48.831446563235289, -26.639935448867217 ], [ -48.841675737018868, -26.626788885663334 ], [ -48.845037165231041, -26.631117337190304 ], [ -48.851301809727751, -26.631986251668156 ], [ -48.852759756770205, -26.633791788245514 ], [ -48.854866082745829, -26.634683271930584 ], [ -48.856266074129451, -26.63449304575547 ], [ -48.851151487237658, -26.597984128909566 ], [ -48.86211235121398, -26.585259932297888 ], [ -48.859864758319958, -26.559005495959639 ], [ -48.84808345954832, -26.543835764537377 ], [ -48.832129353340882, -26.545252788333357 ], [ -48.833743056216441, -26.524814759112164 ], [ -48.825976997933154, -26.515432417254825 ], [ -48.814302554907485, -26.519380416431567 ], [ -48.806344518504318, -26.513190005309198 ], [ -48.756642107714143, -26.536610394055486 ], [ -48.741240391379932, -26.559751891884027 ] ] ] } },
{ "type": "Feature", "properties": { "id": null, "CD_MUN": "4216404", "NM_MUN": "São João do Sul", "SIGLA_UF": "SC", "AREA_KM2": 184.375 }, "geometry": { "type": "Polygon", "coordinates": [ [ [ -49.712115399222981, -29.205799599811908 ], [ -49.753222261362858, -29.260779800678666 ], [ -49.752637271431539, -29.252561385079229 ], [ -49.777855227480167, -29.237431955812713 ], [ -49.795634936940765, -29.289450754275361 ], [ -49.829164096688551, -29.275981773825521 ], [ -49.843508122249105, -29.27784212133469 ], [ -49.8417277968544, -29.260529927313048 ], [ -49.85507208730013, -29.256855982795372 ], [ -49.848928787464097, -29.246643416529697 ], [ -49.857426535940121, -29.245171581801902 ], [ -49.85710415758787, -29.233058365871312 ], [ -49.869235001426837, -29.224438540800662 ], [ -49.957604703342994, -29.199544705240349 ], [ -49.912229044707381, -29.195627335701975 ], [ -49.884861295939011, -29.171205841406987 ], [ -49.864122225649382, -29.171554052032622 ], [ -49.831710523448415, -29.160232370440852 ], [ -49.838245023981557, -29.153827551849925 ], [ -49.819029100850564, -29.152371837984429 ], [ -49.834110249946868, -29.095197587758935 ], [ -49.763574590921458, -29.169532495900473 ], [ -49.712115399222981, -29.205799599811908 ] ] ] } },
{ "type": "Feature", "properties": { "id": null, "CD_MUN": "4216503", "NM_MUN": "São Joaquim", "SIGLA_UF": "SC", "AREA_KM2": 1888.634 }, "geometry": { "type": "Polygon", "coordinates": [ [ [ -49.849725677773016, -28.102465214941027 ], [ -49.853320739734841, -28.109869526994419 ], [ -49.825099956113064, -28.110040408134779 ], [ -49.828474062125601, -28.119029400952048 ], [ -49.792655653854005, -28.110902874267712 ], [ -49.794618901796888, -28.125953311308969 ], [ -49.785112362634351, -28.127629880987943 ], [ -49.777331815436355, -28.14482600480104 ], [ -49.759704239580188, -28.152923513933242 ], [ -49.735366485100045, -28.181363939199077 ], [ -49.721136559742817, -28.182505296249765 ], [ -49.671930394281375, -28.230875943574411 ], [ -49.721580282755738, -28.222417327126738 ], [ -49.732407124271013, -28.239220101899768 ], [ -49.751259013419975, -28.24405152433043 ], [ -49.773372719492492, -28.276444785031696 ], [ -49.766452451605261, -28.29842396868856 ], [ -49.774261976632673, -28.330888161183935 ], [ -49.766606396324029, -28.331678083436529 ], [ -49.76438234791641, -28.343085205598474 ], [ -49.76506513802201, -28.350502414341708 ], [ -49.777833494108101, -28.355179076494309 ], [ -49.772229906344933, -28.375957255909984 ], [ -49.783935138314355, -28.366052598114198 ], [ -49.797647084970784, -28.373614894618111 ], [ -49.806590367574067, -28.366039701424359 ], [ -49.809500828315961, -28.384401363581592 ], [ -49.772175572914776, -28.393685368178911 ], [ -49.772215417430218, -28.405095714513319 ], [ -49.762589344721341, -28.40812160036662 ], [ -49.769844668761188, -28.416206212808984 ], [ -49.753973873813315, -28.420155824071955 ], [ -49.781855979053809, -28.430044361005443 ], [ -49.782546013616759, -28.421771134474195 ], [ -49.799849400006345, -28.424848607086851 ], [ -49.801236713589603, -28.433860169111341 ], [ -49.804815475522382, -28.415672612266928 ], [ -49.830978833255685, -28.425119437573457 ], [ -49.815600661407871, -28.43944765998377 ], [ -49.813698991352496, -28.428738571159318 ], [ -49.807858147610986, -28.429960532521495 ], [ -49.81348346874622, -28.445301145084112 ], [ -49.803448084196852, -28.457583630068832 ], [ -49.819653935297332, -28.468726370089094 ], [ -49.811540143061059, -28.48473599843707 ], [ -49.826041735569056, -28.478448862140915 ], [ -49.839342559270662, -28.496486494965961 ], [ -49.845380814475064, -28.493096277624726 ], [ -49.841010595576378, -28.485598464570003 ], [ -49.866650541265862, -28.488632410854457 ], [ -49.863573458004829, -28.462845479522844 ], [ -49.87776716107529, -28.454522278318471 ], [ -49.854219052446716, -28.444657922678431 ], [ -49.883627927074521, -28.447619325082542 ], [ -49.891138618236091, -28.440156977924875 ], [ -49.898441031248737, -28.444369359243296 ], [ -49.89021676103782, -28.461550974280328 ], [ -49.90449920871086, -28.464610713944456 ], [ -49.928514584838751, -28.451223949892338 ], [ -49.938546347159445, -28.458623425687041 ], [ -49.928443951379556, -28.471408881575453 ], [ -49.944392624243974, -28.482741847770829 ], [ -49.95250460536591, -28.450337302465954 ], [ -49.967225342708858, -28.455913508734778 ], [ -49.974498777892087, -28.439002724184348 ], [ -49.988639958646729, -28.445252782497221 ], [ -49.989393382211532, -28.457154815131709 ], [ -50.019005101645241, -28.451419012326141 ], [ -50.025823947129517, -28.473083839168197 ], [ -50.038595925444291, -28.479712737745068 ], [ -50.07281874198371, -28.480807344295091 ], [ -50.086338710520266, -28.472685653869441 ], [ -50.100996058861369, -28.486331963804556 ], [ -50.106914780519432, -28.47335144548234 ], [ -50.126186848194919, -28.474528268430085 ], [ -50.126838849356758, -28.463372631719984 ], [ -50.111357443991658, -28.444470920675773 ], [ -50.12831128531392, -28.428907840213448 ], [ -50.126933027302357, -28.439729775073982 ], [ -50.146277539551377, -28.447993329087851 ], [ -50.148262520866325, -28.460927096909401 ], [ -50.160527387166333, -28.4595197456308 ], [ -50.139257660375534, -28.493953907498973 ], [ -50.156345524158844, -28.49791319127932 ], [ -50.178008262761082, -28.452254072993167 ], [ -50.203237085495743, -28.443589109508082 ], [ -50.222648608975284, -28.463272682373738 ], [ -50.235708554469873, -28.457029072405785 ], [ -50.246799818678561, -28.428271066152682 ], [ -50.264450939021131, -28.443529462317581 ], [ -50.251113893032759, -28.449178212466741 ], [ -50.272912465210382, -28.457072598733991 ], [ -50.292847400733741, -28.451033723717224 ], [ -50.303889764855292, -28.437901669289406 ], [ -50.329618455147362, -28.43423094894419 ], [ -50.340447107776974, -28.440966245212227 ], [ -50.336944412646403, -28.457420809359622 ], [ -50.345846039619907, -28.463554797463949 ], [ -50.352145095289046, -28.456390686258793 ], [ -50.34760463164254, -28.431835388806732 ], [ -50.358192406065143, -28.420350886505759 ], [ -50.3703467943905, -28.422759343333052 ], [ -50.381153713648054, -28.447027689436212 ], [ -50.395171738627681, -28.433157299515155 ], [ -50.42475629134632, -28.433300775189608 ], [ -50.417506400649494, -28.423391281135128 ], [ -50.405808413137422, -28.423191382442635 ], [ -50.405721479649173, -28.393819171335984 ], [ -50.387697269752884, -28.38805596306451 ], [ -50.374999547125988, -28.371100040099648 ], [ -50.366443842991139, -28.380762884960969 ], [ -50.337103790708191, -28.381957440857239 ], [ -50.335788921698473, -28.367605037153478 ], [ -50.272501342255552, -28.344039560646507 ], [ -50.265437996335585, -28.329791942547683 ], [ -50.276556427259351, -28.326938549920968 ], [ -50.278559519717682, -28.311965493018739 ], [ -50.250693714506241, -28.315189665478307 ], [ -50.255424345158275, -28.303195743928718 ], [ -50.230795001269648, -28.301122601037218 ], [ -50.244231658546639, -28.290503789041633 ], [ -50.248275876864405, -28.264460535999486 ], [ -50.245224149204105, -28.256940153737546 ], [ -50.230135755650451, -28.259130978923821 ], [ -50.216519798053959, -28.250424101196764 ], [ -50.228853486698824, -28.242882761813838 ], [ -50.226383126741176, -28.233900217341485 ], [ -50.218151612072909, -28.236379605962892 ], [ -50.217532210969154, -28.222277075624746 ], [ -50.232059159077892, -28.219389829187207 ], [ -50.218245790018507, -28.207237923187101 ], [ -50.20321897435236, -28.206015961824924 ], [ -50.191568075813088, -28.21800988337451 ], [ -50.192627577701082, -28.201107159255233 ], [ -50.180243177854734, -28.20826965837416 ], [ -50.166169008330613, -28.201726200367471 ], [ -50.183070327337063, -28.192340634337672 ], [ -50.171069883730468, -28.185237782409246 ], [ -50.188257358802396, -28.164488620545708 ], [ -50.167355288222303, -28.161843187042631 ], [ -50.152252405753941, -28.143433162298507 ], [ -50.140170462002118, -28.155973581079991 ], [ -50.132891593475868, -28.146365547150484 ], [ -50.130212955369302, -28.156734485780451 ], [ -50.103555163421603, -28.161140317446446 ], [ -50.115387173394716, -28.140223498615008 ], [ -50.105507544678453, -28.124792609223523 ], [ -50.09530191538127, -28.122582439002493 ], [ -50.100784158483769, -28.109887259942948 ], [ -50.076690904439324, -28.123116039544549 ], [ -50.082618681669082, -28.110201616757756 ], [ -50.058485583109189, -28.112455313306992 ], [ -50.072452896887341, -28.103719418027797 ], [ -50.060403553193609, -28.08932832425452 ], [ -50.033983017224251, -28.103762944355999 ], [ -50.007712803744987, -28.087376087830254 ], [ -50.001102236409629, -28.092131742208114 ], [ -50.010550819913341, -28.10339216452315 ], [ -50.000001078891849, -28.098333437934091 ], [ -49.988759492193068, -28.1038548332711 ], [ -49.982302869576486, -28.094074306115004 ], [ -49.974516889035471, -28.109526152627478 ], [ -49.968724945381098, -28.097843363720237 ], [ -49.958560971713695, -28.0960281546255 ], [ -49.942447487444475, -28.111188213530383 ], [ -49.941569096990328, -28.098728399060388 ], [ -49.930293099119112, -28.102910150740446 ], [ -49.926727014986703, -28.096352183957688 ], [ -49.905462721538917, -28.111144687202177 ], [ -49.909707973548251, -28.103158412019834 ], [ -49.898614898225226, -28.092645997715415 ], [ -49.885540463815929, -28.097114700744374 ], [ -49.87857672918458, -28.111721814072443 ], [ -49.869600846523198, -28.096674601203645 ], [ -49.849725677773016, -28.102465214941027 ] ] ] } },
{ "type": "Feature", "properties": { "id": null, "CD_MUN": "4216602", "NM_MUN": "São José", "SIGLA_UF": "SC", "AREA_KM2": 150.499 }, "geometry": { "type": "Polygon", "coordinates": [ [ [ -48.602672033344859, -27.662604262972202 ], [ -48.63822783003738, -27.650541021714734 ], [ -48.643557939535448, -27.628224912035844 ], [ -48.667522604461865, -27.606729354247914 ], [ -48.671450911461967, -27.619750174725876 ], [ -48.705872950578616, -27.611388283451987 ], [ -48.74601992211911, -27.615376584784471 ], [ -48.744491341617461, -27.597646860429315 ], [ -48.730936961908469, -27.582843072581216 ], [ -48.736160215660576, -27.582407809299177 ], [ -48.727003221565354, -27.560497945350193 ], [ -48.728664013413713, -27.539663342916473 ], [ -48.718103405706188, -27.528780148779205 ], [ -48.688986120486874, -27.520058762276079 ], [ -48.678577646383786, -27.523170088699558 ], [ -48.67254301340806, -27.540819208743226 ], [ -48.66478601069646, -27.531415909764902 ], [ -48.65475968171878, -27.543582324541074 ], [ -48.631284017663745, -27.530002110141382 ], [ -48.576180863916306, -27.517166679579848 ], [ -48.568610405981566, -27.546682366360947 ], [ -48.600627285256749, -27.575034126884148 ], [ -48.613263429996138, -27.618365392654489 ], [ -48.594293818415174, -27.642551522359931 ], [ -48.602672033344859, -27.662604262972202 ] ] ] } },
{ "type": "Feature", "properties": { "id": null, "CD_MUN": "4216701", "NM_MUN": "São José do Cedro", "SIGLA_UF": "SC", "AREA_KM2": 280.76 }, "geometry": { "type": "Polygon", "coordinates": [ [ [ -53.432520962188761, -26.432783980426297 ], [ -53.392335957247155, -26.424447882532089 ], [ -53.360391522545513, -26.422503706538969 ], [ -53.368795093075938, -26.423902997386421 ], [ -53.364020995679773, -26.431895720913687 ], [ -53.378676532906539, -26.434581456572506 ], [ -53.368764304132185, -26.44110718163067 ], [ -53.37619349514852, -26.447552302377343 ], [ -53.37086519676479, -26.452351483083408 ], [ -53.380784669996501, -26.449177285296962 ], [ -53.393719648601738, -26.464727469069452 ], [ -53.409941799731264, -26.462567273521543 ], [ -53.409664699237481, -26.477243706557491 ], [ -53.401592562630995, -26.48124812875227 ], [ -53.415639565440038, -26.481194929906689 ], [ -53.404704057064457, -26.493159833904141 ], [ -53.416943567763724, -26.495158820829072 ], [ -53.40702590564635, -26.508213495117857 ], [ -53.419384949891956, -26.507792740611883 ], [ -53.40594285927196, -26.525741708694291 ], [ -53.428904166854871, -26.51234527212479 ], [ -53.429092522746068, -26.531630659691686 ], [ -53.448207023474104, -26.530126583239301 ], [ -53.44787740066451, -26.536183191204596 ], [ -53.426419317982514, -26.543368259530741 ], [ -53.438468661676239, -26.550858012154315 ], [ -53.470601452269086, -26.547338827914697 ], [ -53.494100660810517, -26.516939717879673 ], [ -53.563833996183988, -26.530054039358959 ], [ -53.580967137825759, -26.525840045954308 ], [ -53.58133841626514, -26.515571056670588 ], [ -53.636626303675115, -26.526067350112704 ], [ -53.637522805272646, -26.516259417490705 ], [ -53.671510176948061, -26.504610482394291 ], [ -53.674230470684421, -26.511471521388248 ], [ -53.687819261565835, -26.500251401228958 ], [ -53.687029615714273, -26.51210990753524 ], [ -53.695936676030783, -26.520109079407426 ], [ -53.698350891443944, -26.51211635588016 ], [ -53.708136342214608, -26.514271715169382 ], [ -53.70082849585895, -26.529331824728018 ], [ -53.704304024274442, -26.536521729312849 ], [ -53.710432835195768, -26.524610024160982 ], [ -53.714444453455442, -26.531058369080114 ], [ -53.706763517546058, -26.545433341991092 ], [ -53.725258617170347, -26.53383115739534 ], [ -53.717267980709089, -26.526908859124653 ], [ -53.727279820772061, -26.525632086830665 ], [ -53.730070747967616, -26.501815124871847 ], [ -53.704928858721203, -26.508916364714043 ], [ -53.709242933075402, -26.501241222174045 ], [ -53.696436543588199, -26.490461201555483 ], [ -53.696132276379338, -26.475318875599129 ], [ -53.707806719405006, -26.481470596651981 ], [ -53.715683255662945, -26.471469213682408 ], [ -53.705260292645143, -26.463524852742033 ], [ -53.698751147712741, -26.469944180109032 ], [ -53.703342322560722, -26.440796048988322 ], [ -53.63831607335289, -26.449049930484811 ], [ -53.634094365829952, -26.46973299681293 ], [ -53.575609861612612, -26.482847318292215 ], [ -53.56879644947135, -26.464596890084842 ], [ -53.560456267942776, -26.468372396034994 ], [ -53.560376578911885, -26.454244072317174 ], [ -53.544103716580878, -26.426380773921597 ], [ -53.526392829465145, -26.432140758020616 ], [ -53.493432359619625, -26.428324949914717 ], [ -53.468743248957828, -26.421812121546392 ], [ -53.465072120193788, -26.40591372714827 ], [ -53.452175174989655, -26.423902997386421 ], [ -53.432520962188761, -26.432783980426297 ] ] ] } },
{ "type": "Feature", "properties": { "id": null, "CD_MUN": "4216800", "NM_MUN": "São José do Cerrito", "SIGLA_UF": "SC", "AREA_KM2": 948.714 }, "geometry": { "type": "Polygon", "coordinates": [ [ [ -50.577790019602624, -27.503305962176171 ], [ -50.56065868907519, -27.503884701132662 ], [ -50.539211473079227, -27.557344704684734 ], [ -50.525566537653319, -27.568921095900809 ], [ -50.52418465741308, -27.583573347643309 ], [ -50.542560223491023, -27.603896918742187 ], [ -50.511628201704582, -27.59537865510401 ], [ -50.505687746674454, -27.619883977882946 ], [ -50.521908086689642, -27.633193361796039 ], [ -50.497606554496272, -27.627349549213072 ], [ -50.48745525862924, -27.635656629555147 ], [ -50.491474121346272, -27.646749394902283 ], [ -50.482472883084156, -27.646634936779972 ], [ -50.468226657697883, -27.664687078381082 ], [ -50.445172983283705, -27.676484325410637 ], [ -50.425337659048964, -27.67675676798347 ], [ -50.419389959561485, -27.705526058840181 ], [ -50.389959351561615, -27.729995915722064 ], [ -50.394496192979439, -27.749532788740805 ], [ -50.405982280113911, -27.747691786266394 ], [ -50.433706818406961, -27.774366977110617 ], [ -50.495346283801879, -27.768579587545695 ], [ -50.503217386716798, -27.783364030359039 ], [ -50.518327513642518, -27.787100846239674 ], [ -50.529668711629917, -27.776011305064998 ], [ -50.521679886282996, -27.767976667295756 ], [ -50.544481815804126, -27.76406735818853 ], [ -50.542188945051642, -27.751691372202487 ], [ -50.556411625951519, -27.752587692146246 ], [ -50.543250258053973, -27.733927794036504 ], [ -50.550911271705637, -27.734974037999635 ], [ -50.557036460398287, -27.724036032930552 ], [ -50.567770935082301, -27.73320880357802 ], [ -50.57434165790221, -27.724234319536816 ], [ -50.581754548889499, -27.730777777543508 ], [ -50.574399613561035, -27.715674141656667 ], [ -50.581242003531713, -27.708102172635375 ], [ -50.586097601073106, -27.714365127638082 ], [ -50.594743860924886, -27.709021061786352 ], [ -50.604596322926071, -27.729036724415341 ], [ -50.623754290398232, -27.718977306341493 ], [ -50.629138733326457, -27.707458950229693 ], [ -50.649725670011655, -27.717349099249414 ], [ -50.652875197846228, -27.727044185835329 ], [ -50.663455727811467, -27.709962520144547 ], [ -50.676015805748648, -27.715980438040326 ], [ -50.705596736238604, -27.689360058127917 ], [ -50.696648020292308, -27.669678097348491 ], [ -50.722604910991024, -27.673668010767205 ], [ -50.71924348277885, -27.647806923469023 ], [ -50.734029420237988, -27.646978311146913 ], [ -50.741342699936659, -27.631205659474716 ], [ -50.742780724721392, -27.647460324929618 ], [ -50.754056722592601, -27.645271111829572 ], [ -50.757925262819541, -27.62000488435018 ], [ -50.778633544165416, -27.635442222086585 ], [ -50.791157399815823, -27.626570911564087 ], [ -50.786510080423355, -27.616200360847891 ], [ -50.8018900633855, -27.613180923339506 ], [ -50.799915948756585, -27.599221868675816 ], [ -50.816143533229123, -27.619206901666438 ], [ -50.851663107634877, -27.605136613052888 ], [ -50.844156038701989, -27.593773017219146 ], [ -50.869310605748765, -27.596669936174067 ], [ -50.88346265318944, -27.610213072590476 ], [ -50.887472460334777, -27.597268020165316 ], [ -50.881254904810866, -27.586020494540119 ], [ -50.896392198451657, -27.587946937584711 ], [ -50.90053783917238, -27.573283401238601 ], [ -50.932129106578024, -27.581506653096728 ], [ -50.937500871705879, -27.566994652856216 ], [ -50.960168778765961, -27.55655639451837 ], [ -50.950691217432833, -27.550791574160666 ], [ -50.915954044421298, -27.560518902471177 ], [ -50.915383543404687, -27.539057198494074 ], [ -50.907519684947118, -27.533005426787469 ], [ -50.898474979940879, -27.56161512110743 ], [ -50.886016324406661, -27.536111916952258 ], [ -50.872836845365732, -27.545570026862396 ], [ -50.860749468270896, -27.543970837322451 ], [ -50.866472589580411, -27.531881802685309 ], [ -50.850840861725217, -27.51008317268618 ], [ -50.832487029019333, -27.515891519372087 ], [ -50.825697161364467, -27.503592913525072 ], [ -50.800964583958546, -27.493165939790835 ], [ -50.80584553710068, -27.483001736112051 ], [ -50.833653386653296, -27.476153593807929 ], [ -50.825633772362622, -27.45363597335032 ], [ -50.817923858623828, -27.453824587439204 ], [ -50.808390152746206, -27.469724593923555 ], [ -50.805544892120494, -27.456468408856047 ], [ -50.786426769163782, -27.459660339591018 ], [ -50.781219815440728, -27.452247967106473 ], [ -50.793750915548486, -27.43042837998636 ], [ -50.784704399427916, -27.428958157344795 ], [ -50.769889484139362, -27.442257868740509 ], [ -50.749269947396073, -27.420868708643745 ], [ -50.741949423240044, -27.427175189974655 ], [ -50.753004465161965, -27.430858807009709 ], [ -50.748094534190415, -27.450440818442889 ], [ -50.73661025817028, -27.438113195043734 ], [ -50.714483874297393, -27.450837391655416 ], [ -50.718580614930978, -27.426567433466026 ], [ -50.700962094646506, -27.442992980061288 ], [ -50.700445927060045, -27.42893558813758 ], [ -50.689932408325319, -27.426298215065653 ], [ -50.688976139954619, -27.44349595096498 ], [ -50.674545180905824, -27.439515710063645 ], [ -50.670682074021897, -27.456776317325936 ], [ -50.678113076152577, -27.46337136209198 ], [ -50.669508471930584, -27.470830485077187 ], [ -50.650336015543715, -27.452294717607138 ], [ -50.636756280233989, -27.470761165369307 ], [ -50.640032586072252, -27.455675262430994 ], [ -50.634142842243598, -27.454156677202537 ], [ -50.604043933052843, -27.470009933186226 ], [ -50.595285384112081, -27.459529760606404 ], [ -50.583332029478292, -27.469299003158891 ], [ -50.565162930434923, -27.466219918460006 ], [ -50.57598071637851, -27.485419865456723 ], [ -50.577790019602624, -27.503305962176171 ] ] ] } },
{ "type": "Feature", "properties": { "id": null, "CD_MUN": "4216909", "NM_MUN": "São Lourenço do Oeste", "SIGLA_UF": "SC", "AREA_KM2": 356.193 }, "geometry": { "type": "Polygon", "coordinates": [ [ [ -52.762776313171692, -26.353562838922286 ], [ -52.776785282579631, -26.381792080892023 ], [ -52.760385642244934, -26.39719878899006 ], [ -52.762712924169847, -26.408214174198172 ], [ -52.770859316464211, -26.408425357494274 ], [ -52.76606167458165, -26.416029568240159 ], [ -52.757984104632143, -26.413687206948286 ], [ -52.767311343475178, -26.429345400498171 ], [ -52.748530087785419, -26.442375893493509 ], [ -52.761126388009359, -26.442754733757507 ], [ -52.760479820190533, -26.45120690186026 ], [ -52.769403180536095, -26.453313898562588 ], [ -52.755390588899481, -26.454452031440816 ], [ -52.760845665286901, -26.463423291309557 ], [ -52.766659342313339, -26.46557059016763 ], [ -52.776406759682892, -26.452051635044668 ], [ -52.849981468568224, -26.404285520056188 ], [ -52.87141057342081, -26.419277921993174 ], [ -52.861958367688416, -26.434697526781051 ], [ -52.880129277846123, -26.479121787015188 ], [ -52.87676784963395, -26.48759007598024 ], [ -52.883557717288816, -26.490927094475889 ], [ -52.86717075475449, -26.525142012616811 ], [ -52.845060670910648, -26.512864363890781 ], [ -52.841978154306602, -26.50030137590208 ], [ -52.799992901712571, -26.492848701261792 ], [ -52.781503235431302, -26.50290167099072 ], [ -52.776939227298399, -26.512454893988416 ], [ -52.794329547176226, -26.520710387571135 ], [ -52.795131870828165, -26.535386820607084 ], [ -52.765933085463615, -26.550056805298112 ], [ -52.773219198447215, -26.566853131726223 ], [ -52.760470764618844, -26.586606024299755 ], [ -52.877287639449086, -26.595050131971362 ], [ -52.881400680111717, -26.587695794591092 ], [ -52.916726465283247, -26.583955754537993 ], [ -52.927866629579079, -26.572750143154771 ], [ -52.945812961558815, -26.569424409262727 ], [ -52.920868483775294, -26.559347258240351 ], [ -52.932028570328846, -26.549571567342944 ], [ -52.925379969592385, -26.540669627182083 ], [ -52.946557329551915, -26.523476727541443 ], [ -52.934212774221017, -26.525045287443024 ], [ -52.929904133209838, -26.511594039941713 ], [ -52.923112454440634, -26.519041878323311 ], [ -52.924411023421307, -26.506048463311256 ], [ -52.908116427718241, -26.50141855165932 ], [ -52.916614176194265, -26.499914475206932 ], [ -52.93504045347369, -26.470737326534085 ], [ -52.930577867743743, -26.451369722569467 ], [ -52.93742931328611, -26.442733776636519 ], [ -52.967580744792684, -26.441084612423452 ], [ -52.970969339719929, -26.4261534697632 ], [ -52.964369639070604, -26.42308083340923 ], [ -52.952095717198908, -26.378401863550788 ], [ -52.935123764733262, -26.360483525106748 ], [ -52.916778987599066, -26.355563437933448 ], [ -52.874063855926643, -26.361041306942251 ], [ -52.846927929793594, -26.344406189137118 ], [ -52.762776313171692, -26.353562838922286 ] ] ] } },
{ "type": "Feature", "properties": { "id": null, "CD_MUN": "4217006", "NM_MUN": "São Ludgero", "SIGLA_UF": "SC", "AREA_KM2": 106.765 }, "geometry": { "type": "Polygon", "coordinates": [ [ [ -49.114962024005465, -28.354556811209612 ], [ -49.101418510982512, -28.362688174152641 ], [ -49.13750858640487, -28.413838058137433 ], [ -49.156440164584723, -28.400735021261756 ], [ -49.186229373223611, -28.411708492227888 ], [ -49.197266304002142, -28.37963442460012 ], [ -49.215216258210553, -28.388692737125275 ], [ -49.223793695717468, -28.380542029147488 ], [ -49.225956166237587, -28.367484130686243 ], [ -49.214432045702004, -28.361145407630737 ], [ -49.219932399947886, -28.341479567713613 ], [ -49.211579540618942, -28.328724741463567 ], [ -49.215022468976343, -28.301636856544519 ], [ -49.224337030019008, -28.295194959970303 ], [ -49.200222042602498, -28.288461275788499 ], [ -49.179312727565055, -28.30318123515265 ], [ -49.158591768418809, -28.298817317728627 ], [ -49.149842275049743, -28.306706867737187 ], [ -49.156192041920356, -28.318062403139781 ], [ -49.123731439632259, -28.319224717311453 ], [ -49.124262096133421, -28.331948913923132 ], [ -49.111147817208682, -28.346997738878159 ], [ -49.114962024005465, -28.354556811209612 ] ] ] } },
{ "type": "Feature", "properties": { "id": null, "CD_MUN": "4217105", "NM_MUN": "São Martinho", "SIGLA_UF": "SC", "AREA_KM2": 224.566 }, "geometry": { "type": "Polygon", "coordinates": [ [ [ -48.89369456304793, -28.080036259226052 ], [ -48.874014994646295, -28.072386910065731 ], [ -48.868277384422072, -28.076812086766484 ], [ -48.883575867238989, -28.149800902906151 ], [ -48.900223630238052, -28.154683912096164 ], [ -48.926167843136398, -28.141235888767312 ], [ -48.93862830978496, -28.175080027075381 ], [ -48.911447105793449, -28.215893214154807 ], [ -48.909750091658317, -28.234670794559321 ], [ -48.964644967256845, -28.237828871483465 ], [ -48.969426309110361, -28.230111814701495 ], [ -48.962328552017965, -28.221756371772528 ], [ -48.977949413187126, -28.211663099887854 ], [ -48.970112721444636, -28.204526394148605 ], [ -48.978807881383553, -28.199575677336938 ], [ -48.973157204647578, -28.181692804789954 ], [ -48.977663257121648, -28.186980447623643 ], [ -48.997480470213006, -28.173530812208561 ], [ -48.997123680688333, -28.16327310752845 ], [ -49.012532641479893, -28.164353205302405 ], [ -49.013798610402475, -28.150808456799766 ], [ -49.039693923213676, -28.150777827161399 ], [ -49.052170689891284, -28.143002735275154 ], [ -49.065009679436578, -28.115087850120229 ], [ -49.06508031289578, -28.067163750681232 ], [ -49.055734962909362, -28.053704442748771 ], [ -49.064100500038677, -28.040503068613077 ], [ -49.043450174351634, -28.019178391965504 ], [ -49.052286601208948, -27.99020275407138 ], [ -49.03544323786133, -28.010539221860096 ], [ -49.030900963100486, -28.039448764218797 ], [ -48.968446496253257, -28.082486630295321 ], [ -48.969652698402669, -28.108099456314118 ], [ -48.949895252084481, -28.107635175479942 ], [ -48.951190198836471, -28.096547246391491 ], [ -48.937295329631858, -28.090150488231711 ], [ -48.942339283064449, -28.083086326372801 ], [ -48.936771917588047, -28.072862475503516 ], [ -48.901699688423896, -28.060854045177859 ], [ -48.89369456304793, -28.080036259226052 ] ] ] } },
{ "type": "Feature", "properties": { "id": null, "CD_MUN": "4217154", "NM_MUN": "São Miguel da Boa Vista", "SIGLA_UF": "SC", "AREA_KM2": 72.755 }, "geometry": { "type": "Polygon", "coordinates": [ [ [ -53.205142801453285, -26.642327784832215 ], [ -53.186899446722045, -26.670508664215056 ], [ -53.205452502005159, -26.723330281620136 ], [ -53.219524860414943, -26.726978432758134 ], [ -53.228799576942166, -26.718186114460895 ], [ -53.258532641036552, -26.716083954017257 ], [ -53.271143430175208, -26.718211907840573 ], [ -53.287311247874577, -26.735009846354913 ], [ -53.296008218927831, -26.727034855776175 ], [ -53.30389199964312, -26.730444418152167 ], [ -53.312860637847145, -26.708911782380952 ], [ -53.309542676379095, -26.697764206102001 ], [ -53.293039802527105, -26.708803772603559 ], [ -53.282551639393127, -26.705149173120638 ], [ -53.293824015035661, -26.699732563388569 ], [ -53.283207262783641, -26.694764113628374 ], [ -53.292530879398001, -26.687770883563577 ], [ -53.284764821114713, -26.677772724766459 ], [ -53.276757884624409, -26.685699352758306 ], [ -53.276082338976167, -26.677714689662189 ], [ -53.256176381282224, -26.679802341329758 ], [ -53.261372468319252, -26.665780415303104 ], [ -53.25377484366944, -26.668936880141018 ], [ -53.245642940289784, -26.661551913122381 ], [ -53.257712206241237, -26.656454496463805 ], [ -53.252581319320399, -26.644781380073944 ], [ -53.231811460087009, -26.655819334489273 ], [ -53.236797457860774, -26.641626527322259 ], [ -53.227548096934292, -26.64713502596943 ], [ -53.226892473543771, -26.638926282887372 ], [ -53.205142801453285, -26.642327784832215 ] ] ] } },
{ "type": "Feature", "properties": { "id": null, "CD_MUN": "4217204", "NM_MUN": "São Miguel do Oeste", "SIGLA_UF": "SC", "AREA_KM2": 234.202 }, "geometry": { "type": "Polygon", "coordinates": [ [ [ -53.494997162408055, -26.659751212803712 ], [ -53.443883893548218, -26.709712989237154 ], [ -53.431526660416949, -26.707277126943954 ], [ -53.419379516548943, -26.733633124714679 ], [ -53.371622242558267, -26.759848870983415 ], [ -53.367563535325793, -26.754430649165112 ], [ -53.363649717240392, -26.765128453385955 ], [ -53.505697225919633, -26.775739204950387 ], [ -53.506845472410212, -26.799772186463997 ], [ -53.587132171033858, -26.801745380009251 ], [ -53.585846279853556, -26.795064894673029 ], [ -53.575363550062583, -26.795538848024588 ], [ -53.573878436305051, -26.790415637986335 ], [ -53.582173339975171, -26.787971715261985 ], [ -53.576403129692856, -26.780067656477357 ], [ -53.587972528086901, -26.765479888184046 ], [ -53.600094316354166, -26.681519213164478 ], [ -53.589870575913601, -26.669236728179758 ], [ -53.597093299895349, -26.654436164504116 ], [ -53.585404367954972, -26.649920710974495 ], [ -53.569540817464457, -26.655717773056793 ], [ -53.55252358714035, -26.645086064371373 ], [ -53.494997162408055, -26.659751212803712 ] ] ] } },
{ "type": "Feature", "properties": { "id": null, "CD_MUN": "4217253", "NM_MUN": "São Pedro de Alcântara", "SIGLA_UF": "SC", "AREA_KM2": 139.196 }, "geometry": { "type": "Polygon", "coordinates": [ [ [ -48.727537500295199, -27.553543405354905 ], [ -48.736160215660576, -27.582407809299177 ], [ -48.730936961908469, -27.582843072581216 ], [ -48.744491341617461, -27.597646860429315 ], [ -48.74601992211911, -27.615376584784471 ], [ -48.844528242101937, -27.625171620716635 ], [ -48.95014156363451, -27.626606377461144 ], [ -48.956712286454419, -27.619863020761958 ], [ -48.954921094373688, -27.601502970690959 ], [ -48.933738301071138, -27.592496244925158 ], [ -48.920643944404119, -27.557031959956156 ], [ -48.905966673805288, -27.566449767710552 ], [ -48.882894888247733, -27.562769374847957 ], [ -48.854677726854625, -27.569445023925489 ], [ -48.85306040175039, -27.575638659220317 ], [ -48.83561393732807, -27.563422269771017 ], [ -48.825685408524663, -27.565074658156547 ], [ -48.815362056795479, -27.54883288939148 ], [ -48.7995329174774, -27.551205880321721 ], [ -48.795820133083566, -27.545289523858415 ], [ -48.786594316643487, -27.552203761697957 ], [ -48.775704086126368, -27.546440553426482 ], [ -48.769510075088853, -27.558089488522896 ], [ -48.727537500295199, -27.553543405354905 ] ] ] } },
{ "type": "Feature", "properties": { "id": null, "CD_MUN": "4217303", "NM_MUN": "Saudades", "SIGLA_UF": "SC", "AREA_KM2": 205.781 }, "geometry": { "type": "Polygon", "coordinates": [ [ [ -53.042064633075924, -26.814300307566803 ], [ -53.032701171946115, -26.827240523733273 ], [ -53.047983354733987, -26.830737138765674 ], [ -53.04358778023456, -26.841067387326124 ], [ -53.053079830482396, -26.838952330192651 ], [ -53.037699847520251, -26.855932434450956 ], [ -53.044547670833943, -26.861178163042673 ], [ -53.037201791077173, -26.875601498540544 ], [ -53.007691494046412, -26.875575705160866 ], [ -53.007653460645308, -26.887327813775986 ], [ -52.947538953523356, -26.881671003195677 ], [ -52.939620761635638, -26.892760544370354 ], [ -52.942270421912795, -26.916566221725564 ], [ -52.926970127981541, -26.926374154347567 ], [ -52.934011740529449, -26.934573224912242 ], [ -52.929445921282209, -26.949675248712854 ], [ -52.945313094001399, -26.948213086502442 ], [ -52.965242596181739, -26.963181307145977 ], [ -52.982421015681972, -26.955610950210914 ], [ -52.991817076869872, -26.967580690467056 ], [ -53.046605096722423, -26.967846684694969 ], [ -53.052503896122765, -26.964877221859709 ], [ -53.048925134189986, -26.956603995328461 ], [ -53.103278486601312, -26.938798502920505 ], [ -53.098712667354071, -26.927351078602815 ], [ -53.111832379621823, -26.924465444251503 ], [ -53.112067824485827, -26.910346793051062 ], [ -53.10399568787934, -26.890774454135261 ], [ -53.116760421736757, -26.888985038420202 ], [ -53.12208147566313, -26.873115661574218 ], [ -53.115148529975535, -26.868081116278603 ], [ -53.125643937566871, -26.857955602669335 ], [ -53.116197165177496, -26.850899501241575 ], [ -53.125422981617582, -26.847259410534722 ], [ -53.131979215522783, -26.825244760980802 ], [ -53.124914058488471, -26.827824098948454 ], [ -53.115840375652823, -26.815317533977797 ], [ -53.104823367132013, -26.817484177870625 ], [ -53.097202197995799, -26.805835242774211 ], [ -53.042064633075924, -26.814300307566803 ] ] ] } },
{ "type": "Feature", "properties": { "id": null, "CD_MUN": "4217402", "NM_MUN": "Schroeder", "SIGLA_UF": "SC", "AREA_KM2": 165.237 }, "geometry": { "type": "Polygon", "coordinates": [ [ [ -49.003763225853099, -26.367660533001743 ], [ -49.00311846914861, -26.398448155818144 ], [ -49.020045143755794, -26.417557825985995 ], [ -49.00739813233038, -26.439562803022536 ], [ -48.984692191869186, -26.437159182453929 ], [ -48.984411469146721, -26.456678322524144 ], [ -49.043931930765659, -26.454065130745665 ], [ -49.043301662975878, -26.447400766271741 ], [ -49.073420494424354, -26.432297130384903 ], [ -49.095680900758289, -26.401216107874681 ], [ -49.113426199046458, -26.394119704291175 ], [ -49.107927655914914, -26.388264607104603 ], [ -49.116488793392783, -26.382669055801024 ], [ -49.109159213665059, -26.371202286448575 ], [ -49.146131301770247, -26.326973088648245 ], [ -49.145111644397701, -26.316608986276968 ], [ -49.103608148217702, -26.295411664441545 ], [ -49.106909809656699, -26.317579462187297 ], [ -49.095092288598295, -26.329981241553018 ], [ -49.085890016644612, -26.320352250502523 ], [ -49.082812933383579, -26.295039272522466 ], [ -49.062197018868964, -26.296607832424044 ], [ -49.057614899592679, -26.278583096288838 ], [ -49.04483386570621, -26.27925049998797 ], [ -49.047590381729336, -26.273292229282688 ], [ -49.033244545054444, -26.261361179096063 ], [ -49.028966692987019, -26.273090718503965 ], [ -49.049687652133265, -26.284394667147208 ], [ -49.063321720873141, -26.312710961773352 ], [ -49.045346411063989, -26.306797829482505 ], [ -49.035180626282255, -26.314090907586046 ], [ -49.027186367592321, -26.307139591763221 ], [ -48.996393801609933, -26.31173887377679 ], [ -49.012181285298233, -26.32639596177798 ], [ -49.020746045004778, -26.350506323430618 ], [ -49.003763225853099, -26.367660533001743 ] ] ] } },
{ "type": "Feature", "properties": { "id": null, "CD_MUN": "4217501", "NM_MUN": "Seara", "SIGLA_UF": "SC", "AREA_KM2": 309.627 }, "geometry": { "type": "Polygon", "coordinates": [ [ [ -52.215549926922321, -27.036494152617831 ], [ -52.24411301115407, -27.08826468980109 ], [ -52.25254193728523, -27.128186393195442 ], [ -52.233153958292093, -27.155167880423328 ], [ -52.231819167024646, -27.189194184475362 ], [ -52.24908995335614, -27.187899679232846 ], [ -52.247646495228395, -27.201968355760165 ], [ -52.25602471015808, -27.205219933685637 ], [ -52.248760330546546, -27.210904149731853 ], [ -52.26085676321307, -27.218316522216394 ], [ -52.262702288723958, -27.231026210052008 ], [ -52.268537699122454, -27.226330202864649 ], [ -52.274146720228643, -27.231722631303274 ], [ -52.27841551672438, -27.223562250808111 ], [ -52.312953467158685, -27.23301713654579 ], [ -52.312866533670437, -27.239650871381347 ], [ -52.341148895179728, -27.238166139963717 ], [ -52.340011515375181, -27.22974782567179 ], [ -52.357323957336455, -27.223978169055393 ], [ -52.353513372768354, -27.205639076105381 ], [ -52.368922333559915, -27.193092208978978 ], [ -52.386414075840698, -27.192673066559234 ], [ -52.391881830028488, -27.184098379903016 ], [ -52.401890047862778, -27.19062732913364 ], [ -52.413685835549131, -27.182647502296213 ], [ -52.421214637854078, -27.190425818354917 ], [ -52.432048723826711, -27.181167607137269 ], [ -52.438833158138557, -27.183010221697913 ], [ -52.433778338019934, -27.199197179531165 ], [ -52.458891249436924, -27.173708484152062 ], [ -52.496187527008701, -27.166555657550514 ], [ -52.518315721995926, -27.148339083153964 ], [ -52.508796505033011, -27.139917544689578 ], [ -52.488468557698212, -27.141785952629895 ], [ -52.505804544145889, -27.118691205302021 ], [ -52.499999922691146, -27.112139686864182 ], [ -52.462209210904973, -27.130609358798807 ], [ -52.432709780560245, -27.114098371633368 ], [ -52.402335581990044, -27.118304304606873 ], [ -52.397409350989449, -27.112326688866837 ], [ -52.404827675319751, -27.10997949131627 ], [ -52.402802849489362, -27.102139915980835 ], [ -52.380792376934139, -27.087166859078607 ], [ -52.31247171074466, -27.09110034947928 ], [ -52.263428545573674, -27.076872076415214 ], [ -52.251377390765605, -27.06862303117741 ], [ -52.246896693892275, -27.037074503660552 ], [ -52.224118308857541, -27.025527129996615 ], [ -52.215549926922321, -27.036494152617831 ] ] ] } },
{ "type": "Feature", "properties": { "id": null, "CD_MUN": "4217550", "NM_MUN": "Serra Alta", "SIGLA_UF": "SC", "AREA_KM2": 90.564 }, "geometry": { "type": "Polygon", "coordinates": [ [ [ -52.973591833282015, -26.744753295527723 ], [ -53.002815974247298, -26.740989074181179 ], [ -53.008818007164933, -26.751196804188169 ], [ -53.021787396942599, -26.753976040848315 ], [ -53.027512329366445, -26.742652747170318 ], [ -53.049298223743705, -26.745992989838427 ], [ -53.048812845100997, -26.732836754117166 ], [ -53.069484904160106, -26.737708478703571 ], [ -53.058208906288897, -26.703467767182975 ], [ -53.075760415342849, -26.669971839500537 ], [ -53.063412237783275, -26.64356586705669 ], [ -52.995019127020257, -26.63752376786746 ], [ -53.000271358601772, -26.640028949868544 ], [ -52.995439305546775, -26.65515676704883 ], [ -52.985282576336729, -26.659143456295084 ], [ -52.994495714976445, -26.666530035399951 ], [ -52.985838588438632, -26.676333131763265 ], [ -52.994374370315768, -26.678378869188858 ], [ -52.97944897705257, -26.69972127878496 ], [ -52.992307888855592, -26.702835829380899 ], [ -52.983246883820307, -26.716960928926262 ], [ -52.989437272629139, -26.723425394707693 ], [ -52.981430336138835, -26.740037943305609 ], [ -52.970007638006216, -26.736413973461055 ], [ -52.973591833282015, -26.744753295527723 ] ] ] } },
{ "type": "Feature", "properties": { "id": null, "CD_MUN": "4217600", "NM_MUN": "Siderópolis", "SIGLA_UF": "SC", "AREA_KM2": 262.004 }, "geometry": { "type": "Polygon", "coordinates": [ [ [ -49.569508256213155, -28.502628543501434 ], [ -49.568043064713351, -28.512359095984408 ], [ -49.554251429026024, -28.51709379324128 ], [ -49.527256769811373, -28.551073346792652 ], [ -49.487607854713957, -28.552638682521771 ], [ -49.481647477426101, -28.58350852173589 ], [ -49.466146149803279, -28.571574247376805 ], [ -49.464635680445014, -28.55875493767757 ], [ -49.445586379833159, -28.563286512069489 ], [ -49.425461277304265, -28.538199226161602 ], [ -49.409916482937319, -28.540710856507605 ], [ -49.407994890624217, -28.525399261497125 ], [ -49.401440467833353, -28.525183241942333 ], [ -49.401512912406893, -28.546064594876714 ], [ -49.389708069148853, -28.556151418416469 ], [ -49.385774328805731, -28.579757197079186 ], [ -49.401512912406893, -28.600641774186027 ], [ -49.369278699411097, -28.634236039128481 ], [ -49.685374296015716, -28.620937939819001 ], [ -49.669476334352773, -28.614289696207372 ], [ -49.666229006343926, -28.60262302816243 ], [ -49.647038438813674, -28.598586364243054 ], [ -49.653058582874692, -28.594778616568306 ], [ -49.645535213912758, -28.589224979506703 ], [ -49.64849457474179, -28.566317234181483 ], [ -49.65607227713388, -28.565475725169534 ], [ -49.64518204661676, -28.542274580150494 ], [ -49.615039670681881, -28.530598239588176 ], [ -49.590339693334052, -28.500313587675468 ], [ -49.569508256213155, -28.502628543501434 ] ] ] } },
{ "type": "Feature", "properties": { "id": null, "CD_MUN": "4217709", "NM_MUN": "Sombrio", "SIGLA_UF": "SC", "AREA_KM2": 143.457 }, "geometry": { "type": "Polygon", "coordinates": [ [ [ -49.565697671645054, -29.058957889313408 ], [ -49.59621494824799, -29.079576472192336 ], [ -49.605237919882171, -29.108606921018275 ], [ -49.628787839625076, -29.134611483990909 ], [ -49.656333077598617, -29.143034634541525 ], [ -49.697702551317569, -29.113601164158144 ], [ -49.704418163284558, -29.080119745251775 ], [ -49.716219384313916, -29.072338205020611 ], [ -49.742089341524384, -29.073082988858769 ], [ -49.746664216343319, -29.061427605417435 ], [ -49.730742710193979, -29.044597425178498 ], [ -49.743172387898781, -29.039350084500555 ], [ -49.698865286722857, -29.020490287698323 ], [ -49.649153820360986, -29.018068934181187 ], [ -49.623350874381039, -29.018012511163143 ], [ -49.565697671645054, -29.058957889313408 ] ] ] } },
{ "type": "Feature", "properties": { "id": null, "CD_MUN": "4217758", "NM_MUN": "Sul Brasil", "SIGLA_UF": "SC", "AREA_KM2": 113.125 }, "geometry": { "type": "Polygon", "coordinates": [ [ [ -52.919830715259359, -26.672531832433435 ], [ -52.916874976659003, -26.681712663512052 ], [ -52.894196202912887, -26.681938355584219 ], [ -52.906908414454492, -26.695312222946502 ], [ -52.88603169947514, -26.705502220004963 ], [ -52.903713608761464, -26.70588912070011 ], [ -52.887486024288918, -26.716690098439656 ], [ -52.913442914987634, -26.717567073348661 ], [ -52.910389376213004, -26.731453584132012 ], [ -52.903613997472846, -26.729008049321433 ], [ -52.897059574681982, -26.741248620064177 ], [ -52.91531741832793, -26.747282658822254 ], [ -52.908092883231845, -26.758377036255624 ], [ -52.923501844023406, -26.760941865447208 ], [ -52.913100614377669, -26.77177830908381 ], [ -52.925405325193118, -26.773696691697253 ], [ -52.917610289080415, -26.782863013999801 ], [ -52.954863099908067, -26.762055817031989 ], [ -52.954683799588558, -26.75230914368672 ], [ -52.969131058666399, -26.751309650224254 ], [ -52.971101551066639, -26.735330651514641 ], [ -52.981591525314961, -26.739859001734104 ], [ -52.992367655628762, -26.703203385041292 ], [ -52.979459843738603, -26.699655183249536 ], [ -52.994374370315768, -26.678378869188858 ], [ -52.985838588438632, -26.676333131763265 ], [ -52.994495714976445, -26.666530035399951 ], [ -52.985298876365775, -26.658930660912752 ], [ -52.995288983056682, -26.655405028328218 ], [ -53.000244191886694, -26.6398371116072 ], [ -52.940740030296809, -26.614030835240829 ], [ -52.935610954490308, -26.649388722518665 ], [ -52.922721253743532, -26.653049770346502 ], [ -52.92921228753255, -26.659617409646639 ], [ -52.922089174839414, -26.664900216221639 ], [ -52.917720767055059, -26.656159484683755 ], [ -52.907143859318495, -26.657908598243068 ], [ -52.919830715259359, -26.672531832433435 ] ] ] } },
{ "type": "Feature", "properties": { "id": null, "CD_MUN": "4217808", "NM_MUN": "Taió", "SIGLA_UF": "SC", "AREA_KM2": 693.847 }, "geometry": { "type": "Polygon", "coordinates": [ [ [ -50.067608166031981, -27.03293144205001 ], [ -50.052548750307736, -27.028785156267006 ], [ -50.048252787096928, -27.047780368312544 ], [ -49.976496437007398, -27.046624502485788 ], [ -49.975681435555096, -27.010347726056978 ], [ -49.960238063591106, -27.010523443456023 ], [ -49.960120341159104, -27.002603263809096 ], [ -49.946622105994614, -27.002703213155343 ], [ -49.946305160985382, -26.99471048962808 ], [ -49.871283371743623, -27.002111577509012 ], [ -49.898739865114578, -27.103261927996765 ], [ -49.89041055027203, -27.142969223922556 ], [ -49.901369603134015, -27.151218269160356 ], [ -49.900978402436905, -27.137296292479949 ], [ -49.909041483471704, -27.151724464236509 ], [ -49.91540755037137, -27.145184230402279 ], [ -49.941297429839558, -27.214384643901955 ], [ -49.965144372333974, -27.196216432092296 ], [ -50.003802607888261, -27.212964395933515 ], [ -49.992052098060377, -27.189735845448567 ], [ -50.004537920309673, -27.173535990925476 ], [ -50.046452539444502, -27.169417110608379 ], [ -50.050922369631806, -27.176428073621707 ], [ -50.064301071249965, -27.148680845434679 ], [ -50.105121777324364, -27.147928001165369 ], [ -50.147550752931316, -27.133140334179568 ], [ -50.167914922552882, -27.149522354446624 ], [ -50.226084292875335, -27.15141171950793 ], [ -50.250076124516823, -27.099821735982406 ], [ -50.284087040678642, -27.093674851188243 ], [ -50.288790504615605, -27.108040151581843 ], [ -50.301002848599801, -27.110210019647131 ], [ -50.314810784316165, -27.089775214598397 ], [ -50.311280922470523, -27.067773461734316 ], [ -50.332197481965316, -27.061520179248987 ], [ -50.316641820912345, -27.054070728781159 ], [ -50.323127421358343, -27.044199924796196 ], [ -50.313907038261277, -27.033792296096713 ], [ -50.319517870481803, -27.015454815232928 ], [ -50.316835610146555, -27.00778450895162 ], [ -50.307568138076689, -27.010168784485472 ], [ -50.309167352037548, -26.993050040811401 ], [ -50.29158686515418, -26.988660330007701 ], [ -50.291606787411901, -26.969913379241554 ], [ -50.235675954411782, -26.985887541692474 ], [ -50.177262083653645, -26.9820620610692 ], [ -50.104926176975809, -26.990077353803681 ], [ -50.099905768029622, -26.996735269932685 ], [ -50.112195989930363, -27.00296114695211 ], [ -50.102356205729549, -27.00913221303972 ], [ -50.115975785554717, -27.014611694134754 ], [ -50.067608166031981, -27.03293144205001 ] ] ] } },
{ "type": "Feature", "properties": { "id": null, "CD_MUN": "4217907", "NM_MUN": "Tangará", "SIGLA_UF": "SC", "AREA_KM2": 390.044 }, "geometry": { "type": "Polygon", "coordinates": [ [ [ -51.203792635117367, -27.078538973576809 ], [ -51.142785248626559, -27.098606222965152 ], [ -51.141253045896228, -27.114270864859954 ], [ -51.129002668510928, -27.112984420048587 ], [ -51.135720091592255, -27.10938946775617 ], [ -51.129484424924961, -27.098306374926409 ], [ -51.121079043280197, -27.104298499442514 ], [ -51.114615176206257, -27.096402501089038 ], [ -51.10786515306684, -27.102633214367149 ], [ -51.087924784200467, -27.095459430644613 ], [ -51.099544893795986, -27.111504524889646 ], [ -51.082449785555319, -27.125028316271298 ], [ -51.069321017715872, -27.12433995545118 ], [ -51.078747867847525, -27.117985111533375 ], [ -51.076730286474486, -27.110970924347587 ], [ -51.063635929807468, -27.116829245706619 ], [ -51.066778213184683, -27.107147055810543 ], [ -51.050335106105862, -27.09720854420393 ], [ -51.052403398680383, -27.106790784753759 ], [ -51.032760052565514, -27.109344329341738 ], [ -51.043269949071558, -27.1207143735204 ], [ -51.033366775868892, -27.118247881588829 ], [ -51.023637469642722, -27.127881708898016 ], [ -51.019111494910931, -27.119697147109406 ], [ -51.007274051594798, -27.120262989376059 ], [ -50.997417967364932, -27.138295785942415 ], [ -50.986723337196366, -27.13164431815833 ], [ -50.953311899880575, -27.132785675209014 ], [ -50.944011827752618, -27.12084817667747 ], [ -50.929796391310099, -27.118931406150256 ], [ -50.960505646032914, -27.154569796432078 ], [ -51.010586579719828, -27.174003495932112 ], [ -51.025859706936004, -27.195039609144555 ], [ -51.025729306703639, -27.22073787573353 ], [ -51.036998060117497, -27.236088160813527 ], [ -51.0814409948688, -27.25385012689328 ], [ -51.111594237489712, -27.240545579238876 ], [ -51.131148839001995, -27.218456773718387 ], [ -51.153764223746265, -27.220341302521003 ], [ -51.174173671226299, -27.205368245618775 ], [ -51.194085062263255, -27.170487535864957 ], [ -51.211015359099115, -27.159252906929595 ], [ -51.228708135071471, -27.162235266454694 ], [ -51.233397110093726, -27.138939008348096 ], [ -51.259670945801666, -27.136649845901804 ], [ -51.295291942610369, -27.161866098708074 ], [ -51.332302064116668, -27.146090222863418 ], [ -51.337963607538676, -27.132155349493171 ], [ -51.319731119493461, -27.077392780267431 ], [ -51.298166181065497, -27.067991093375337 ], [ -51.298320125784265, -27.055276569281034 ], [ -51.289369598723631, -27.048413918200847 ], [ -51.271410588943525, -27.067096385517807 ], [ -51.252344988302625, -27.062363300347162 ], [ -51.246895345258217, -27.06945003141329 ], [ -51.213393352225509, -27.068419908312457 ], [ -51.203792635117367, -27.078538973576809 ] ] ] } },
{ "type": "Feature", "properties": { "id": null, "CD_MUN": "4217956", "NM_MUN": "Tigrinhos", "SIGLA_UF": "SC", "AREA_KM2": 56.962 }, "geometry": { "type": "Polygon", "coordinates": [ [ [ -53.136577634828114, -26.639575953637976 ], [ -53.126237983069885, -26.655206741721955 ], [ -53.128143275353935, -26.665527317765026 ], [ -53.111401334409273, -26.680108637713417 ], [ -53.13058827971085, -26.711681346523722 ], [ -53.128355175731535, -26.720633261357708 ], [ -53.139875674038436, -26.72553239141002 ], [ -53.161878902136309, -26.713999526522148 ], [ -53.166249121034994, -26.718168381512371 ], [ -53.178166253382024, -26.691020849402818 ], [ -53.193542614115493, -26.698707276546426 ], [ -53.188103837757119, -26.662594932913052 ], [ -53.205142801453285, -26.642327784832215 ], [ -53.201879173415392, -26.633098591166707 ], [ -53.198517745203226, -26.641333127628439 ], [ -53.17424700195361, -26.632600456521704 ], [ -53.16627809886441, -26.637934849856055 ], [ -53.163061559799317, -26.631094767983086 ], [ -53.158289273517497, -26.637897771872773 ], [ -53.136577634828114, -26.639575953637976 ] ] ] } },
{ "type": "Feature", "properties": { "id": null, "CD_MUN": "4218004", "NM_MUN": "Tijucas", "SIGLA_UF": "SC", "AREA_KM2": 279.159 }, "geometry": { "type": "Polygon", "coordinates": [ [ [ -48.690031133460167, -27.141390991503599 ], [ -48.680271038290236, -27.165649665089376 ], [ -48.692186359522921, -27.168619127924636 ], [ -48.686245904492793, -27.172883096002415 ], [ -48.689978611144348, -27.185504119095388 ], [ -48.669045751620502, -27.20103334574689 ], [ -48.667238259510725, -27.212703237964291 ], [ -48.604381725280362, -27.212292155975696 ], [ -48.615467556146037, -27.271683024767142 ], [ -48.594813608230311, -27.316139526725873 ], [ -48.636603260475788, -27.327430578679277 ], [ -48.653846880092203, -27.320643695651889 ], [ -48.661350326796416, -27.325562170738955 ], [ -48.658898077982151, -27.343419249906265 ], [ -48.666899581129435, -27.348381251321538 ], [ -48.688491686272478, -27.341945803092244 ], [ -48.705662861315353, -27.354900528034783 ], [ -48.731485729553022, -27.340728677988757 ], [ -48.793079917089486, -27.353705972138513 ], [ -48.741354491583259, -27.303474977304695 ], [ -48.73981504439557, -27.289432094157053 ], [ -48.700149829269101, -27.267009586786997 ], [ -48.715346889683062, -27.26074985595675 ], [ -48.715964479672479, -27.266374424812465 ], [ -48.729939037907982, -27.263311460975878 ], [ -48.742305326610946, -27.270894714600779 ], [ -48.748810849314673, -27.232973610217584 ], [ -48.763707264748447, -27.229460874322889 ], [ -48.772261157768966, -27.211771452123475 ], [ -48.802570156222984, -27.194243238547042 ], [ -48.797493602732303, -27.178165902577415 ], [ -48.804307014873558, -27.17438394828234 ], [ -48.794095952233363, -27.161548517720806 ], [ -48.799389839444657, -27.155114681577743 ], [ -48.778265001800939, -27.15164708409748 ], [ -48.770828566327246, -27.134336502162068 ], [ -48.756272640389099, -27.134450960284383 ], [ -48.749491828305928, -27.148276211791003 ], [ -48.690031133460167, -27.141390991503599 ] ] ] } },
{ "type": "Feature", "properties": { "id": null, "CD_MUN": "4218103", "NM_MUN": "Timbé do Sul", "SIGLA_UF": "SC", "AREA_KM2": 328.507 }, "geometry": { "type": "Polygon", "coordinates": [ [ [ -49.847613918454378, -28.703789499512482 ], [ -49.823238130573131, -28.720837311392437 ], [ -49.798549019911334, -28.713813451689273 ], [ -49.798775409203643, -28.751853850453468 ], [ -49.779516019328526, -28.757984614385332 ], [ -49.767722042756517, -28.780342638306198 ], [ -49.732649813592367, -28.804119298109271 ], [ -49.749201587531495, -28.831407081720812 ], [ -49.896120993781174, -28.889854880067833 ], [ -49.93046515498127, -28.921076154080048 ], [ -49.949181210554848, -28.924563096595069 ], [ -49.944981236403976, -28.941664107320609 ], [ -49.955436799479862, -28.939729603844867 ], [ -49.955721144431003, -28.94887819319889 ], [ -49.959788907235165, -28.935589766406785 ], [ -49.954326586390394, -28.928983437037132 ], [ -49.949568789023274, -28.935649413597286 ], [ -49.950856491317914, -28.926911906231862 ], [ -49.968724945381098, -28.922051466249066 ], [ -49.949595955738353, -28.897966897976104 ], [ -49.950425446105363, -28.886928943560779 ], [ -49.932107835686246, -28.872202535851706 ], [ -49.950526868508319, -28.880586996332809 ], [ -49.951532036966157, -28.870392163015662 ], [ -49.969869569643002, -28.876492297309159 ], [ -49.956005489382136, -28.858835116834346 ], [ -49.962389667425185, -28.852417401553577 ], [ -49.957818414834932, -28.829101798412221 ], [ -49.966144107448798, -28.821328318612206 ], [ -49.962702990205742, -28.799110546193333 ], [ -49.950557657452073, -28.802117087011879 ], [ -49.961331976651529, -28.772180645724806 ], [ -49.951110047325301, -28.766664086646486 ], [ -49.949543433422534, -28.752416468547661 ], [ -49.92759272764048, -28.753767396808222 ], [ -49.921742828327275, -28.745542532863865 ], [ -49.934677806932513, -28.725676794254248 ], [ -49.90608393375701, -28.707673015240029 ], [ -49.913658013920418, -28.724477402099289 ], [ -49.881766101534595, -28.718933437555066 ], [ -49.89573160419841, -28.739271517430009 ], [ -49.886583665674877, -28.739595546762196 ], [ -49.888382102212965, -28.746664544879795 ], [ -49.874646611070133, -28.744480168038439 ], [ -49.883318226522647, -28.737699733355971 ], [ -49.86801974370573, -28.721957711322137 ], [ -49.87503418953856, -28.722533226106169 ], [ -49.869378079459572, -28.701015099111022 ], [ -49.847613918454378, -28.703789499512482 ] ] ] } },
{ "type": "Feature", "properties": { "id": null, "CD_MUN": "4218202", "NM_MUN": "Timbó", "SIGLA_UF": "SC", "AREA_KM2": 128.313 }, "geometry": { "type": "Polygon", "coordinates": [ [ [ -49.214011867175486, -26.755218959331479 ], [ -49.204987084426968, -26.758768773209461 ], [ -49.208295990323322, -26.770730453034453 ], [ -49.195350145032059, -26.792232459167302 ], [ -49.21008174906104, -26.805546679339081 ], [ -49.201493444868092, -26.822007691831399 ], [ -49.254789106505761, -26.870658842160026 ], [ -49.263241577123324, -26.867892502189719 ], [ -49.284714148720028, -26.880708587716494 ], [ -49.310350472180836, -26.827685459532695 ], [ -49.324245341385456, -26.821303210148983 ], [ -49.333333513135813, -26.799733496394481 ], [ -49.328590204683401, -26.785040942496238 ], [ -49.334061581099874, -26.775029887009282 ], [ -49.328421771049925, -26.773055081377798 ], [ -49.338739689436096, -26.756307117536579 ], [ -49.335164549731985, -26.746304122480776 ], [ -49.224027329467134, -26.773006718790906 ], [ -49.214011867175486, -26.755218959331479 ] ] ] } },
{ "type": "Feature", "properties": { "id": null, "CD_MUN": "4218251", "NM_MUN": "Timbó Grande", "SIGLA_UF": "SC", "AREA_KM2": 596.344 }, "geometry": { "type": "Polygon", "coordinates": [ [ [ -50.529357199963698, -26.6086110013363 ], [ -50.51510191900573, -26.63990320714262 ], [ -50.507491616555555, -26.635781102653066 ], [ -50.487772203638471, -26.645021580922183 ], [ -50.512676836906543, -26.681572412010059 ], [ -50.512941259599955, -26.695025271597601 ], [ -50.505490335211562, -26.695496000776696 ], [ -50.516445765844864, -26.715410101973209 ], [ -50.49393180350355, -26.759262071595774 ], [ -50.500221803601001, -26.771073827401395 ], [ -50.524356713275232, -26.774536588622972 ], [ -50.528951510351888, -26.782092436781966 ], [ -50.549002357192904, -26.766919481187244 ], [ -50.561596846302507, -26.770920679209567 ], [ -50.573609967709473, -26.75557361830203 ], [ -50.584034741841613, -26.755198002210491 ], [ -50.59089886518435, -26.739223839759568 ], [ -50.60322893160054, -26.740133056393166 ], [ -50.63574748954747, -26.713285372322353 ], [ -50.649539125234796, -26.713420787565656 ], [ -50.653270020772005, -26.685800914190779 ], [ -50.6759288722604, -26.661884002885717 ], [ -50.702477997347785, -26.660613678936645 ], [ -50.703925077704213, -26.674372834907846 ], [ -50.718497303671413, -26.676334743849495 ], [ -50.720147228833738, -26.687306602729397 ], [ -50.749965415302036, -26.681607877907116 ], [ -50.756508971406873, -26.692265379972213 ], [ -50.783146841096844, -26.682372006780032 ], [ -50.808745131156542, -26.6527789398599 ], [ -50.855995293132459, -26.560596625068435 ], [ -50.820540918842894, -26.544019542367572 ], [ -50.800998995130982, -26.507607350695459 ], [ -50.739643874687189, -26.524751887749204 ], [ -50.697939344815623, -26.499277701146166 ], [ -50.66801973594437, -26.498544201911617 ], [ -50.654726156700121, -26.512720888216329 ], [ -50.64106311013083, -26.512167942639515 ], [ -50.630748813973341, -26.533608689495633 ], [ -50.603995032965706, -26.541986701631814 ], [ -50.59784086644364, -26.567912272379189 ], [ -50.561796068879737, -26.594095776923329 ], [ -50.579180955414557, -26.603175046569469 ], [ -50.529357199963698, -26.6086110013363 ] ] ] } },
{ "type": "Feature", "properties": { "id": null, "CD_MUN": "4218301", "NM_MUN": "Três Barras", "SIGLA_UF": "SC", "AREA_KM2": 436.496 }, "geometry": { "type": "Polygon", "coordinates": [ [ [ -50.189758772588974, -26.069987198586034 ], [ -50.207656204481566, -26.084641062414764 ], [ -50.189726172530882, -26.090494547515107 ], [ -50.180628945208831, -26.11716490210064 ], [ -50.167313632592517, -26.116491050056592 ], [ -50.172113085589416, -26.131907430672008 ], [ -50.167780900091842, -26.134660873952477 ], [ -50.166944165267473, -26.125813744723427 ], [ -50.164303560562011, -26.124190373890038 ], [ -50.153969342146794, -26.136224597595369 ], [ -50.160779132059375, -26.143794954530431 ], [ -50.145415449126276, -26.151810247264912 ], [ -50.143108089459091, -26.167929497476514 ], [ -50.127347772485862, -26.16417656073358 ], [ -50.136298299546503, -26.174352049015972 ], [ -50.124810401297694, -26.202906932404122 ], [ -50.14376009062093, -26.200127695743976 ], [ -50.162878213577642, -26.215694000378765 ], [ -50.188032780624425, -26.216944979293075 ], [ -50.182298792628885, -26.239254640627045 ], [ -50.187413379520677, -26.270646795779616 ], [ -50.208737439741626, -26.286438792486571 ], [ -50.28497810893316, -26.308279336727676 ], [ -50.287102546052168, -26.292453486209894 ], [ -50.29899975614147, -26.280561126092785 ], [ -50.296303006891513, -26.264583739469401 ], [ -50.303520297530248, -26.258116049515511 ], [ -50.316989554865323, -26.267919145878821 ], [ -50.323629100030097, -26.238353484424596 ], [ -50.336040666591515, -26.236369006275734 ], [ -50.325039958099751, -26.224426671485499 ], [ -50.323955100611016, -26.207999512804008 ], [ -50.355825279624781, -26.203401842876666 ], [ -50.357603793905142, -26.168617858296635 ], [ -50.347285875518978, -26.153818906707222 ], [ -50.37627276050592, -26.154776485927716 ], [ -50.383732740466016, -26.167134738965231 ], [ -50.389966596018972, -26.168232569687717 ], [ -50.380849446439193, -26.161955105908937 ], [ -50.388809293956697, -26.151155740255621 ], [ -50.379998222700124, -26.123287605601359 ], [ -50.373134099357387, -26.115277149125564 ], [ -50.359789808911657, -26.125410723165981 ], [ -50.361097433464025, -26.10980411637545 ], [ -50.340356552060051, -26.130778970311162 ], [ -50.322247219789858, -26.134419061018011 ], [ -50.321942952580997, -26.125747649188007 ], [ -50.333898118329131, -26.12512054764462 ], [ -50.324817191036125, -26.122072092584101 ], [ -50.332527104774918, -26.107721300966571 ], [ -50.332556082604334, -26.099314271278253 ], [ -50.325132324931012, -26.097871454102595 ], [ -50.331733836694674, -26.083420713138818 ], [ -50.298014509941346, -26.05431772043254 ], [ -50.287390513231983, -26.055808900195089 ], [ -50.267283521846473, -26.042618810663004 ], [ -50.251793060909677, -26.051443370684837 ], [ -50.251222559893066, -26.030473353007817 ], [ -50.236338822259654, -26.035461147802767 ], [ -50.224428934369982, -26.060364655880459 ], [ -50.209738985970787, -26.056729401432296 ], [ -50.189758772588974, -26.069987198586034 ] ] ] } },
{ "type": "Feature", "properties": { "id": null, "CD_MUN": "4218350", "NM_MUN": "Treviso", "SIGLA_UF": "SC", "AREA_KM2": 156.61 }, "geometry": { "type": "Polygon", "coordinates": [ [ [ -49.427953370633972, -28.458902316604792 ], [ -49.421953148830681, -28.536627442087564 ], [ -49.445586379833159, -28.563286512069489 ], [ -49.464635680445014, -28.55875493767757 ], [ -49.466146149803279, -28.571574247376805 ], [ -49.481172965469426, -28.583429529510632 ], [ -49.487607854713957, -28.552638682521771 ], [ -49.527256769811373, -28.551073346792652 ], [ -49.530621820252222, -28.539795191529088 ], [ -49.568896099566757, -28.510943684274658 ], [ -49.566293528262406, -28.498156616300015 ], [ -49.554186228909842, -28.494930831754221 ], [ -49.548128051447712, -28.483867083959218 ], [ -49.56265499955645, -28.467802644679427 ], [ -49.550471633401671, -28.451954224954427 ], [ -49.544600000716407, -28.454962377859204 ], [ -49.548828952696695, -28.448834838099799 ], [ -49.541383461651314, -28.436876382447267 ], [ -49.476330045728403, -28.4436713259058 ], [ -49.468261531350592, -28.437493811473271 ], [ -49.427953370633972, -28.458902316604792 ] ] ] } },
{ "type": "Feature", "properties": { "id": null, "CD_MUN": "4218400", "NM_MUN": "Treze de Maio", "SIGLA_UF": "SC", "AREA_KM2": 159.833 }, "geometry": { "type": "Polygon", "coordinates": [ [ [ -49.030105883905904, -28.54990458427606 ], [ -49.181616465003565, -28.641227657107052 ], [ -49.19653642492375, -28.634306970922591 ], [ -49.203954749254052, -28.614259066569009 ], [ -49.243370030601817, -28.589761804221222 ], [ -49.180189306904865, -28.498098581195745 ], [ -49.178309370221555, -28.512193051102738 ], [ -49.164269611869862, -28.500779480595874 ], [ -49.133107578562431, -28.499019082432952 ], [ -49.055162650778406, -28.559222442684206 ], [ -49.030105883905904, -28.54990458427606 ] ] ] } },
{ "type": "Feature", "properties": { "id": null, "CD_MUN": "4218509", "NM_MUN": "Treze Tílias", "SIGLA_UF": "SC", "AREA_KM2": 185.937 }, "geometry": { "type": "Polygon", "coordinates": [ [ [ -51.406056073321508, -26.943096324809108 ], [ -51.407907032175409, -26.954496998626134 ], [ -51.401649632136049, -26.95251574464973 ], [ -51.395401287668385, -26.969868240827118 ], [ -51.381653118725183, -26.96895902419352 ], [ -51.380781972728386, -26.979629422948456 ], [ -51.369545819372625, -26.984298024669908 ], [ -51.349565605990804, -26.982290977313827 ], [ -51.352584733593005, -26.987568947630137 ], [ -51.340207578204016, -26.997475217512157 ], [ -51.351909187944763, -27.003065932557046 ], [ -51.336911350108032, -27.005650106783389 ], [ -51.345233420493223, -27.014403735011111 ], [ -51.333562599696229, -27.021226083935552 ], [ -51.348328614897639, -27.035135163926125 ], [ -51.341792303250166, -27.038391578110286 ], [ -51.42073515503467, -27.039129913603528 ], [ -51.462233217871656, -27.027688937630757 ], [ -51.450960842229122, -27.018392036343595 ], [ -51.454921749287323, -27.012061373719234 ], [ -51.472467824998255, -27.012095227530061 ], [ -51.493956696624004, -26.994554117263789 ], [ -51.489447021921258, -26.989237456877966 ], [ -51.507643287679699, -26.960147360861527 ], [ -51.514681277998932, -26.963429568425365 ], [ -51.534288401827027, -26.948899835236329 ], [ -51.540857313532598, -26.935151963868737 ], [ -51.529889205098925, -26.879454384629724 ], [ -51.510383503673779, -26.838617016256855 ], [ -51.49480792036308, -26.845639263873792 ], [ -51.487701107698989, -26.859361341861707 ], [ -51.49414324140087, -26.866277191787475 ], [ -51.478591202576567, -26.898053023462733 ], [ -51.477450200543345, -26.926970626252587 ], [ -51.449669517705807, -26.929509662064493 ], [ -51.445762944077757, -26.936776946788356 ], [ -51.439032843196067, -26.929056665833926 ], [ -51.436810605902785, -26.93987860069446 ], [ -51.406056073321508, -26.943096324809108 ] ] ] } },
{ "type": "Feature", "properties": { "id": null, "CD_MUN": "4218608", "NM_MUN": "Trombudo Central", "SIGLA_UF": "SC", "AREA_KM2": 109.648 }, "geometry": { "type": "Polygon", "coordinates": [ [ [ -49.778333361665517, -27.252041366143462 ], [ -49.77957216387302, -27.26276173957152 ], [ -49.757836980697242, -27.269708219135655 ], [ -49.752740504948832, -27.279738619657369 ], [ -49.761555198434081, -27.28299180966907 ], [ -49.758691826664986, -27.312223769273729 ], [ -49.771358760348136, -27.339161730173409 ], [ -49.763924135988781, -27.347307601892503 ], [ -49.766667974211536, -27.374724352402428 ], [ -49.807595536031911, -27.354874734655105 ], [ -49.82491703356488, -27.357612057073279 ], [ -49.835339996582675, -27.34762840705223 ], [ -49.851080391298176, -27.356722185474439 ], [ -49.864593115377374, -27.378285450884018 ], [ -49.871984272992606, -27.349972380430334 ], [ -49.848600975768832, -27.326917935258205 ], [ -49.863202179565448, -27.320472814511533 ], [ -49.86555843931977, -27.311243620846021 ], [ -49.885419119155252, -27.306196178860571 ], [ -49.856846979351815, -27.278211973997763 ], [ -49.829269141320182, -27.263782190154974 ], [ -49.812190333108568, -27.266205155758335 ], [ -49.802263615419506, -27.248288429400525 ], [ -49.778333361665517, -27.252041366143462 ] ] ] } },
{ "type": "Feature", "properties": { "id": null, "CD_MUN": "4218707", "NM_MUN": "Tubarão", "SIGLA_UF": "SC", "AREA_KM2": 301.485 }, "geometry": { "type": "Polygon", "coordinates": [ [ [ -48.979043326247549, -28.421964584821769 ], [ -48.967653228173013, -28.433405560794544 ], [ -48.967631494800955, -28.444691776489254 ], [ -48.985912882933306, -28.459846999135447 ], [ -48.974734685236371, -28.463069559508785 ], [ -48.975462753200425, -28.47090591067176 ], [ -48.951702744194257, -28.487926317085812 ], [ -48.942726861532883, -28.50580596546034 ], [ -48.902145222551155, -28.531726699949022 ], [ -48.945041465657425, -28.594398164218077 ], [ -48.970929534011276, -28.573452327834502 ], [ -48.963851699176601, -28.562482081040827 ], [ -48.96778000617671, -28.555155149126463 ], [ -48.99684114685153, -28.557429802796687 ], [ -49.018603496742386, -28.533480649767029 ], [ -49.030105883905904, -28.54990458427606 ], [ -49.055162650778406, -28.559222442684206 ], [ -49.134491269917007, -28.498458076424985 ], [ -49.181743243007261, -28.508733514053624 ], [ -49.180189306904865, -28.498098581195745 ], [ -49.143490697064784, -28.47417522154576 ], [ -49.122173881301187, -28.474676580363223 ], [ -49.124397929708806, -28.454312707108603 ], [ -49.112156607895201, -28.442631530287592 ], [ -49.123472450281859, -28.420192902055238 ], [ -49.138013887305299, -28.410102854343023 ], [ -49.101418510982512, -28.362688174152641 ], [ -49.070537200397538, -28.396690296911228 ], [ -49.063718354913263, -28.391278523437848 ], [ -49.045141755143746, -28.403970478324929 ], [ -49.025335408738421, -28.397285156730018 ], [ -49.010708849341071, -28.416881676939262 ], [ -48.979043326247549, -28.421964584821769 ] ] ] } },
{ "type": "Feature", "properties": { "id": null, "CD_MUN": "4218756", "NM_MUN": "Tunápolis", "SIGLA_UF": "SC", "AREA_KM2": 132.939 }, "geometry": { "type": "Polygon", "coordinates": [ [ [ -53.709362466621741, -26.933970304662306 ], [ -53.63573523542059, -26.953416900852179 ], [ -53.582763763249503, -26.953218614245916 ], [ -53.590290754440119, -26.965446288298821 ], [ -53.573867569619026, -26.961029172029217 ], [ -53.555410503395841, -26.96889454074433 ], [ -53.551016740010759, -26.979529473602209 ], [ -53.559250065793364, -26.992753416945121 ], [ -53.605723259718083, -27.015596678821151 ], [ -53.610354279081506, -27.0256399760327 ], [ -53.62360439158163, -27.018562917483951 ], [ -53.622237000256099, -27.033616578697668 ], [ -53.637086326717082, -27.044306322487362 ], [ -53.677023208994314, -27.028074226239674 ], [ -53.685542690842404, -27.037293747387803 ], [ -53.678973779136832, -27.044473979455258 ], [ -53.691441490242745, -27.045557301401672 ], [ -53.704374657733638, -27.011142484568261 ], [ -53.72262163469356, -27.009301482093846 ], [ -53.744184762007187, -26.992482586458518 ], [ -53.718019593159546, -26.989874230938728 ], [ -53.737543405728076, -26.974444953633473 ], [ -53.726729242013171, -26.959105953157085 ], [ -53.712419627625053, -26.965473693764729 ], [ -53.703076088752965, -26.959380007816147 ], [ -53.709362466621741, -26.933970304662306 ] ] ] } },
{ "type": "Feature", "properties": { "id": null, "CD_MUN": "4218806", "NM_MUN": "Turvo", "SIGLA_UF": "SC", "AREA_KM2": 235.104 }, "geometry": { "type": "Polygon", "coordinates": [ [ [ -49.702873282753856, -28.843978130140663 ], [ -49.659214560511096, -28.886425972657086 ], [ -49.641040028124714, -28.887141738943107 ], [ -49.638939135492109, -28.900104524316795 ], [ -49.578676116994409, -28.910581472724157 ], [ -49.551829969155513, -28.900460795373579 ], [ -49.533852848232023, -28.917300648129896 ], [ -49.547093905160459, -28.926346063965209 ], [ -49.571513159785823, -28.924337404522898 ], [ -49.568887043995069, -28.934479038994464 ], [ -49.579094484406589, -28.930608419956755 ], [ -49.582160700981596, -28.938364166808242 ], [ -49.602830948926361, -28.940746830255861 ], [ -49.605761331925983, -28.952339342334234 ], [ -49.622371061523936, -28.955956863833869 ], [ -49.635632040710092, -28.948036684186942 ], [ -49.648047229500193, -28.958827989409112 ], [ -49.637499299593038, -28.972972433989231 ], [ -49.649325876223138, -28.972675810122951 ], [ -49.655905654614742, -28.984147415734085 ], [ -49.69514706898601, -28.966090437874286 ], [ -49.703403939255018, -28.970657478163261 ], [ -49.739948604376337, -28.961239670408865 ], [ -49.74694312795144, -28.95161712770329 ], [ -49.766754907699784, -28.946358502421738 ], [ -49.771302615803641, -28.938770412538148 ], [ -49.762009788133035, -28.917047550591818 ], [ -49.808482982057754, -28.894892649535908 ], [ -49.809412083713376, -28.887236852030668 ], [ -49.828006794626276, -28.891863539510144 ], [ -49.839393270472137, -28.882116866164875 ], [ -49.867751698783643, -28.880011481548777 ], [ -49.749201587531495, -28.831407081720812 ], [ -49.732649813592367, -28.804119298109271 ], [ -49.723099807685699, -28.807237072877673 ], [ -49.702873282753856, -28.843978130140663 ] ] ] } },
{ "type": "Feature", "properties": { "id": null, "CD_MUN": "4218855", "NM_MUN": "União do Oeste", "SIGLA_UF": "SC", "AREA_KM2": 92.857 }, "geometry": { "type": "Polygon", "coordinates": [ [ [ -52.791663586870023, -26.789187228279239 ], [ -52.80548782261544, -26.796722119317248 ], [ -52.804799599166827, -26.830671043230254 ], [ -52.834097995819988, -26.835558888678957 ], [ -52.852721684562304, -26.810458706081231 ], [ -52.876061515041954, -26.797139649650759 ], [ -52.892133343681394, -26.807492467418427 ], [ -52.895188693570361, -26.822534844028539 ], [ -52.919032013836102, -26.846425961953926 ], [ -52.929761055177103, -26.833334209681855 ], [ -52.91409491614948, -26.824790152664004 ], [ -52.904269620863367, -26.81173064211653 ], [ -52.915507585333472, -26.820432683584901 ], [ -52.917552333421582, -26.801961399564043 ], [ -52.9438388469299, -26.795377639401607 ], [ -52.928918887009722, -26.797939244420732 ], [ -52.926169615443946, -26.789440325817317 ], [ -52.941335886914153, -26.776272805492447 ], [ -52.912162457150345, -26.782769512998474 ], [ -52.878886853409945, -26.754248483421147 ], [ -52.874703179288119, -26.740539302123072 ], [ -52.859250751752434, -26.74702150085303 ], [ -52.817209354613908, -26.733966826564245 ], [ -52.802910606911823, -26.750318217192937 ], [ -52.802483183927947, -26.775505452447071 ], [ -52.791663586870023, -26.789187228279239 ] ] ] } },
{ "type": "Feature", "properties": { "id": null, "CD_MUN": "4218905", "NM_MUN": "Urubici", "SIGLA_UF": "SC", "AREA_KM2": 1021.371 }, "geometry": { "type": "Polygon", "coordinates": [ [ [ -49.299391419318859, -27.901710504659885 ], [ -49.309635082017152, -27.933012382983588 ], [ -49.308836380593888, -27.971199481594695 ], [ -49.31779415211188, -27.983490027010561 ], [ -49.338902689726559, -27.987378378996798 ], [ -49.353297426488588, -28.000974714258792 ], [ -49.347065382049969, -28.005235458164108 ], [ -49.353672327156644, -28.026585928191356 ], [ -49.371088002635211, -28.045597261099193 ], [ -49.367588929733323, -28.06220013717973 ], [ -49.391510127915616, -28.068253520972565 ], [ -49.39657762583461, -28.081140538293454 ], [ -49.404055716938082, -28.080281296332977 ], [ -49.40108367830868, -28.0983447225377 ], [ -49.388558011543935, -28.100756403537456 ], [ -49.392877519241146, -28.11181047881508 ], [ -49.432303667274937, -28.113852992068214 ], [ -49.44035769273804, -28.13277082397472 ], [ -49.453680249811704, -28.139352972050926 ], [ -49.475493310904042, -28.135008399661661 ], [ -49.470532668731018, -28.126951192685205 ], [ -49.480318119501682, -28.118842398949393 ], [ -49.51042246203545, -28.128008721251941 ], [ -49.543015275670257, -28.125935578360441 ], [ -49.562211276543529, -28.116026084305961 ], [ -49.576243790437864, -28.131282868384631 ], [ -49.57774701533878, -28.150129768497028 ], [ -49.609349149430457, -28.163834113536414 ], [ -49.634058182349975, -28.159373470938604 ], [ -49.660127362137672, -28.185545690879135 ], [ -49.669541534468955, -28.184804131213436 ], [ -49.665955528078818, -28.214116695129583 ], [ -49.671930394281375, -28.230875943574411 ], [ -49.721136559742817, -28.182505296249765 ], [ -49.735366485100045, -28.181363939199077 ], [ -49.759704239580188, -28.152923513933242 ], [ -49.777331815436355, -28.14482600480104 ], [ -49.785112362634351, -28.127629880987943 ], [ -49.794618901796888, -28.125953311308969 ], [ -49.792655653854005, -28.110902874267712 ], [ -49.828363584150956, -28.119040685555657 ], [ -49.825451312294724, -28.109809879803919 ], [ -49.853425784366472, -28.109784086424241 ], [ -49.838998447546352, -28.085193323075128 ], [ -49.822591562754305, -28.078746590242226 ], [ -49.810386463227466, -28.054800661385023 ], [ -49.79040262761697, -28.047170657259461 ], [ -49.770739359244381, -28.024248403158172 ], [ -49.752999494299232, -28.033442130926627 ], [ -49.726707547447901, -28.024720744423497 ], [ -49.715703216727462, -28.028746123739268 ], [ -49.710235462539664, -28.005077473713587 ], [ -49.716717440756995, -27.949936064223852 ], [ -49.701715980691581, -27.916956004134946 ], [ -49.579474818417665, -27.89878779232529 ], [ -49.557281423314258, -27.911518437281888 ], [ -49.519545044958242, -27.914840947001473 ], [ -49.492698897119347, -27.932312737559862 ], [ -49.466591683930538, -27.927378141610497 ], [ -49.437280609477007, -27.942038453784143 ], [ -49.42544497727522, -27.935343459671856 ], [ -49.414145434917607, -27.953152176252271 ], [ -49.380801008832336, -27.942941222072822 ], [ -49.358124046200565, -27.923742887162334 ], [ -49.328749582745189, -27.924157193323389 ], [ -49.317670996336865, -27.903733672878264 ], [ -49.299391419318859, -27.901710504659885 ] ] ] } },
{ "type": "Feature", "properties": { "id": null, "CD_MUN": "4218954", "NM_MUN": "Urupema", "SIGLA_UF": "SC", "AREA_KM2": 350.472 }, "geometry": { "type": "Polygon", "coordinates": [ [ [ -49.744847668661848, -28.031910649008331 ], [ -49.770739359244381, -28.024248403158172 ], [ -49.79040262761697, -28.047170657259461 ], [ -49.810386463227466, -28.054800661385023 ], [ -49.822591562754305, -28.078746590242226 ], [ -49.838998447546352, -28.085193323075128 ], [ -49.849178721242801, -28.102352368904942 ], [ -49.868923489760618, -28.096540798046572 ], [ -49.877533527325625, -28.102447481992499 ], [ -49.874353210547305, -28.11211032685382 ], [ -49.898153064068921, -28.092644385629185 ], [ -49.909707973548251, -28.103158412019834 ], [ -49.907286513677739, -28.111504182431421 ], [ -49.926535036866824, -28.096363468561297 ], [ -49.930293099119112, -28.102910150740446 ], [ -49.941569096990328, -28.098728399060388 ], [ -49.942447487444475, -28.111188213530383 ], [ -49.958450493739051, -28.096026542539271 ], [ -49.968724945381098, -28.097843363720237 ], [ -49.97444444446193, -28.109522928455018 ], [ -49.982302869576486, -28.094074306115004 ], [ -49.988759492193068, -28.1038548332711 ], [ -50.000001078891849, -28.098333437934091 ], [ -50.010049141241588, -28.103701685079269 ], [ -50.00113483646772, -28.092301011262244 ], [ -50.005419932992503, -28.087661427092925 ], [ -50.018123088962412, -28.091754514030345 ], [ -50.023080108906761, -28.102615138960395 ], [ -50.054540976080034, -28.093551990176554 ], [ -50.042766921765754, -28.088999458663647 ], [ -50.053374618446071, -28.07781158022895 ], [ -50.040249472835299, -28.066762341210016 ], [ -50.015174594819413, -28.070246059552577 ], [ -50.017574321317866, -28.060947546179186 ], [ -50.010136074729836, -28.056477231063997 ], [ -50.017764488323401, -28.045271619680776 ], [ -50.00711332489896, -28.043938424368744 ], [ -50.011816788835922, -28.034272355334963 ], [ -49.994276146467996, -28.027354893322965 ], [ -50.002580105709811, -28.018145044692211 ], [ -50.001765104257501, -28.003171987789987 ], [ -49.987508012185195, -28.005885128914709 ], [ -49.981268723289226, -27.997344296069318 ], [ -49.966593263804739, -27.996038506223194 ], [ -49.964064948188259, -27.954380585959363 ], [ -49.865591039377868, -27.911473298867453 ], [ -49.840278905383641, -27.936699224191102 ], [ -49.855153587445358, -27.950943618117467 ], [ -49.822767240845131, -27.971184972818627 ], [ -49.807135512989944, -27.965589421515048 ], [ -49.793142843611051, -27.992986826990215 ], [ -49.782902803141432, -28.001222975538177 ], [ -49.773959520538149, -27.997350744414238 ], [ -49.744847668661848, -28.031910649008331 ] ] ] } },
{ "type": "Feature", "properties": { "id": null, "CD_MUN": "4219002", "NM_MUN": "Urussanga", "SIGLA_UF": "SC", "AREA_KM2": 254.954 }, "geometry": { "type": "Polygon", "coordinates": [ [ [ -49.213454043959239, -28.422538487519574 ], [ -49.235035282416248, -28.447825672119954 ], [ -49.233691435577121, -28.456208520514828 ], [ -49.255370474208405, -28.462600442415916 ], [ -49.256611087530246, -28.474117186441489 ], [ -49.27899102741052, -28.484495797588835 ], [ -49.290261591938716, -28.503839220260001 ], [ -49.26640921610128, -28.532729417583948 ], [ -49.251482011723745, -28.536463009292127 ], [ -49.256652743160032, -28.553210973133346 ], [ -49.249853819933477, -28.56730383095411 ], [ -49.260526716729984, -28.578087075745131 ], [ -49.254204116574442, -28.584524136060654 ], [ -49.252912792051127, -28.588689766878414 ], [ -49.275714721572257, -28.586529571330505 ], [ -49.314166490091964, -28.564253763807361 ], [ -49.335133760788239, -28.56818886629426 ], [ -49.350383343518011, -28.562359562487366 ], [ -49.385774328805731, -28.579757197079186 ], [ -49.389708069148853, -28.556151418416469 ], [ -49.401512912406893, -28.546064594876714 ], [ -49.401154311767883, -28.525392813152205 ], [ -49.407994890624217, -28.525399261497125 ], [ -49.409916482937319, -28.540710856507605 ], [ -49.421873459799784, -28.540836599233529 ], [ -49.427953370633972, -28.458902316604792 ], [ -49.397977617218231, -28.464820285154328 ], [ -49.380904242349629, -28.456102122823662 ], [ -49.367056462117816, -28.43677804518725 ], [ -49.363245877549708, -28.411766527332162 ], [ -49.337750821007297, -28.421861411303063 ], [ -49.328401848792204, -28.406515962481759 ], [ -49.309115292202016, -28.407010872954302 ], [ -49.288231332765307, -28.395671458414004 ], [ -49.286662907748209, -28.413900929500393 ], [ -49.259849359967404, -28.421311689898708 ], [ -49.238213788080238, -28.413320578457672 ], [ -49.238789722439869, -28.418829077104842 ], [ -49.213454043959239, -28.422538487519574 ] ] ] } },
{ "type": "Feature", "properties": { "id": null, "CD_MUN": "4219101", "NM_MUN": "Vargeão", "SIGLA_UF": "SC", "AREA_KM2": 166.685 }, "geometry": { "type": "Polygon", "coordinates": [ [ [ -52.067214229259967, -26.678006477269779 ], [ -52.070811102336137, -26.685346305873981 ], [ -52.049606575661521, -26.685473660686135 ], [ -52.057814545843392, -26.691040194437576 ], [ -52.047904128183376, -26.695025271597601 ], [ -52.061309996516613, -26.719101779439413 ], [ -52.037962921579606, -26.772336090919318 ], [ -52.075836944625344, -26.782300395905608 ], [ -52.103463682744113, -26.776743534671542 ], [ -52.109052781592581, -26.789541887249793 ], [ -52.133506447390381, -26.790433370934863 ], [ -52.147162249502323, -26.802158074084076 ], [ -52.139928658834535, -26.80495987995144 ], [ -52.136485730477133, -26.852766297095663 ], [ -52.114781336245109, -26.859022803753451 ], [ -52.166376361518971, -26.887845293455747 ], [ -52.141448183764496, -26.899560324087581 ], [ -52.140006536751088, -26.918405612113748 ], [ -52.148509718570132, -26.929427445666775 ], [ -52.159637205065586, -26.918009038901221 ], [ -52.162938866504589, -26.89435167347915 ], [ -52.204353618082003, -26.866746308880344 ], [ -52.185869385143747, -26.826131408407182 ], [ -52.198228429389353, -26.795606555646238 ], [ -52.177232180863662, -26.792861172796918 ], [ -52.167718397243767, -26.77818796393343 ], [ -52.153263893708569, -26.783104826934267 ], [ -52.123097973287287, -26.725342165234903 ], [ -52.132954057517154, -26.718058759648745 ], [ -52.131401932529094, -26.705216880742292 ], [ -52.144246355417408, -26.691364223769764 ], [ -52.147479194511547, -26.671632288317216 ], [ -52.137012764749628, -26.674446990874415 ], [ -52.131684466365897, -26.68654247385648 ], [ -52.116550794953781, -26.680630953651864 ], [ -52.116212116572491, -26.688652694731267 ], [ -52.090121203412728, -26.668695067206549 ], [ -52.096796970864268, -26.677482549245099 ], [ -52.086263529871822, -26.676634591888231 ], [ -52.086725364028126, -26.68677945053226 ], [ -52.067214229259967, -26.678006477269779 ] ] ] } },
{ "type": "Feature", "properties": { "id": null, "CD_MUN": "4219150", "NM_MUN": "Vargem", "SIGLA_UF": "SC", "AREA_KM2": 350.606 }, "geometry": { "type": "Polygon", "coordinates": [ [ [ -50.820722030276734, -27.436164182791927 ], [ -50.833653386653296, -27.476153593807929 ], [ -50.805644503409113, -27.483111357975677 ], [ -50.80169084080827, -27.494358883600874 ], [ -50.825360294097514, -27.503351100590603 ], [ -50.832644595966777, -27.515944718217671 ], [ -50.850676050320416, -27.509957429960256 ], [ -50.866472589580411, -27.531881802685309 ], [ -50.860691512612064, -27.543911190131951 ], [ -50.872836845365732, -27.545570026862396 ], [ -50.886016324406661, -27.536111916952258 ], [ -50.896346920593203, -27.561416834501166 ], [ -50.903533422288184, -27.553348342921101 ], [ -50.901952319470709, -27.538818609732065 ], [ -50.910694568382425, -27.534264466132928 ], [ -50.912427804804331, -27.557671958189381 ], [ -50.91926476143199, -27.560920311942393 ], [ -50.950439472539792, -27.550822203799033 ], [ -50.960119878678825, -27.555186121223056 ], [ -50.968677393928012, -27.549053745204958 ], [ -50.964263708285202, -27.54035653999528 ], [ -50.969767684759766, -27.534259629874239 ], [ -51.018182393255302, -27.531332081280951 ], [ -51.04176853528498, -27.504318352328475 ], [ -51.072856312904534, -27.512504526203312 ], [ -51.04815995778538, -27.493578633865656 ], [ -51.056808028751497, -27.460488951913128 ], [ -51.065843678186042, -27.454807960039371 ], [ -51.064900087615705, -27.439644676962029 ], [ -51.08711340497684, -27.439957421690607 ], [ -51.104197646531468, -27.424163812897419 ], [ -51.090005754575351, -27.415627816310717 ], [ -51.079604524929614, -27.418407052970863 ], [ -51.045564630938379, -27.39061307428317 ], [ -51.002715476804909, -27.394306363835604 ], [ -50.992287080444093, -27.402777876973115 ], [ -50.978667500618926, -27.397345146378747 ], [ -50.972527823011568, -27.380566552899161 ], [ -50.940802533144875, -27.389629701683003 ], [ -50.929993802772991, -27.37932685858846 ], [ -50.914438141720012, -27.382721912188384 ], [ -50.908899754073019, -27.375812510607531 ], [ -50.903383099798091, -27.385404423674743 ], [ -50.910839457529505, -27.392570146966129 ], [ -50.896935532753197, -27.400240453247438 ], [ -50.901744041321791, -27.413840012681888 ], [ -50.892300891161092, -27.41762035489073 ], [ -50.8917829124603, -27.428509997372917 ], [ -50.88231984004188, -27.423043412967722 ], [ -50.868980982939171, -27.434806806186451 ], [ -50.85050761668694, -27.427387985356987 ], [ -50.841716467688087, -27.445617456443376 ], [ -50.835593090109782, -27.441274496140341 ], [ -50.842162001815346, -27.432077544199426 ], [ -50.835060622494275, -27.428872716774617 ], [ -50.820722030276734, -27.436164182791927 ] ] ] } },
{ "type": "Feature", "properties": { "id": null, "CD_MUN": "4219176", "NM_MUN": "Vargem Bonita", "SIGLA_UF": "SC", "AREA_KM2": 299.807 }, "geometry": { "type": "Polygon", "coordinates": [ [ [ -51.724616596540763, -26.846517850869024 ], [ -51.724564074224944, -26.85262604559367 ], [ -51.702712979731501, -26.857244672642 ], [ -51.694030497592962, -26.851720053132532 ], [ -51.690623791522327, -26.889974859365289 ], [ -51.673144727041915, -26.884711397825047 ], [ -51.671212268042787, -26.909460145624681 ], [ -51.686452795200871, -26.91405781555202 ], [ -51.691116414622385, -26.930867038669973 ], [ -51.670370099875406, -26.93258068633223 ], [ -51.665885780773394, -26.926564380522681 ], [ -51.618021651036742, -26.938780769971977 ], [ -51.680615573688037, -26.957853362156545 ], [ -51.697029702937435, -26.986538824529308 ], [ -51.683752423722233, -26.99803783560635 ], [ -51.68403133533036, -27.008034382317238 ], [ -51.700593975955513, -27.00474411432225 ], [ -51.733402312196596, -27.039692531697721 ], [ -51.764473789787104, -27.042642649498223 ], [ -51.758971624426884, -27.051060963790153 ], [ -51.792681895608517, -27.050538647851702 ], [ -51.821241357611591, -27.015425797680795 ], [ -51.863056365457801, -26.981310828886119 ], [ -51.819544343476458, -26.937760319388524 ], [ -51.827670813513102, -26.907501460855492 ], [ -51.819738132710675, -26.902513666060543 ], [ -51.814652523648299, -26.867439505959151 ], [ -51.818021196317822, -26.851839347513536 ], [ -51.825001230978216, -26.850947863828466 ], [ -51.811689540590585, -26.845273320299629 ], [ -51.814650712533961, -26.854799137831421 ], [ -51.806393842264953, -26.850311089767704 ], [ -51.810485149555518, -26.856457974561867 ], [ -51.802737202415614, -26.865380871843715 ], [ -51.802543413181397, -26.858163561792978 ], [ -51.794185120509432, -26.859783708453911 ], [ -51.79638200220198, -26.853143525273431 ], [ -51.77071307868308, -26.853736773005991 ], [ -51.768534308133916, -26.83925379031762 ], [ -51.749381774004775, -26.846571049714605 ], [ -51.74795823813475, -26.841177009189749 ], [ -51.735265948850866, -26.853248310878367 ], [ -51.724616596540763, -26.846517850869024 ] ] ] } },
{ "type": "Feature", "properties": { "id": null, "CD_MUN": "4219200", "NM_MUN": "Vidal Ramos", "SIGLA_UF": "SC", "AREA_KM2": 346.932 }, "geometry": { "type": "Polygon", "coordinates": [ [ [ -49.221881158976061, -27.231379256936329 ], [ -49.234430370227209, -27.265590950904791 ], [ -49.247763793986906, -27.279458116653387 ], [ -49.242254384169328, -27.292893243292401 ], [ -49.223067438867751, -27.305615827817849 ], [ -49.224081662897284, -27.321230495039529 ], [ -49.278710304688055, -27.334046580566305 ], [ -49.311112951317327, -27.396094167464433 ], [ -49.295923135360717, -27.429295083366821 ], [ -49.294597399664973, -27.444156906319193 ], [ -49.301785712474292, -27.451483838233557 ], [ -49.292498318146706, -27.47376609410162 ], [ -49.326523723223225, -27.52533350841993 ], [ -49.319070987720494, -27.546353500770074 ], [ -49.328112070498051, -27.557123848871253 ], [ -49.31848418667483, -27.572237157275474 ], [ -49.325786599687476, -27.574390904478463 ], [ -49.33570426180485, -27.557779967966777 ], [ -49.350770921986445, -27.558764952653174 ], [ -49.363028543829095, -27.54919560879318 ], [ -49.36226244246393, -27.518488590288268 ], [ -49.35036342126029, -27.507250737180449 ], [ -49.358565958099149, -27.501739014360822 ], [ -49.35701926645411, -27.490515670029069 ], [ -49.343301886454661, -27.480151567657792 ], [ -49.350919433362193, -27.470859502629324 ], [ -49.357857812392808, -27.473211536438576 ], [ -49.349407152889583, -27.44313323156328 ], [ -49.357544489612259, -27.453378039553552 ], [ -49.362258820235255, -27.438253446545726 ], [ -49.36541378141284, -27.463556752008405 ], [ -49.372167426780933, -27.457130976296487 ], [ -49.3854102948237, -27.473790275395068 ], [ -49.38235675604907, -27.45161441721817 ], [ -49.396450847830913, -27.458443214487531 ], [ -49.404939540735249, -27.448875482713767 ], [ -49.427270580528379, -27.47244901965189 ], [ -49.4355799731132, -27.446573423577636 ], [ -49.466816262108509, -27.442375551035283 ], [ -49.458655380899437, -27.432348374686029 ], [ -49.469864367540126, -27.424542653161421 ], [ -49.462837243906925, -27.408165469153051 ], [ -49.469802789652618, -27.399302219061703 ], [ -49.470659446734707, -27.367075003242107 ], [ -49.452448692061559, -27.350049760569366 ], [ -49.412604176615581, -27.354050958591685 ], [ -49.390809226666633, -27.325425143409426 ], [ -49.362843810166574, -27.323205300671013 ], [ -49.347686594268055, -27.313764923709403 ], [ -49.327719058686604, -27.315306078145078 ], [ -49.320816901942763, -27.323255275344138 ], [ -49.311212562605945, -27.289704536729889 ], [ -49.317026239632376, -27.285637243172143 ], [ -49.299644975326238, -27.268618448844322 ], [ -49.30337949309213, -27.256119944304814 ], [ -49.286161229076455, -27.26120768844601 ], [ -49.275596999140255, -27.245530149861366 ], [ -49.257177966318181, -27.248080470276882 ], [ -49.252780580704417, -27.237616418559362 ], [ -49.221881158976061, -27.231379256936329 ] ] ] } },
{ "type": "Feature", "properties": { "id": null, "CD_MUN": "4219309", "NM_MUN": "Videira", "SIGLA_UF": "SC", "AREA_KM2": 384.127 }, "geometry": { "type": "Polygon", "coordinates": [ [ [ -51.192248592324063, -26.851317031575086 ], [ -51.177334065746898, -26.869727056319213 ], [ -51.179145180085349, -26.916580730501632 ], [ -51.163115007075703, -26.927941102162915 ], [ -51.159802478950667, -26.954416394314645 ], [ -51.151900587091994, -26.958965701655096 ], [ -51.142790681969572, -26.951735494914516 ], [ -51.137341038925172, -26.963863219621174 ], [ -51.125898418534817, -26.961541815450289 ], [ -51.117476736861015, -26.984325430135815 ], [ -51.069489451349348, -26.980303274992504 ], [ -51.063588840834669, -26.987752725460332 ], [ -51.027888154995075, -26.9906141785182 ], [ -51.013478929318339, -27.005667839731917 ], [ -51.006044304958984, -27.035159345219569 ], [ -50.976108396058692, -27.037245384800912 ], [ -50.970541030582282, -27.043743704393165 ], [ -50.970756553188558, -27.077607187735993 ], [ -50.984028399060747, -27.088811187032988 ], [ -50.983273164381615, -27.097919474231261 ], [ -50.995516297309557, -27.102110898428698 ], [ -50.993027826208518, -27.109231483305653 ], [ -51.013303251227505, -27.112666839061319 ], [ -51.008683098550115, -27.12025170477245 ], [ -51.019111494910931, -27.119697147109406 ], [ -51.023637469642722, -27.127881708898016 ], [ -51.033366775868892, -27.118247881588829 ], [ -51.043336960302078, -27.120659562588585 ], [ -51.032823441567359, -27.109176672373838 ], [ -51.052403398680383, -27.106790784753759 ], [ -51.052814521635206, -27.096520183383809 ], [ -51.066778213184683, -27.107147055810543 ], [ -51.063635929807468, -27.116829245706619 ], [ -51.076730286474486, -27.110970924347587 ], [ -51.078764167876571, -27.117954481895008 ], [ -51.069661507211499, -27.119663293298579 ], [ -51.070246497142826, -27.12487033182078 ], [ -51.083210453577472, -27.124825193406345 ], [ -51.099457960307738, -27.111689914806071 ], [ -51.088194640236892, -27.095380438419355 ], [ -51.10786515306684, -27.102633214367149 ], [ -51.114615176206257, -27.096402501089038 ], [ -51.121079043280197, -27.104298499442514 ], [ -51.129484424924961, -27.098306374926409 ], [ -51.135720091592255, -27.10938946775617 ], [ -51.129134879857638, -27.113139180326648 ], [ -51.143509694361939, -27.113205275862068 ], [ -51.142776193054871, -27.098623955913677 ], [ -51.157458896996708, -27.089509220370484 ], [ -51.183698321532226, -27.032945950826079 ], [ -51.20109588586741, -27.022449657383959 ], [ -51.195742231882939, -27.014429528390789 ], [ -51.201190063813009, -27.002579082515652 ], [ -51.215342111253683, -26.991534679755404 ], [ -51.210405013567055, -26.973793670796642 ], [ -51.222640902037647, -26.972420173328864 ], [ -51.217180392307213, -26.960439148469117 ], [ -51.231761673846101, -26.955344955983001 ], [ -51.231777973875147, -26.96166755817621 ], [ -51.252721700085026, -26.9615966263821 ], [ -51.253388190161573, -26.971464206194604 ], [ -51.26414077598897, -26.966642456281321 ], [ -51.258586088312939, -26.942074262139425 ], [ -51.266739725064653, -26.924578290287588 ], [ -51.273781337612562, -26.929211426111983 ], [ -51.283215432201565, -26.923053256714212 ], [ -51.267473226371727, -26.917535085549666 ], [ -51.275061795449844, -26.899644152571529 ], [ -51.287527695441419, -26.89540597787343 ], [ -51.274654294723696, -26.887956527405603 ], [ -51.285336247091891, -26.88759058383144 ], [ -51.278660479640351, -26.879081992710645 ], [ -51.284396278750236, -26.873797574049416 ], [ -51.244709330251702, -26.885770538478013 ], [ -51.241313490867107, -26.875163011086041 ], [ -51.227063643252151, -26.874113542950454 ], [ -51.213206807448643, -26.855329514201017 ], [ -51.192248592324063, -26.851317031575086 ] ] ] } },
{ "type": "Feature", "properties": { "id": null, "CD_MUN": "4219358", "NM_MUN": "Vitor Meireles", "SIGLA_UF": "SC", "AREA_KM2": 370.414 }, "geometry": { "type": "Polygon", "coordinates": [ [ [ -49.828685962503201, -26.706203477514919 ], [ -49.808981038500825, -26.713941491417877 ], [ -49.792521631392958, -26.749220386470455 ], [ -49.776967781454324, -26.756381273503152 ], [ -49.772240773030958, -26.773874021182529 ], [ -49.752461593340712, -26.77855229542136 ], [ -49.753941273755224, -26.793767165258053 ], [ -49.705522943031013, -26.846603291439202 ], [ -49.705664209949411, -26.868577638837376 ], [ -49.719053778253596, -26.858697162335034 ], [ -49.75253041568557, -26.88438092014794 ], [ -49.779816664308711, -26.892794398181181 ], [ -49.783848204826107, -26.884788777964076 ], [ -49.784154283149306, -26.894095351768616 ], [ -49.795500914479717, -26.887140811773332 ], [ -49.805036431471677, -26.898099773963398 ], [ -49.822191306485507, -26.892246288863056 ], [ -49.843792467200238, -26.906708314430439 ], [ -49.869032156620925, -26.909516568642722 ], [ -49.872685174241589, -26.917054683853188 ], [ -49.888235401951547, -26.905142978701321 ], [ -49.893310144327899, -26.912474746874373 ], [ -49.923213453170099, -26.912640791756044 ], [ -49.934654262446109, -26.926006598687174 ], [ -49.952490116451202, -26.927539692691699 ], [ -49.95864971631628, -26.917868787399229 ], [ -49.950074089923703, -26.904266003792319 ], [ -49.961701443976573, -26.901380369441007 ], [ -49.956789701890692, -26.891261304176655 ], [ -49.969422224401399, -26.869032247154177 ], [ -49.955395143850083, -26.853046800099644 ], [ -49.950088578838411, -26.807755237473884 ], [ -49.929469042095121, -26.79789249392007 ], [ -49.928434895807861, -26.789351661074679 ], [ -49.90593904460993, -26.7872688456658 ], [ -49.890776395368398, -26.74270433392967 ], [ -49.847219095528594, -26.709595306942383 ], [ -49.828685962503201, -26.706203477514919 ] ] ] } },
{ "type": "Feature", "properties": { "id": null, "CD_MUN": "4219408", "NM_MUN": "Witmarsum", "SIGLA_UF": "SC", "AREA_KM2": 153.776 }, "geometry": { "type": "Polygon", "coordinates": [ [ [ -49.769395512405247, -26.888807708934927 ], [ -49.758590404262037, -26.903916181080454 ], [ -49.709047371533643, -26.917963900486786 ], [ -49.713884857931653, -26.940982879761862 ], [ -49.730777121366408, -26.960534261556674 ], [ -49.758498037430776, -26.960097386188401 ], [ -49.765816750472467, -26.967624216795262 ], [ -49.774506477068364, -26.962396221152073 ], [ -49.771413093778285, -26.953852164134222 ], [ -49.793054099008465, -26.954361583382834 ], [ -49.789520614934148, -26.942172599399441 ], [ -49.802267237648181, -26.959831391960488 ], [ -49.819318879144717, -26.954908080614729 ], [ -49.814204292252924, -26.942925443668752 ], [ -49.827557638270342, -26.943757280163318 ], [ -49.838167146065004, -26.946920193346152 ], [ -49.839487448417735, -26.960384337537302 ], [ -49.847231773328964, -26.959531543921749 ], [ -49.847679118570561, -26.947714951857435 ], [ -49.860561574859979, -26.94918839867146 ], [ -49.862012277445082, -26.973672764329407 ], [ -49.872761241043804, -26.950695699296308 ], [ -49.886187031634762, -26.960102222447091 ], [ -49.881148511545177, -26.985573184877666 ], [ -49.890441339215784, -26.978426806621037 ], [ -49.892864610200633, -26.960801867870817 ], [ -49.900266634501897, -26.968509252135412 ], [ -49.904294552790617, -26.961902922765759 ], [ -49.914159692592172, -26.963921254725449 ], [ -49.909787662579149, -26.979948616021954 ], [ -49.916173651736528, -26.993401475609495 ], [ -49.899299499445164, -26.992872711326125 ], [ -49.897066395465849, -26.999437126453802 ], [ -49.946305160985382, -26.99471048962808 ], [ -49.960315941507659, -26.956832911573091 ], [ -49.951454159049604, -26.927683168366151 ], [ -49.934654262446109, -26.926006598687174 ], [ -49.923213453170099, -26.912640791756044 ], [ -49.893310144327899, -26.912474746874373 ], [ -49.888235401951547, -26.905142978701321 ], [ -49.872685174241589, -26.917054683853188 ], [ -49.869032156620925, -26.909516568642722 ], [ -49.843792467200238, -26.906708314430439 ], [ -49.822191306485507, -26.892246288863056 ], [ -49.805036431471677, -26.898099773963398 ], [ -49.795500914479717, -26.887140811773332 ], [ -49.784154283149306, -26.894095351768616 ], [ -49.783848204826107, -26.884788777964076 ], [ -49.780271254007658, -26.892746035594286 ], [ -49.769395512405247, -26.888807708934927 ] ] ] } },
{ "type": "Feature", "properties": { "id": null, "CD_MUN": "4219507", "NM_MUN": "Xanxerê", "SIGLA_UF": "SC", "AREA_KM2": 377.426 }, "geometry": { "type": "Polygon", "coordinates": [ [ [ -52.42952040821023, -26.767374089504042 ], [ -52.440251260665562, -26.771273726093888 ], [ -52.42043766980288, -26.781200953096892 ], [ -52.416759296581482, -26.794508724923755 ], [ -52.408770471234568, -26.782263317922322 ], [ -52.369918446446064, -26.794255627385681 ], [ -52.363485368315878, -26.786250007168576 ], [ -52.344986646462914, -26.788879319809354 ], [ -52.337124599119683, -26.808401684052026 ], [ -52.325330622547675, -26.812101421949379 ], [ -52.322371261718644, -26.832940860641788 ], [ -52.307400590596991, -26.845387778421944 ], [ -52.314909470644217, -26.866931698796769 ], [ -52.294992646264241, -26.887698593608835 ], [ -52.30778635795108, -26.899645764657759 ], [ -52.321509171293542, -26.943529976004921 ], [ -52.355152431244655, -26.942936728272358 ], [ -52.345051846579096, -26.959072099346258 ], [ -52.351760214088728, -26.970495342370505 ], [ -52.370311458257504, -26.967690312330681 ], [ -52.377188259400612, -26.973058559475859 ], [ -52.374366543261303, -26.982861655839173 ], [ -52.38349274841277, -26.976809884132564 ], [ -52.394741579568908, -26.987725319994428 ], [ -52.393261899154389, -26.998115215745379 ], [ -52.404751608517536, -26.989624357573113 ], [ -52.426227802342922, -27.012211297738606 ], [ -52.440847117282914, -26.99299200570713 ], [ -52.452651960540955, -26.995079657374699 ], [ -52.457683236173182, -26.954192314328708 ], [ -52.480715177215288, -26.921537895658215 ], [ -52.478650506869457, -26.893839030058082 ], [ -52.466365718311721, -26.892315608570936 ], [ -52.473197241596374, -26.84922454364883 ], [ -52.528535840207816, -26.830195477792468 ], [ -52.534798673590188, -26.808959465887533 ], [ -52.506177633699608, -26.79410247919385 ], [ -52.522274817939781, -26.789496748835358 ], [ -52.521494227659907, -26.775436132739188 ], [ -52.498761120483643, -26.788537557528638 ], [ -52.502644149625283, -26.776709680860719 ], [ -52.492728298622254, -26.769352119307989 ], [ -52.499425799445852, -26.754317803129027 ], [ -52.489709171020053, -26.763851681091968 ], [ -52.467137253019906, -26.766108601813663 ], [ -52.461214909133162, -26.75125322720621 ], [ -52.441397696041804, -26.74903822072649 ], [ -52.430996466396067, -26.752789545383195 ], [ -52.42952040821023, -26.767374089504042 ] ] ] } },
{ "type": "Feature", "properties": { "id": null, "CD_MUN": "4219606", "NM_MUN": "Xavantina", "SIGLA_UF": "SC", "AREA_KM2": 218.032 }, "geometry": { "type": "Polygon", "coordinates": [ [ [ -52.233813203911289, -26.947270016058017 ], [ -52.251377390765605, -27.06862303117741 ], [ -52.31247171074466, -27.09110034947928 ], [ -52.34453205676396, -27.090689267490685 ], [ -52.344814590600762, -27.084972809719872 ], [ -52.399850733117681, -27.090241107518803 ], [ -52.403545406368124, -27.034454863537157 ], [ -52.413312745995405, -27.034957834440846 ], [ -52.418997833903816, -27.006398114794006 ], [ -52.404751608517536, -26.989624357573113 ], [ -52.393261899154389, -26.998115215745379 ], [ -52.394741579568908, -26.987725319994428 ], [ -52.38349274841277, -26.976809884132564 ], [ -52.374366543261303, -26.982861655839173 ], [ -52.377188259400612, -26.973058559475859 ], [ -52.370311458257504, -26.967690312330681 ], [ -52.351743914059682, -26.970479221508207 ], [ -52.345051846579096, -26.959072099346258 ], [ -52.355179597959726, -26.942956073307116 ], [ -52.339471803302324, -26.943093100636649 ], [ -52.339531570075494, -26.964061506227438 ], [ -52.313726812981209, -26.975637897443512 ], [ -52.309093982503441, -26.953489444732522 ], [ -52.291564206821548, -26.9615966263821 ], [ -52.28121549949163, -26.946475257546734 ], [ -52.266311839600498, -26.95988297871984 ], [ -52.259520160831293, -26.946073848075518 ], [ -52.264294258227459, -26.943823375698742 ], [ -52.254593929830698, -26.938198806843026 ], [ -52.242483008249465, -26.953039672674411 ], [ -52.233813203911289, -26.947270016058017 ] ] ] } },
{ "type": "Feature", "properties": { "id": null, "CD_MUN": "4219705", "NM_MUN": "Xaxim", "SIGLA_UF": "SC", "AREA_KM2": 293.628 }, "geometry": { "type": "Polygon", "coordinates": [ [ [ -52.470471514517001, -26.856770719290445 ], [ -52.466365718311721, -26.892315608570936 ], [ -52.478650506869457, -26.893839030058082 ], [ -52.480715177215288, -26.921537895658215 ], [ -52.457683236173182, -26.954192314328708 ], [ -52.45136063601764, -26.992490646889667 ], [ -52.466599352061387, -27.014510132702277 ], [ -52.461803521293163, -27.026879670343405 ], [ -52.435489841069767, -27.031395123873025 ], [ -52.450775646086313, -27.036961657624467 ], [ -52.444909446744063, -27.051610685194508 ], [ -52.451335280416899, -27.057593137193233 ], [ -52.460439752196308, -27.043261690610461 ], [ -52.479248174601146, -27.045507326728551 ], [ -52.458433037509295, -27.07793121706818 ], [ -52.479125018826132, -27.073120751758506 ], [ -52.488445013211809, -27.090715060870362 ], [ -52.515749372978334, -27.094748500617278 ], [ -52.513858569608992, -27.084286060985985 ], [ -52.551699992596639, -27.071321663526067 ], [ -52.562586600885076, -27.059588899945705 ], [ -52.554001918920811, -27.059451872616176 ], [ -52.556979390893225, -27.054346395526451 ], [ -52.572189129107556, -27.051317285500687 ], [ -52.57186856186965, -27.039595806523934 ], [ -52.585497197266513, -27.034727306109989 ], [ -52.584656840213469, -26.973800119141561 ], [ -52.593812023194353, -26.981375312335313 ], [ -52.590524850670064, -26.96189163816215 ], [ -52.631053967335973, -26.922605096742334 ], [ -52.616362207822441, -26.907183879868228 ], [ -52.635766486844631, -26.879048138899819 ], [ -52.622827886010718, -26.874477874438384 ], [ -52.620801249065991, -26.86484565921543 ], [ -52.60735191398863, -26.885520665112399 ], [ -52.587692267844723, -26.893302205343563 ], [ -52.557269169187379, -26.885473914611737 ], [ -52.552634527595274, -26.874966336566008 ], [ -52.526815281586288, -26.877558571223499 ], [ -52.470471514517001, -26.856770719290445 ] ] ] } },
{ "type": "Feature", "properties": { "id": null, "CD_MUN": "4219853", "NM_MUN": "Zortéa", "SIGLA_UF": "SC", "AREA_KM2": 190.179 }, "geometry": { "type": "Polygon", "coordinates": [ [ [ -51.534190601652753, -27.538310802569683 ], [ -51.560855638057802, -27.583083273429455 ], [ -51.579477515685781, -27.575956240207582 ], [ -51.587383029773129, -27.565625991647131 ], [ -51.57768632360505, -27.530126240781073 ], [ -51.584869203071356, -27.522183491926931 ], [ -51.614984412291157, -27.545389473204661 ], [ -51.629886261067952, -27.542861721996363 ], [ -51.61949408699391, -27.500281688409096 ], [ -51.631021829758161, -27.482018363511884 ], [ -51.619338331160797, -27.478634594515569 ], [ -51.609511224760354, -27.488529579793976 ], [ -51.600162252545253, -27.486914269391733 ], [ -51.592186104998703, -27.474839743530659 ], [ -51.582199620536471, -27.475940798425601 ], [ -51.574158272873738, -27.463542243232336 ], [ -51.561752139655333, -27.460606634207902 ], [ -51.553821269967244, -27.398773454778333 ], [ -51.519969731867214, -27.38764199936168 ], [ -51.47990244935761, -27.398299501426777 ], [ -51.467563327369724, -27.388552828081508 ], [ -51.462405273733808, -27.402183017154325 ], [ -51.473724738349141, -27.423001498725746 ], [ -51.465435268022041, -27.434382827508017 ], [ -51.445837199765634, -27.42148291349729 ], [ -51.44898491648587, -27.429809338874122 ], [ -51.439980055995079, -27.437984228145353 ], [ -51.445391665638375, -27.461411065236561 ], [ -51.462912385748574, -27.466838959572243 ], [ -51.468128395043323, -27.482277909394877 ], [ -51.498205570862019, -27.48433170725162 ], [ -51.49346045129527, -27.496324016714979 ], [ -51.506889864114903, -27.50978010047498 ], [ -51.507014831004255, -27.530123016608613 ], [ -51.520638033058106, -27.524203435972851 ], [ -51.522130391272988, -27.534769049122851 ], [ -51.534190601652753, -27.538310802569683 ] ] ] } },
{ "type": "Feature", "properties": { "id": null, "CD_MUN": "4220000", "NM_MUN": "Balneário Rincão", "SIGLA_UF": "SC", "AREA_KM2": 63.42 }, "geometry": { "type": "Polygon", "coordinates": [ [ [ -49.204988895541305, -28.776578416959655 ], [ -49.207386810925421, -28.786394410012804 ], [ -49.188598310778303, -28.803900054382019 ], [ -49.289156812192253, -28.882519887722321 ], [ -49.329618917627641, -28.864927190696697 ], [ -49.253640860015182, -28.802466909723744 ], [ -49.240488547689338, -28.777482797334564 ], [ -49.213718466652651, -28.769006447938363 ], [ -49.204988895541305, -28.776578416959655 ] ] ] } }
]
}
